id,company,origin,destination,departure,arrival,duration,vehicle_type,vehicle_class,price,fare,seats,meta,insert_date
1,renfe,MADRID,BARCELONA,2019-04-18 05:50:00,2019-04-18 08:55:00,3.08,AVE,Preferente,68.95,Promo,,{},2019-04-11 21:49:46
2,renfe,MADRID,BARCELONA,2019-04-18 13:25:00,2019-04-18 16:24:00,2.98,AVE-TGV,Turista,107.7,Flexible,,{},2019-04-11 21:49:46
3,renfe,MADRID,BARCELONA,2019-04-18 06:30:00,2019-04-18 09:20:00,2.83,AVE,Turista,75.4,Promo,,{},2019-04-11 21:49:46
4,renfe,MADRID,BARCELONA,2019-04-18 15:30:00,2019-04-18 18:40:00,3.17,AVE,Preferente,,Promo,,{},2019-04-11 21:49:46
5,renfe,MADRID,BARCELONA,2019-04-18 07:00:00,2019-04-18 09:30:00,2.5,AVE,Turista Plus,106.75,Promo,,{},2019-04-11 21:49:46
6,renfe,MADRID,BARCELONA,2019-04-18 06:30:00,2019-04-18 09:20:00,2.83,AVE,Turista,75.4,Promo,,{},2019-04-11 21:49:46
7,renfe,MADRID,BARCELONA,2019-04-18 07:30:00,2019-04-18 10:40:00,3.17,AVE,Turista Plus,90.5,Promo,,{},2019-04-11 21:49:46
8,renfe,MADRID,BARCELONA,2019-04-18 19:00:00,2019-04-18 21:30:00,2.5,AVE,Preferente,115.65,Promo,,{},2019-04-11 21:49:46
9,renfe,MADRID,BARCELONA,2019-04-18 08:00:00,2019-04-18 10:30:00,2.5,AVE,Turista,88.95,Promo,,{},2019-04-11 21:49:46
10,renfe,MADRID,BARCELONA,2019-04-18 08:00:00,2019-04-18 10:30:00,2.5,AVE,Turista,88.95,Promo,,{},2019-04-11 21:49:46
11,renfe,MADRID,BARCELONA,2019-04-18 08:30:00,2019-04-18 11:15:00,2.75,AVE,Turista,107.7,Flexible,,{},2019-04-11 21:49:46
12,renfe,MADRID,BARCELONA,2019-04-18 19:30:00,2019-04-18 22:40:00,3.17,AVE,Turista,85.1,Promo,,{},2019-04-11 21:49:46
13,renfe,MADRID,BARCELONA,2019-04-18 09:30:00,2019-04-18 12:34:00,3.07,AVE,Turista,107.7,Flexible,,{},2019-04-11 21:49:46
14,renfe,MADRID,BARCELONA,2019-04-18 16:30:00,2019-04-18 19:15:00,2.75,AVE,Turista Plus,102.15,Promo,,{},2019-04-11 21:49:46
15,renfe,MADRID,BARCELONA,2019-04-18 10:30:00,2019-04-18 13:15:00,2.75,AVE,Turista Plus,102.15,Promo,,{},2019-04-11 21:49:46
16,renfe,MADRID,BARCELONA,2019-04-18 11:30:00,2019-04-18 14:40:00,3.17,AVE,Turista Plus,102.15,Promo,,{},2019-04-11 21:49:46
17,renfe,MADRID,BARCELONA,2019-04-18 11:30:00,2019-04-18 14:40:00,3.17,AVE,Turista Plus,102.15,Promo,,{},2019-04-11 21:49:46
18,renfe,MADRID,BARCELONA,2019-04-18 18:30:00,2019-04-18 21:20:00,2.83,AVE,Turista Plus,90.5,Promo,,{},2019-04-11 21:49:46
19,renfe,MADRID,BARCELONA,2019-04-18 12:30:00,2019-04-18 15:30:00,3.0,AVE,Turista,107.7,Flexible,,{},2019-04-11 21:49:46
20,renfe,MADRID,BARCELONA,2019-04-18 07:30:00,2019-04-18 10:40:00,3.17,AVE,Turista Plus,90.5,Promo,,{},2019-04-11 21:49:46
21,renfe,MADRID,BARCELONA,2019-04-18 13:25:00,2019-04-18 16:24:00,2.98,AVE-TGV,Turista,107.7,Flexible,,{},2019-04-11 21:49:46
22,renfe,MADRID,BARCELONA,2019-04-18 10:30:00,2019-04-18 13:15:00,2.75,AVE,Turista Plus,102.15,Promo,,{},2019-04-11 21:49:46
23,renfe,MADRID,BARCELONA,2019-04-18 14:00:00,2019-04-18 16:30:00,2.5,AVE,Turista,100.4,Promo,,{},2019-04-11 21:49:46
24,renfe,MADRID,BARCELONA,2019-04-18 09:30:00,2019-04-18 12:34:00,3.07,AVE,Turista,107.7,Flexible,,{},2019-04-11 21:49:46
25,renfe,MADRID,BARCELONA,2019-04-18 14:30:00,2019-04-18 17:21:00,2.85,AVE,Turista,107.7,Flexible,,{},2019-04-11 21:49:46
26,renfe,MADRID,BARCELONA,2019-04-18 12:30:00,2019-04-18 15:30:00,3.0,AVE,Turista,107.7,Flexible,,{},2019-04-11 21:49:46
27,renfe,MADRID,BARCELONA,2019-04-18 15:30:00,2019-04-18 18:40:00,3.17,AVE,Preferente,,Promo,,{},2019-04-11 21:49:46
28,renfe,MADRID,BARCELONA,2019-04-18 21:25:00,2019-04-18 23:55:00,2.5,AVE,,,,,{},2019-04-11 21:49:46
29,renfe,MADRID,BARCELONA,2019-04-18 16:30:00,2019-04-18 19:15:00,2.75,AVE,Turista Plus,102.15,Promo,,{},2019-04-11 21:49:46
30,renfe,MADRID,BARCELONA,2019-04-18 17:30:00,2019-04-18 20:40:00,3.17,AVE,Turista,75.4,Promo,,{},2019-04-11 21:49:46
31,renfe,MADRID,BARCELONA,2019-04-18 18:30:00,2019-04-18 21:20:00,2.83,AVE,Turista Plus,90.5,Promo,,{},2019-04-11 21:49:46
32,renfe,MADRID,BARCELONA,2019-04-18 19:00:00,2019-04-18 21:30:00,2.5,AVE,Preferente,115.65,Promo,,{},2019-04-11 21:49:46
33,renfe,MADRID,BARCELONA,2019-04-18 19:30:00,2019-04-18 22:40:00,3.17,AVE,Turista,85.1,Promo,,{},2019-04-11 21:49:46
34,renfe,MADRID,BARCELONA,2019-04-18 20:30:00,2019-04-18 23:40:00,3.17,AVE,Turista,85.1,Promo,,{},2019-04-11 21:49:46
35,renfe,MADRID,BARCELONA,2019-04-18 21:25:00,2019-04-18 23:55:00,2.5,AVE,,,,,{},2019-04-11 21:49:46
36,renfe,MADRID,BARCELONA,2019-04-18 14:00:00,2019-04-18 16:30:00,2.5,AVE,Turista,100.4,Promo,,{},2019-04-11 21:49:46
37,renfe,MADRID,BARCELONA,2019-04-18 05:50:00,2019-04-18 08:55:00,3.08,AVE,Preferente,68.95,Promo,,{},2019-04-11 21:49:46
38,renfe,MADRID,BARCELONA,2019-04-18 14:30:00,2019-04-18 17:21:00,2.85,AVE,Turista,107.7,Flexible,,{},2019-04-11 21:49:46
39,renfe,MADRID,BARCELONA,2019-04-18 08:30:00,2019-04-18 11:15:00,2.75,AVE,Turista,107.7,Flexible,,{},2019-04-11 21:49:46
40,renfe,MADRID,BARCELONA,2019-04-18 17:30:00,2019-04-18 20:40:00,3.17,AVE,Turista,75.4,Promo,,{},2019-04-11 21:49:46
41,renfe,MADRID,BARCELONA,2019-04-18 07:00:00,2019-04-18 09:30:00,2.5,AVE,Turista Plus,106.75,Promo,,{},2019-04-11 21:49:46
42,renfe,MADRID,BARCELONA,2019-04-18 20:30:00,2019-04-18 23:40:00,3.17,AVE,Turista,85.1,Promo,,{},2019-04-11 21:49:46
43,renfe,MADRID,BARCELONA,2019-05-18 20:30:00,2019-05-18 23:40:00,3.17,AVE,Turista Plus,69.8,Promo,,{},2019-04-11 21:49:48
44,renfe,MADRID,BARCELONA,2019-05-18 06:20:00,2019-05-18 09:29:00,3.15,AVE,Turista,66.75,Promo,,{},2019-04-11 21:49:48
45,renfe,MADRID,BARCELONA,2019-05-18 07:30:00,2019-05-18 10:40:00,3.17,AVE,Turista,85.1,Promo,,{},2019-04-11 21:49:48
46,renfe,MADRID,BARCELONA,2019-05-18 07:30:00,2019-05-18 10:40:00,3.17,AVE,Turista,85.1,Promo,,{},2019-04-11 21:49:48
47,renfe,MADRID,BARCELONA,2019-05-18 09:30:00,2019-05-18 12:34:00,3.07,AVE,Turista,85.1,Promo,,{},2019-04-11 21:49:48
48,renfe,MADRID,BARCELONA,2019-05-18 08:30:00,2019-05-18 11:15:00,2.75,AVE,Turista,85.1,Promo,,{},2019-04-11 21:49:48
49,renfe,MADRID,BARCELONA,2019-05-18 08:30:00,2019-05-18 11:15:00,2.75,AVE,Turista,85.1,Promo,,{},2019-04-11 21:49:48
50,renfe,MADRID,BARCELONA,2019-05-18 09:30:00,2019-05-18 12:34:00,3.07,AVE,Turista,85.1,Promo,,{},2019-04-11 21:49:48
51,renfe,MADRID,BARCELONA,2019-05-18 13:25:00,2019-05-18 16:24:00,2.98,AVE-TGV,Turista,75.4,Promo,,{},2019-04-11 21:49:48
52,renfe,MADRID,BARCELONA,2019-05-18 10:30:00,2019-05-18 13:15:00,2.75,AVE,Turista,75.4,Promo,,{},2019-04-11 21:49:48
53,renfe,MADRID,BARCELONA,2019-05-18 17:30:00,2019-05-18 20:40:00,3.17,AVE,Turista,75.4,Promo,,{},2019-04-11 21:49:48
54,renfe,MADRID,BARCELONA,2019-05-18 11:30:00,2019-05-18 14:40:00,3.17,AVE,Turista,75.4,Promo,,{},2019-04-11 21:49:48
55,renfe,MADRID,BARCELONA,2019-05-18 18:30:00,2019-05-18 21:20:00,2.83,AVE,Turista,75.4,Promo,,{},2019-04-11 21:49:48
56,renfe,MADRID,BARCELONA,2019-05-18 12:30:00,2019-05-18 15:30:00,3.0,AVE,Turista,75.4,Promo,,{},2019-04-11 21:49:48
57,renfe,MADRID,BARCELONA,2019-05-18 15:30:00,2019-05-18 18:40:00,3.17,AVE,Preferente,86.8,Promo,,{},2019-04-11 21:49:48
58,renfe,MADRID,BARCELONA,2019-05-18 13:25:00,2019-05-18 16:24:00,2.98,AVE-TGV,Turista,75.4,Promo,,{},2019-04-11 21:49:48
59,renfe,MADRID,BARCELONA,2019-05-18 15:30:00,2019-05-18 18:40:00,3.17,AVE,Preferente,86.8,Promo,,{},2019-04-11 21:49:48
60,renfe,MADRID,BARCELONA,2019-05-18 16:30:00,2019-05-18 19:15:00,2.75,AVE,Turista Plus,80.15,Promo,,{},2019-04-11 21:49:48
61,renfe,MADRID,BARCELONA,2019-05-18 17:30:00,2019-05-18 20:40:00,3.17,AVE,Turista,75.4,Promo,,{},2019-04-11 21:49:48
62,renfe,MADRID,BARCELONA,2019-05-18 18:30:00,2019-05-18 21:20:00,2.83,AVE,Turista,75.4,Promo,,{},2019-04-11 21:49:48
63,renfe,MADRID,BARCELONA,2019-05-18 19:30:00,2019-05-18 22:40:00,3.17,AVE,Turista Plus,49.15,Promo,,{},2019-04-11 21:49:48
64,renfe,MADRID,BARCELONA,2019-05-18 20:30:00,2019-05-18 23:40:00,3.17,AVE,Turista Plus,69.8,Promo,,{},2019-04-11 21:49:48
65,renfe,MADRID,BARCELONA,2019-05-18 16:30:00,2019-05-18 19:15:00,2.75,AVE,Turista Plus,80.15,Promo,,{},2019-04-11 21:49:48
66,renfe,MADRID,BARCELONA,2019-05-18 19:30:00,2019-05-18 22:40:00,3.17,AVE,Turista Plus,49.15,Promo,,{},2019-04-11 21:49:48
67,renfe,MADRID,BARCELONA,2019-05-18 12:30:00,2019-05-18 15:30:00,3.0,AVE,Turista,75.4,Promo,,{},2019-04-11 21:49:48
68,renfe,MADRID,BARCELONA,2019-05-18 10:30:00,2019-05-18 13:15:00,2.75,AVE,Turista,75.4,Promo,,{},2019-04-11 21:49:48
69,renfe,MADRID,BARCELONA,2019-05-18 11:30:00,2019-05-18 14:40:00,3.17,AVE,Turista,75.4,Promo,,{},2019-04-11 21:49:48
70,renfe,MADRID,BARCELONA,2019-05-18 06:20:00,2019-05-18 09:29:00,3.15,AVE,Turista,66.75,Promo,,{},2019-04-11 21:49:48
71,renfe,MADRID,BARCELONA,2019-05-22 16:30:00,2019-05-22 19:15:00,2.75,AVE,Turista Plus,90.5,Promo,,{},2019-04-11 21:50:04
72,renfe,MADRID,BARCELONA,2019-05-22 06:10:00,2019-05-22 08:40:00,2.5,AVE,Turista,85.1,Promo,,{},2019-04-11 21:50:04
73,renfe,MADRID,BARCELONA,2019-05-22 17:30:00,2019-05-22 20:40:00,3.17,AVE,Turista,85.1,Promo,,{},2019-04-11 21:50:04
74,renfe,MADRID,BARCELONA,2019-05-22 06:30:00,2019-05-22 09:20:00,2.83,AVE,Turista,40.95,Promo,,{},2019-04-11 21:50:04
75,renfe,MADRID,BARCELONA,2019-04-22 16:30:00,2019-04-22 19:15:00,2.75,AVE,Preferente,181.5,Flexible,,{},2019-04-11 21:50:04
76,renfe,MADRID,BARCELONA,2019-05-22 07:00:00,2019-05-22 09:30:00,2.5,AVE,Turista Plus,94.55,Promo,,{},2019-04-11 21:50:04
77,renfe,MADRID,BARCELONA,2019-04-22 07:00:00,2019-04-22 09:30:00,2.5,AVE,Turista Plus,106.75,Promo,,{},2019-04-11 21:50:04
78,renfe,MADRID,BARCELONA,2019-05-22 07:15:00,2019-05-22 16:37:00,9.37,R. EXPRES,Turista,43.25,Adulto ida,,{},2019-04-11 21:50:04
79,renfe,MADRID,BARCELONA,2019-04-22 08:00:00,2019-04-22 10:30:00,2.5,AVE,Turista,100.4,Promo,,{},2019-04-11 21:50:04
80,renfe,MADRID,BARCELONA,2019-05-22 07:20:00,2019-05-22 09:50:00,2.5,AVE,Turista,100.4,Promo,,{},2019-04-11 21:50:04
81,renfe,MADRID,BARCELONA,2019-05-22 08:00:00,2019-05-22 10:30:00,2.5,AVE,Turista,100.4,Promo,,{},2019-04-11 21:50:04
82,renfe,MADRID,BARCELONA,2019-05-22 07:30:00,2019-05-22 10:40:00,3.17,AVE,Turista,85.1,Promo,,{},2019-04-11 21:50:04
83,renfe,MADRID,BARCELONA,2019-04-22 14:30:00,2019-04-22 17:21:00,2.85,AVE,Turista,107.7,Flexible,,{},2019-04-11 21:50:04
84,renfe,MADRID,BARCELONA,2019-05-22 08:00:00,2019-05-22 10:30:00,2.5,AVE,Turista,100.4,Promo,,{},2019-04-11 21:50:04
85,renfe,MADRID,BARCELONA,2019-04-22 05:50:00,2019-04-22 08:55:00,3.08,AVE,Turista,66.75,Promo,,{},2019-04-11 21:50:04
86,renfe,MADRID,BARCELONA,2019-05-22 08:20:00,2019-05-22 11:05:00,2.75,AVE,Turista,40.95,Promo,,{},2019-04-11 21:50:04
87,renfe,MADRID,BARCELONA,2019-05-22 09:30:00,2019-05-22 12:34:00,3.07,AVE,Turista,85.1,Promo,,{},2019-04-11 21:50:04
88,renfe,MADRID,BARCELONA,2019-05-22 08:30:00,2019-05-22 11:15:00,2.75,AVE,Turista,75.4,Promo,,{},2019-04-11 21:50:04
89,renfe,MADRID,BARCELONA,2019-04-22 06:30:00,2019-04-22 09:20:00,2.83,AVE,Turista,75.4,Promo,,{},2019-04-11 21:50:04
90,renfe,MADRID,BARCELONA,2019-05-22 09:00:00,2019-05-22 11:45:00,2.75,AVE,Turista,85.1,Promo,,{},2019-04-11 21:50:04
91,renfe,MADRID,BARCELONA,2019-04-22 10:30:00,2019-04-22 13:15:00,2.75,AVE,Turista,107.7,Flexible,,{},2019-04-11 21:50:04
92,renfe,MADRID,BARCELONA,2019-05-22 09:30:00,2019-05-22 12:34:00,3.07,AVE,Turista,85.1,Promo,,{},2019-04-11 21:50:04
93,renfe,MADRID,BARCELONA,2019-05-22 06:10:00,2019-05-22 08:40:00,2.5,AVE,Turista,85.1,Promo,,{},2019-04-11 21:50:04
94,renfe,MADRID,BARCELONA,2019-05-22 10:30:00,2019-05-22 13:15:00,2.75,AVE,Turista,85.1,Promo,,{},2019-04-11 21:50:04
95,renfe,MADRID,BARCELONA,2019-04-22 19:30:00,2019-04-22 22:40:00,3.17,AVE,Preferente,181.5,Flexible,,{},2019-04-11 21:50:04
96,renfe,MADRID,BARCELONA,2019-05-22 11:30:00,2019-05-22 14:40:00,3.17,AVE,Turista,85.1,Promo,,{},2019-04-11 21:50:04
97,renfe,MADRID,BARCELONA,2019-05-22 17:00:00,2019-05-22 19:30:00,2.5,AVE,Turista,100.4,Promo,,{},2019-04-11 21:50:04
98,renfe,MADRID,BARCELONA,2019-05-22 12:30:00,2019-05-22 15:30:00,3.0,AVE,Turista Plus,90.5,Promo,,{},2019-04-11 21:50:04
99,renfe,MADRID,BARCELONA,2019-05-22 15:30:00,2019-05-22 18:40:00,3.17,AVE,Turista,85.1,Promo,,{},2019-04-11 21:50:04
100,renfe,MADRID,BARCELONA,2019-05-22 13:25:00,2019-05-22 16:24:00,2.98,AVE-TGV,Turista,40.95,Promo,,{},2019-04-11 21:50:04
101,renfe,MADRID,BARCELONA,2019-05-22 11:30:00,2019-05-22 14:40:00,3.17,AVE,Turista,85.1,Promo,,{},2019-04-11 21:50:04
102,renfe,MADRID,BARCELONA,2019-05-22 14:00:00,2019-05-22 16:30:00,2.5,AVE,Turista,78.8,Promo,,{},2019-04-11 21:50:04
103,renfe,MADRID,BARCELONA,2019-04-22 21:25:00,2019-04-22 23:55:00,2.5,AVE,Turista,107.7,Flexible,,{},2019-04-11 21:50:04
104,renfe,MADRID,BARCELONA,2019-05-22 14:30:00,2019-05-22 17:21:00,2.85,AVE,Turista,66.75,Promo,,{},2019-04-11 21:50:04
105,renfe,MADRID,BARCELONA,2019-05-22 20:30:00,2019-05-22 23:40:00,3.17,AVE,Turista,49.55,Promo,,{},2019-04-11 21:50:04
106,renfe,MADRID,BARCELONA,2019-05-22 15:00:00,2019-05-22 17:30:00,2.5,AVE,Turista,88.95,Promo,,{},2019-04-11 21:50:04
107,renfe,MADRID,BARCELONA,2019-05-22 07:30:00,2019-05-22 10:40:00,3.17,AVE,Turista,85.1,Promo,,{},2019-04-11 21:50:04
108,renfe,MADRID,BARCELONA,2019-05-22 15:30:00,2019-05-22 18:40:00,3.17,AVE,Turista,85.1,Promo,,{},2019-04-11 21:50:04
109,renfe,MADRID,BARCELONA,2019-05-22 08:20:00,2019-05-22 11:05:00,2.75,AVE,Turista,40.95,Promo,,{},2019-04-11 21:50:04
110,renfe,MADRID,BARCELONA,2019-05-22 16:00:00,2019-05-22 18:30:00,2.5,AVE,Turista,68.65,Promo,,{},2019-04-11 21:50:04
111,renfe,MADRID,BARCELONA,2019-05-22 06:30:00,2019-05-22 09:20:00,2.83,AVE,Turista,40.95,Promo,,{},2019-04-11 21:50:04
112,renfe,MADRID,BARCELONA,2019-05-22 16:30:00,2019-05-22 19:15:00,2.75,AVE,Turista Plus,90.5,Promo,,{},2019-04-11 21:50:04
113,renfe,MADRID,BARCELONA,2019-05-22 19:00:00,2019-05-22 21:30:00,2.5,AVE,Turista Plus,82.35,Promo,,{},2019-04-11 21:50:04
114,renfe,MADRID,BARCELONA,2019-05-22 17:00:00,2019-05-22 19:30:00,2.5,AVE,Turista,100.4,Promo,,{},2019-04-11 21:50:04
115,renfe,MADRID,BARCELONA,2019-04-22 19:00:00,2019-04-22 21:30:00,2.5,AVE,Turista,127.1,Flexible,,{},2019-04-11 21:50:04
116,renfe,MADRID,BARCELONA,2019-05-22 17:30:00,2019-05-22 20:40:00,3.17,AVE,Turista,85.1,Promo,,{},2019-04-11 21:50:04
117,renfe,MADRID,BARCELONA,2019-04-22 08:30:00,2019-04-22 11:15:00,2.75,AVE,Preferente,,Promo,,{},2019-04-11 21:50:04
118,renfe,MADRID,BARCELONA,2019-05-22 18:00:00,2019-05-22 20:30:00,2.5,AVE,Turista,100.4,Promo,,{},2019-04-11 21:50:04
119,renfe,MADRID,BARCELONA,2019-05-22 16:00:00,2019-05-22 18:30:00,2.5,AVE,Turista,68.65,Promo,,{},2019-04-11 21:50:04
120,renfe,MADRID,BARCELONA,2019-05-22 18:30:00,2019-05-22 21:20:00,2.83,AVE,Turista Plus,102.15,Promo,,{},2019-04-11 21:50:04
121,renfe,MADRID,BARCELONA,2019-05-22 18:00:00,2019-05-22 20:30:00,2.5,AVE,Turista,100.4,Promo,,{},2019-04-11 21:50:04
122,renfe,MADRID,BARCELONA,2019-05-22 19:00:00,2019-05-22 21:30:00,2.5,AVE,Turista Plus,82.35,Promo,,{},2019-04-11 21:50:04
123,renfe,MADRID,BARCELONA,2019-05-22 07:15:00,2019-05-22 16:37:00,9.37,R. EXPRES,Turista,43.25,Adulto ida,,{},2019-04-11 21:50:04
124,renfe,MADRID,BARCELONA,2019-05-22 19:30:00,2019-05-22 22:40:00,3.17,AVE,Turista,58.15,Promo,,{},2019-04-11 21:50:04
125,renfe,MADRID,BARCELONA,2019-05-22 12:30:00,2019-05-22 15:30:00,3.0,AVE,Turista Plus,90.5,Promo,,{},2019-04-11 21:50:04
126,renfe,MADRID,BARCELONA,2019-05-22 20:00:00,2019-05-22 22:30:00,2.5,AVE,Turista,78.8,Promo,,{},2019-04-11 21:50:04
127,renfe,MADRID,BARCELONA,2019-04-22 17:00:00,2019-04-22 19:30:00,2.5,AVE,Turista,127.1,Flexible,,{},2019-04-11 21:50:04
128,renfe,MADRID,BARCELONA,2019-05-22 20:30:00,2019-05-22 23:40:00,3.17,AVE,Turista,49.55,Promo,,{},2019-04-11 21:50:04
129,renfe,MADRID,BARCELONA,2019-04-22 18:30:00,2019-04-22 21:20:00,2.83,AVE,Turista,107.7,Flexible,,{},2019-04-11 21:50:04
130,renfe,MADRID,BARCELONA,2019-05-22 21:25:00,2019-05-22 23:55:00,2.5,AVE,Turista,75.4,Promo,,{},2019-04-11 21:50:04
131,renfe,MADRID,BARCELONA,2019-05-22 14:00:00,2019-05-22 16:30:00,2.5,AVE,Turista,78.8,Promo,,{},2019-04-11 21:50:04
132,renfe,MADRID,BARCELONA,2019-04-22 05:50:00,2019-04-22 08:55:00,3.08,AVE,Turista,66.75,Promo,,{},2019-04-11 21:50:04
133,renfe,MADRID,BARCELONA,2019-04-22 07:15:00,2019-04-22 16:37:00,9.37,R. EXPRES,Turista,43.25,Adulto ida,,{},2019-04-11 21:50:04
134,renfe,MADRID,BARCELONA,2019-04-22 06:30:00,2019-04-22 09:20:00,2.83,AVE,Turista,75.4,Promo,,{},2019-04-11 21:50:04
135,renfe,MADRID,BARCELONA,2019-05-22 20:00:00,2019-05-22 22:30:00,2.5,AVE,Turista,78.8,Promo,,{},2019-04-11 21:50:04
136,renfe,MADRID,BARCELONA,2019-04-22 07:00:00,2019-04-22 09:30:00,2.5,AVE,Turista Plus,106.75,Promo,,{},2019-04-11 21:50:04
137,renfe,MADRID,BARCELONA,2019-04-22 13:25:00,2019-04-22 16:24:00,2.98,AVE-TGV,Preferente,181.5,Flexible,,{},2019-04-11 21:50:04
138,renfe,MADRID,BARCELONA,2019-04-22 07:15:00,2019-04-22 16:37:00,9.37,R. EXPRES,Turista,43.25,Adulto ida,,{},2019-04-11 21:50:04
139,renfe,MADRID,BARCELONA,2019-05-22 13:25:00,2019-05-22 16:24:00,2.98,AVE-TGV,Turista,40.95,Promo,,{},2019-04-11 21:50:04
140,renfe,MADRID,BARCELONA,2019-04-22 07:30:00,2019-04-22 10:40:00,3.17,AVE,Turista,85.1,Promo,,{},2019-04-11 21:50:04
141,renfe,MADRID,BARCELONA,2019-05-22 09:00:00,2019-05-22 11:45:00,2.75,AVE,Turista,85.1,Promo,,{},2019-04-11 21:50:04
142,renfe,MADRID,BARCELONA,2019-04-22 08:00:00,2019-04-22 10:30:00,2.5,AVE,Turista,100.4,Promo,,{},2019-04-11 21:50:04
143,renfe,MADRID,BARCELONA,2019-05-22 07:00:00,2019-05-22 09:30:00,2.5,AVE,Turista Plus,94.55,Promo,,{},2019-04-11 21:50:04
144,renfe,MADRID,BARCELONA,2019-04-22 08:30:00,2019-04-22 11:15:00,2.75,AVE,Preferente,,Promo,,{},2019-04-11 21:50:04
145,renfe,MADRID,BARCELONA,2019-04-22 16:00:00,2019-04-22 18:30:00,2.5,AVE,Turista,127.1,Flexible,,{},2019-04-11 21:50:04
146,renfe,MADRID,BARCELONA,2019-04-22 09:30:00,2019-04-22 12:34:00,3.07,AVE,Turista Plus,102.15,Promo,,{},2019-04-11 21:50:04
147,renfe,MADRID,BARCELONA,2019-04-22 15:00:00,2019-04-22 17:30:00,2.5,AVE,Preferente,132.8,Promo,,{},2019-04-11 21:50:04
148,renfe,MADRID,BARCELONA,2019-04-22 10:30:00,2019-04-22 13:15:00,2.75,AVE,Turista,107.7,Flexible,,{},2019-04-11 21:50:04
149,renfe,MADRID,BARCELONA,2019-04-22 09:30:00,2019-04-22 12:34:00,3.07,AVE,Turista Plus,102.15,Promo,,{},2019-04-11 21:50:04
150,renfe,MADRID,BARCELONA,2019-04-22 11:30:00,2019-04-22 14:40:00,3.17,AVE,Preferente,181.5,Flexible,,{},2019-04-11 21:50:04
151,renfe,MADRID,BARCELONA,2019-04-22 07:30:00,2019-04-22 10:40:00,3.17,AVE,Turista,85.1,Promo,,{},2019-04-11 21:50:04
152,renfe,MADRID,BARCELONA,2019-04-22 12:30:00,2019-04-22 15:30:00,3.0,AVE,Preferente,181.5,Flexible,,{},2019-04-11 21:50:04
153,renfe,MADRID,BARCELONA,2019-05-22 19:30:00,2019-05-22 22:40:00,3.17,AVE,Turista,58.15,Promo,,{},2019-04-11 21:50:04
154,renfe,MADRID,BARCELONA,2019-04-22 13:25:00,2019-04-22 16:24:00,2.98,AVE-TGV,Preferente,181.5,Flexible,,{},2019-04-11 21:50:04
155,renfe,MADRID,BARCELONA,2019-05-22 18:30:00,2019-05-22 21:20:00,2.83,AVE,Turista Plus,102.15,Promo,,{},2019-04-11 21:50:04
156,renfe,MADRID,BARCELONA,2019-04-22 14:00:00,2019-04-22 16:30:00,2.5,AVE,Turista,127.1,Flexible,,{},2019-04-11 21:50:04
157,renfe,MADRID,BARCELONA,2019-04-22 20:00:00,2019-04-22 22:30:00,2.5,AVE,Turista,127.1,Flexible,,{},2019-04-11 21:50:04
158,renfe,MADRID,BARCELONA,2019-04-22 14:30:00,2019-04-22 17:21:00,2.85,AVE,Turista,107.7,Flexible,,{},2019-04-11 21:50:04
159,renfe,MADRID,BARCELONA,2019-04-22 11:30:00,2019-04-22 14:40:00,3.17,AVE,Preferente,181.5,Flexible,,{},2019-04-11 21:50:04
160,renfe,MADRID,BARCELONA,2019-04-22 15:00:00,2019-04-22 17:30:00,2.5,AVE,Preferente,132.8,Promo,,{},2019-04-11 21:50:04
161,renfe,MADRID,BARCELONA,2019-04-22 15:30:00,2019-04-22 18:40:00,3.17,AVE,Turista,107.7,Flexible,,{},2019-04-11 21:50:04
162,renfe,MADRID,BARCELONA,2019-04-22 16:00:00,2019-04-22 18:30:00,2.5,AVE,Turista,127.1,Flexible,,{},2019-04-11 21:50:04
163,renfe,MADRID,BARCELONA,2019-04-22 16:30:00,2019-04-22 19:15:00,2.75,AVE,Preferente,181.5,Flexible,,{},2019-04-11 21:50:04
164,renfe,MADRID,BARCELONA,2019-04-22 17:00:00,2019-04-22 19:30:00,2.5,AVE,Turista,127.1,Flexible,,{},2019-04-11 21:50:04
165,renfe,MADRID,BARCELONA,2019-04-22 17:30:00,2019-04-22 20:40:00,3.17,AVE,Turista,107.7,Flexible,,{},2019-04-11 21:50:04
166,renfe,MADRID,BARCELONA,2019-04-22 18:00:00,2019-04-22 20:30:00,2.5,AVE,Preferente,214.2,Flexible,,{},2019-04-11 21:50:04
167,renfe,MADRID,BARCELONA,2019-04-22 18:30:00,2019-04-22 21:20:00,2.83,AVE,Turista,107.7,Flexible,,{},2019-04-11 21:50:04
168,renfe,MADRID,BARCELONA,2019-04-22 19:00:00,2019-04-22 21:30:00,2.5,AVE,Turista,127.1,Flexible,,{},2019-04-11 21:50:04
169,renfe,MADRID,BARCELONA,2019-04-22 19:30:00,2019-04-22 22:40:00,3.17,AVE,Preferente,181.5,Flexible,,{},2019-04-11 21:50:04
170,renfe,MADRID,BARCELONA,2019-04-22 20:00:00,2019-04-22 22:30:00,2.5,AVE,Turista,127.1,Flexible,,{},2019-04-11 21:50:04
171,renfe,MADRID,BARCELONA,2019-04-22 20:30:00,2019-04-22 23:40:00,3.17,AVE,Preferente,181.5,Flexible,,{},2019-04-11 21:50:04
172,renfe,MADRID,BARCELONA,2019-04-22 21:25:00,2019-04-22 23:55:00,2.5,AVE,Turista,107.7,Flexible,,{},2019-04-11 21:50:04
173,renfe,MADRID,BARCELONA,2019-04-22 17:30:00,2019-04-22 20:40:00,3.17,AVE,Turista,107.7,Flexible,,{},2019-04-11 21:50:04
174,renfe,MADRID,BARCELONA,2019-05-22 21:25:00,2019-05-22 23:55:00,2.5,AVE,Turista,75.4,Promo,,{},2019-04-11 21:50:04
175,renfe,MADRID,BARCELONA,2019-05-22 15:00:00,2019-05-22 17:30:00,2.5,AVE,Turista,88.95,Promo,,{},2019-04-11 21:50:04
176,renfe,MADRID,BARCELONA,2019-04-22 14:00:00,2019-04-22 16:30:00,2.5,AVE,Turista,127.1,Flexible,,{},2019-04-11 21:50:04
177,renfe,MADRID,BARCELONA,2019-04-22 15:30:00,2019-04-22 18:40:00,3.17,AVE,Turista,107.7,Flexible,,{},2019-04-11 21:50:04
178,renfe,MADRID,BARCELONA,2019-04-22 12:30:00,2019-04-22 15:30:00,3.0,AVE,Preferente,181.5,Flexible,,{},2019-04-11 21:50:04
179,renfe,MADRID,BARCELONA,2019-05-22 08:30:00,2019-05-22 11:15:00,2.75,AVE,Turista,75.4,Promo,,{},2019-04-11 21:50:04
180,renfe,MADRID,BARCELONA,2019-04-22 20:30:00,2019-04-22 23:40:00,3.17,AVE,Preferente,181.5,Flexible,,{},2019-04-11 21:50:04
181,renfe,MADRID,BARCELONA,2019-05-22 10:30:00,2019-05-22 13:15:00,2.75,AVE,Turista,85.1,Promo,,{},2019-04-11 21:50:04
182,renfe,MADRID,BARCELONA,2019-05-22 14:30:00,2019-05-22 17:21:00,2.85,AVE,Turista,66.75,Promo,,{},2019-04-11 21:50:04
183,renfe,MADRID,BARCELONA,2019-04-22 18:00:00,2019-04-22 20:30:00,2.5,AVE,Preferente,214.2,Flexible,,{},2019-04-11 21:50:04
184,renfe,MADRID,BARCELONA,2019-05-22 07:20:00,2019-05-22 09:50:00,2.5,AVE,Turista,100.4,Promo,,{},2019-04-11 21:50:04
185,renfe,MADRID,BARCELONA,2019-04-27 09:30:00,2019-04-27 12:34:00,3.07,AVE,Turista Plus,102.15,Promo,,{},2019-04-11 21:50:20
186,renfe,MADRID,BARCELONA,2019-04-27 06:20:00,2019-04-27 09:29:00,3.15,AVE,Preferente,86.8,Promo,,{},2019-04-11 21:50:20
187,renfe,MADRID,BARCELONA,2019-04-27 13:25:00,2019-04-27 16:24:00,2.98,AVE-TGV,Turista,107.7,Flexible,,{},2019-04-11 21:50:20
188,renfe,MADRID,BARCELONA,2019-04-27 07:30:00,2019-04-27 10:40:00,3.17,AVE,Turista,75.4,Promo,,{},2019-04-11 21:50:20
189,renfe,MADRID,BARCELONA,2019-04-27 10:30:00,2019-04-27 13:15:00,2.75,AVE,Turista,58.15,Promo,,{},2019-04-11 21:50:20
190,renfe,MADRID,BARCELONA,2019-04-27 08:30:00,2019-04-27 11:15:00,2.75,AVE,Turista,85.1,Promo,,{},2019-04-11 21:50:20
191,renfe,MADRID,BARCELONA,2019-04-27 16:30:00,2019-04-27 19:15:00,2.75,AVE,Turista,107.7,Flexible,,{},2019-04-11 21:50:20
192,renfe,MADRID,BARCELONA,2019-04-27 09:30:00,2019-04-27 12:34:00,3.07,AVE,Turista Plus,102.15,Promo,,{},2019-04-11 21:50:20
193,renfe,MADRID,BARCELONA,2019-04-27 08:30:00,2019-04-27 11:15:00,2.75,AVE,Turista,85.1,Promo,,{},2019-04-11 21:50:20
194,renfe,MADRID,BARCELONA,2019-04-27 10:30:00,2019-04-27 13:15:00,2.75,AVE,Turista,58.15,Promo,,{},2019-04-11 21:50:20
195,renfe,MADRID,BARCELONA,2019-04-27 11:30:00,2019-04-27 14:40:00,3.17,AVE,Turista Plus,102.15,Promo,,{},2019-04-11 21:50:20
196,renfe,MADRID,BARCELONA,2019-04-27 11:30:00,2019-04-27 14:40:00,3.17,AVE,Turista Plus,102.15,Promo,,{},2019-04-11 21:50:20
197,renfe,MADRID,BARCELONA,2019-04-27 19:30:00,2019-04-27 22:40:00,3.17,AVE,Turista Plus,90.5,Promo,,{},2019-04-11 21:50:20
198,renfe,MADRID,BARCELONA,2019-04-27 12:30:00,2019-04-27 15:30:00,3.0,AVE,Turista Plus,102.15,Promo,,{},2019-04-11 21:50:20
199,renfe,MADRID,BARCELONA,2019-04-27 20:30:00,2019-04-27 23:40:00,3.17,AVE,Preferente,,Promo,,{},2019-04-11 21:50:20
200,renfe,MADRID,BARCELONA,2019-04-27 13:25:00,2019-04-27 16:24:00,2.98,AVE-TGV,Turista,107.7,Flexible,,{},2019-04-11 21:50:20
201,renfe,MADRID,BARCELONA,2019-04-27 12:30:00,2019-04-27 15:30:00,3.0,AVE,Turista Plus,102.15,Promo,,{},2019-04-11 21:50:20
202,renfe,MADRID,BARCELONA,2019-04-27 15:30:00,2019-04-27 18:40:00,3.17,AVE,Turista,58.15,Promo,,{},2019-04-11 21:50:20
203,renfe,MADRID,BARCELONA,2019-04-27 18:30:00,2019-04-27 21:20:00,2.83,AVE,Preferente,,Promo,,{},2019-04-11 21:50:20
204,renfe,MADRID,BARCELONA,2019-04-27 16:30:00,2019-04-27 19:15:00,2.75,AVE,Turista,107.7,Flexible,,{},2019-04-11 21:50:20
205,renfe,MADRID,BARCELONA,2019-04-27 17:30:00,2019-04-27 20:40:00,3.17,AVE,Turista Plus,49.15,Promo,,{},2019-04-11 21:50:20
206,renfe,MADRID,BARCELONA,2019-04-27 18:30:00,2019-04-27 21:20:00,2.83,AVE,Preferente,,Promo,,{},2019-04-11 21:50:20
207,renfe,MADRID,BARCELONA,2019-04-27 19:30:00,2019-04-27 22:40:00,3.17,AVE,Turista Plus,90.5,Promo,,{},2019-04-11 21:50:20
208,renfe,MADRID,BARCELONA,2019-04-27 20:30:00,2019-04-27 23:40:00,3.17,AVE,Preferente,,Promo,,{},2019-04-11 21:50:20
209,renfe,MADRID,BARCELONA,2019-04-27 15:30:00,2019-04-27 18:40:00,3.17,AVE,Turista,58.15,Promo,,{},2019-04-11 21:50:20
210,renfe,MADRID,BARCELONA,2019-04-27 17:30:00,2019-04-27 20:40:00,3.17,AVE,Turista Plus,49.15,Promo,,{},2019-04-11 21:50:20
211,renfe,MADRID,BARCELONA,2019-04-27 06:20:00,2019-04-27 09:29:00,3.15,AVE,Preferente,86.8,Promo,,{},2019-04-11 21:50:20
212,renfe,MADRID,BARCELONA,2019-04-27 07:30:00,2019-04-27 10:40:00,3.17,AVE,Turista,75.4,Promo,,{},2019-04-11 21:50:20
213,renfe,MADRID,BARCELONA,2019-05-28 07:30:00,2019-05-28 10:40:00,3.17,AVE,Turista,85.1,Promo,,{},2019-04-11 21:50:23
214,renfe,MADRID,BARCELONA,2019-05-28 07:15:00,2019-05-28 16:37:00,9.37,R. EXPRES,Turista,43.25,Adulto ida,,{},2019-04-11 21:50:23
215,renfe,MADRID,BARCELONA,2019-05-28 08:00:00,2019-05-28 10:30:00,2.5,AVE,Turista,100.4,Promo,,{},2019-04-11 21:50:23
216,renfe,MADRID,BARCELONA,2019-05-28 07:20:00,2019-05-28 09:50:00,2.5,AVE,Turista,100.4,Promo,,{},2019-04-11 21:50:23
217,renfe,MADRID,BARCELONA,2019-05-28 11:30:00,2019-05-28 14:40:00,3.17,AVE,Turista,75.4,Promo,,{},2019-04-11 21:50:23
218,renfe,MADRID,BARCELONA,2019-05-28 07:30:00,2019-05-28 10:40:00,3.17,AVE,Turista,85.1,Promo,,{},2019-04-11 21:50:23
219,renfe,MADRID,BARCELONA,2019-05-28 16:00:00,2019-05-28 18:30:00,2.5,AVE,Turista,68.65,Promo,,{},2019-04-11 21:50:23
220,renfe,MADRID,BARCELONA,2019-05-28 08:00:00,2019-05-28 10:30:00,2.5,AVE,Turista,100.4,Promo,,{},2019-04-11 21:50:23
221,renfe,MADRID,BARCELONA,2019-05-28 06:30:00,2019-05-28 09:20:00,2.83,AVE,Turista,66.75,Promo,,{},2019-04-11 21:50:23
222,renfe,MADRID,BARCELONA,2019-05-28 08:20:00,2019-05-28 11:05:00,2.75,AVE,Turista,75.4,Promo,,{},2019-04-11 21:50:23
223,renfe,MADRID,BARCELONA,2019-05-28 14:00:00,2019-05-28 16:30:00,2.5,AVE,Turista,78.8,Promo,,{},2019-04-11 21:50:23
224,renfe,MADRID,BARCELONA,2019-05-28 08:30:00,2019-05-28 11:15:00,2.75,AVE,Turista,75.4,Promo,,{},2019-04-11 21:50:23
225,renfe,MADRID,BARCELONA,2019-05-28 20:00:00,2019-05-28 22:30:00,2.5,AVE,Turista,88.95,Promo,,{},2019-04-11 21:50:23
226,renfe,MADRID,BARCELONA,2019-05-28 09:00:00,2019-05-28 11:45:00,2.75,AVE,Turista,85.1,Promo,,{},2019-04-11 21:50:23
227,renfe,MADRID,BARCELONA,2019-05-28 13:25:00,2019-05-28 16:24:00,2.98,AVE-TGV,Turista,66.75,Promo,,{},2019-04-11 21:50:23
228,renfe,MADRID,BARCELONA,2019-05-28 09:30:00,2019-05-28 12:34:00,3.07,AVE,Turista Plus,80.15,Promo,,{},2019-04-11 21:50:23
229,renfe,MADRID,BARCELONA,2019-05-28 16:30:00,2019-05-28 19:15:00,2.75,AVE,Turista,107.7,Flexible,,{},2019-04-11 21:50:23
230,renfe,MADRID,BARCELONA,2019-05-28 10:30:00,2019-05-28 13:15:00,2.75,AVE,Turista,85.1,Promo,,{},2019-04-11 21:50:23
231,renfe,MADRID,BARCELONA,2019-05-28 06:10:00,2019-05-28 08:40:00,2.5,AVE,Turista Plus,80.15,Promo,,{},2019-04-11 21:50:23
232,renfe,MADRID,BARCELONA,2019-05-28 11:30:00,2019-05-28 14:40:00,3.17,AVE,Turista,75.4,Promo,,{},2019-04-11 21:50:23
233,renfe,MADRID,BARCELONA,2019-05-28 14:30:00,2019-05-28 17:21:00,2.85,AVE,Turista,58.15,Promo,,{},2019-04-11 21:50:23
234,renfe,MADRID,BARCELONA,2019-05-28 12:30:00,2019-05-28 15:30:00,3.0,AVE,Turista,49.55,Promo,,{},2019-04-11 21:50:23
235,renfe,MADRID,BARCELONA,2019-05-28 12:30:00,2019-05-28 15:30:00,3.0,AVE,Turista,49.55,Promo,,{},2019-04-11 21:50:23
236,renfe,MADRID,BARCELONA,2019-05-28 13:25:00,2019-05-28 16:24:00,2.98,AVE-TGV,Turista,66.75,Promo,,{},2019-04-11 21:50:23
237,renfe,MADRID,BARCELONA,2019-05-28 08:30:00,2019-05-28 11:15:00,2.75,AVE,Turista,75.4,Promo,,{},2019-04-11 21:50:23
238,renfe,MADRID,BARCELONA,2019-05-28 14:00:00,2019-05-28 16:30:00,2.5,AVE,Turista,78.8,Promo,,{},2019-04-11 21:50:23
239,renfe,MADRID,BARCELONA,2019-05-28 18:00:00,2019-05-28 20:30:00,2.5,AVE,Turista,100.4,Promo,,{},2019-04-11 21:50:23
240,renfe,MADRID,BARCELONA,2019-05-28 14:30:00,2019-05-28 17:21:00,2.85,AVE,Turista,58.15,Promo,,{},2019-04-11 21:50:23
241,renfe,MADRID,BARCELONA,2019-05-28 07:15:00,2019-05-28 16:37:00,9.37,R. EXPRES,Turista,43.25,Adulto ida,,{},2019-04-11 21:50:23
242,renfe,MADRID,BARCELONA,2019-05-28 15:00:00,2019-05-28 17:30:00,2.5,AVE,Turista,68.65,Promo,,{},2019-04-11 21:50:23
243,renfe,MADRID,BARCELONA,2019-05-28 09:30:00,2019-05-28 12:34:00,3.07,AVE,Turista Plus,80.15,Promo,,{},2019-04-11 21:50:23
244,renfe,MADRID,BARCELONA,2019-05-28 15:30:00,2019-05-28 18:40:00,3.17,AVE,Turista Plus,80.15,Promo,,{},2019-04-11 21:50:23
245,renfe,MADRID,BARCELONA,2019-05-28 19:30:00,2019-05-28 22:40:00,3.17,AVE,Turista,75.4,Promo,,{},2019-04-11 21:50:23
246,renfe,MADRID,BARCELONA,2019-05-28 16:00:00,2019-05-28 18:30:00,2.5,AVE,Turista,68.65,Promo,,{},2019-04-11 21:50:23
247,renfe,MADRID,BARCELONA,2019-05-28 07:00:00,2019-05-28 09:30:00,2.5,AVE,Turista Plus,94.55,Promo,,{},2019-04-11 21:50:23
248,renfe,MADRID,BARCELONA,2019-05-28 16:30:00,2019-05-28 19:15:00,2.75,AVE,Turista,107.7,Flexible,,{},2019-04-11 21:50:23
249,renfe,MADRID,BARCELONA,2019-05-28 19:00:00,2019-05-28 21:30:00,2.5,AVE,Turista,78.8,Promo,,{},2019-04-11 21:50:23
250,renfe,MADRID,BARCELONA,2019-05-28 17:00:00,2019-05-28 19:30:00,2.5,AVE,Turista,88.95,Promo,,{},2019-04-11 21:50:23
251,renfe,MADRID,BARCELONA,2019-05-28 09:00:00,2019-05-28 11:45:00,2.75,AVE,Turista,85.1,Promo,,{},2019-04-11 21:50:23
252,renfe,MADRID,BARCELONA,2019-05-28 17:30:00,2019-05-28 20:40:00,3.17,AVE,Turista Plus,80.15,Promo,,{},2019-04-11 21:50:23
253,renfe,MADRID,BARCELONA,2019-05-28 15:00:00,2019-05-28 17:30:00,2.5,AVE,Turista,68.65,Promo,,{},2019-04-11 21:50:23
254,renfe,MADRID,BARCELONA,2019-05-28 18:00:00,2019-05-28 20:30:00,2.5,AVE,Turista,100.4,Promo,,{},2019-04-11 21:50:23
255,renfe,MADRID,BARCELONA,2019-05-28 17:00:00,2019-05-28 19:30:00,2.5,AVE,Turista,88.95,Promo,,{},2019-04-11 21:50:23
256,renfe,MADRID,BARCELONA,2019-05-28 18:30:00,2019-05-28 21:20:00,2.83,AVE,Turista Plus,102.15,Promo,,{},2019-04-11 21:50:23
257,renfe,MADRID,BARCELONA,2019-05-28 19:00:00,2019-05-28 21:30:00,2.5,AVE,Turista,78.8,Promo,,{},2019-04-11 21:50:23
258,renfe,MADRID,BARCELONA,2019-05-28 19:30:00,2019-05-28 22:40:00,3.17,AVE,Turista,75.4,Promo,,{},2019-04-11 21:50:23
259,renfe,MADRID,BARCELONA,2019-05-28 20:00:00,2019-05-28 22:30:00,2.5,AVE,Turista,88.95,Promo,,{},2019-04-11 21:50:23
260,renfe,MADRID,BARCELONA,2019-05-28 20:30:00,2019-05-28 23:40:00,3.17,AVE,Turista,40.95,Promo,,{},2019-04-11 21:50:23
261,renfe,MADRID,BARCELONA,2019-05-28 21:25:00,2019-05-28 23:55:00,2.5,AVE,Turista,58.15,Promo,,{},2019-04-11 21:50:23
262,renfe,MADRID,BARCELONA,2019-05-28 06:10:00,2019-05-28 08:40:00,2.5,AVE,Turista Plus,80.15,Promo,,{},2019-04-11 21:50:23
263,renfe,MADRID,BARCELONA,2019-05-28 06:30:00,2019-05-28 09:20:00,2.83,AVE,Turista,66.75,Promo,,{},2019-04-11 21:50:23
264,renfe,MADRID,BARCELONA,2019-05-28 07:00:00,2019-05-28 09:30:00,2.5,AVE,Turista Plus,94.55,Promo,,{},2019-04-11 21:50:23
265,renfe,MADRID,BARCELONA,2019-05-28 21:25:00,2019-05-28 23:55:00,2.5,AVE,Turista,58.15,Promo,,{},2019-04-11 21:50:23
266,renfe,MADRID,BARCELONA,2019-05-28 07:20:00,2019-05-28 09:50:00,2.5,AVE,Turista,100.4,Promo,,{},2019-04-11 21:50:23
267,renfe,MADRID,BARCELONA,2019-05-28 10:30:00,2019-05-28 13:15:00,2.75,AVE,Turista,85.1,Promo,,{},2019-04-11 21:50:23
268,renfe,MADRID,BARCELONA,2019-05-28 17:30:00,2019-05-28 20:40:00,3.17,AVE,Turista Plus,80.15,Promo,,{},2019-04-11 21:50:23
269,renfe,MADRID,BARCELONA,2019-05-28 18:30:00,2019-05-28 21:20:00,2.83,AVE,Turista Plus,102.15,Promo,,{},2019-04-11 21:50:23
270,renfe,MADRID,BARCELONA,2019-05-28 15:30:00,2019-05-28 18:40:00,3.17,AVE,Turista Plus,80.15,Promo,,{},2019-04-11 21:50:23
271,renfe,MADRID,BARCELONA,2019-05-28 08:20:00,2019-05-28 11:05:00,2.75,AVE,Turista,75.4,Promo,,{},2019-04-11 21:50:23
272,renfe,MADRID,BARCELONA,2019-05-28 20:30:00,2019-05-28 23:40:00,3.17,AVE,Turista,40.95,Promo,,{},2019-04-11 21:50:23
273,renfe,MADRID,SEVILLA,2019-06-01 21:25:00,2019-06-02 00:10:00,2.75,AV City,Turista Plus,52.2,Promo,,{},2019-04-11 21:50:34
274,renfe,MADRID,SEVILLA,2019-06-01 07:00:00,2019-06-01 09:55:00,2.92,AV City,Turista Plus,58.95,Promo,,{},2019-04-11 21:50:34
275,renfe,MADRID,SEVILLA,2019-06-01 11:00:00,2019-06-01 13:32:00,2.53,AVE,Preferente,61.45,Promo,,{},2019-04-11 21:50:34
276,renfe,MADRID,SEVILLA,2019-06-01 08:00:00,2019-06-01 10:32:00,2.53,AVE,Turista,47.3,Promo,,{},2019-04-11 21:50:34
277,renfe,MADRID,SEVILLA,2019-06-01 09:45:00,2019-06-01 12:27:00,2.7,INTERCITY,Turista,62.2,Flexible,,{},2019-04-11 21:50:34
278,renfe,MADRID,SEVILLA,2019-06-01 08:30:00,2019-06-01 11:14:00,2.73,ALVIA,Preferente,61.2,Promo,,{},2019-04-11 21:50:34
279,renfe,MADRID,SEVILLA,2019-06-01 18:00:00,2019-06-01 20:32:00,2.53,AVE,Turista,47.3,Promo,,{},2019-04-11 21:50:34
280,renfe,MADRID,SEVILLA,2019-06-01 09:00:00,2019-06-01 11:38:00,2.63,AVE,Turista,47.3,Promo,,{},2019-04-11 21:50:34
281,renfe,MADRID,SEVILLA,2019-06-01 12:00:00,2019-06-01 14:32:00,2.53,AVE,Preferente,69.35,Promo,,{},2019-04-11 21:50:34
282,renfe,MADRID,SEVILLA,2019-06-01 09:45:00,2019-06-01 12:27:00,2.7,INTERCITY,Turista,62.2,Flexible,,{},2019-04-11 21:50:34
283,renfe,MADRID,SEVILLA,2019-06-01 17:00:00,2019-06-01 19:38:00,2.63,AVE,Turista,47.3,Promo,,{},2019-04-11 21:50:34
284,renfe,MADRID,SEVILLA,2019-06-01 10:00:00,2019-06-01 12:32:00,2.53,AVE,Turista,53.4,Promo,,{},2019-04-11 21:50:34
285,renfe,MADRID,SEVILLA,2019-06-01 13:30:00,2019-06-01 16:05:00,2.58,ALVIA,Preferente,,Promo,,{},2019-04-11 21:50:34
286,renfe,MADRID,SEVILLA,2019-06-01 11:00:00,2019-06-01 13:32:00,2.53,AVE,Preferente,61.45,Promo,,{},2019-04-11 21:50:34
287,renfe,MADRID,SEVILLA,2019-06-01 16:00:00,2019-06-01 18:30:00,2.5,AVE,Preferente,61.45,Promo,,{},2019-04-11 21:50:34
288,renfe,MADRID,SEVILLA,2019-06-01 11:05:00,2019-06-01 13:41:00,2.6,ALVIA,Preferente,,Promo,,{},2019-04-11 21:50:34
289,renfe,MADRID,SEVILLA,2019-06-01 11:05:00,2019-06-01 13:41:00,2.6,ALVIA,Preferente,,Promo,,{},2019-04-11 21:50:34
290,renfe,MADRID,SEVILLA,2019-06-01 12:00:00,2019-06-01 14:32:00,2.53,AVE,Preferente,69.35,Promo,,{},2019-04-11 21:50:34
291,renfe,MADRID,SEVILLA,2019-06-01 20:35:00,2019-06-01 23:15:00,2.67,AVE,Turista,47.3,Promo,,{},2019-04-11 21:50:34
292,renfe,MADRID,SEVILLA,2019-06-01 13:10:00,2019-06-01 20:51:00,7.68,MD-LD,Preferente,,Promo,,{},2019-04-11 21:50:34
293,renfe,MADRID,SEVILLA,2019-06-01 08:00:00,2019-06-01 10:32:00,2.53,AVE,Turista,47.3,Promo,,{},2019-04-11 21:50:34
294,renfe,MADRID,SEVILLA,2019-06-01 13:30:00,2019-06-01 16:05:00,2.58,ALVIA,Preferente,,Promo,,{},2019-04-11 21:50:34
295,renfe,MADRID,SEVILLA,2019-06-01 14:00:00,2019-06-01 16:32:00,2.53,AVE,Preferente,61.45,Promo,,{},2019-04-11 21:50:34
296,renfe,MADRID,SEVILLA,2019-06-01 16:00:00,2019-06-01 18:30:00,2.5,AVE,Preferente,61.45,Promo,,{},2019-04-11 21:50:34
297,renfe,MADRID,SEVILLA,2019-06-01 17:00:00,2019-06-01 19:38:00,2.63,AVE,Turista,47.3,Promo,,{},2019-04-11 21:50:34
298,renfe,MADRID,SEVILLA,2019-06-01 18:00:00,2019-06-01 20:32:00,2.53,AVE,Turista,47.3,Promo,,{},2019-04-11 21:50:34
299,renfe,MADRID,SEVILLA,2019-06-01 19:00:00,2019-06-01 21:38:00,2.63,AVE,Turista,47.3,Promo,,{},2019-04-11 21:50:34
300,renfe,MADRID,SEVILLA,2019-06-01 20:35:00,2019-06-01 23:15:00,2.67,AVE,Turista,47.3,Promo,,{},2019-04-11 21:50:34
301,renfe,MADRID,SEVILLA,2019-06-01 21:25:00,2019-06-02 00:10:00,2.75,AV City,Turista Plus,52.2,Promo,,{},2019-04-11 21:50:34
302,renfe,MADRID,SEVILLA,2019-06-01 14:00:00,2019-06-01 16:32:00,2.53,AVE,Preferente,61.45,Promo,,{},2019-04-11 21:50:34
303,renfe,MADRID,SEVILLA,2019-06-01 07:00:00,2019-06-01 09:55:00,2.92,AV City,Turista Plus,58.95,Promo,,{},2019-04-11 21:50:34
304,renfe,MADRID,SEVILLA,2019-06-01 09:00:00,2019-06-01 11:38:00,2.63,AVE,Turista,47.3,Promo,,{},2019-04-11 21:50:34
305,renfe,MADRID,SEVILLA,2019-06-01 19:00:00,2019-06-01 21:38:00,2.63,AVE,Turista,47.3,Promo,,{},2019-04-11 21:50:34
306,renfe,MADRID,SEVILLA,2019-06-01 13:10:00,2019-06-01 20:51:00,7.68,MD-LD,Preferente,,Promo,,{},2019-04-11 21:50:34
307,renfe,MADRID,SEVILLA,2019-06-01 10:00:00,2019-06-01 12:32:00,2.53,AVE,Turista,53.4,Promo,,{},2019-04-11 21:50:34
308,renfe,MADRID,SEVILLA,2019-06-01 08:30:00,2019-06-01 11:14:00,2.73,ALVIA,Preferente,61.2,Promo,,{},2019-04-11 21:50:34
309,renfe,MADRID,SEVILLA,2019-06-02 18:35:00,2019-06-02 21:08:00,2.55,ALVIA,Preferente,,Promo,,{},2019-04-11 21:50:38
310,renfe,MADRID,SEVILLA,2019-06-02 07:00:00,2019-06-02 09:55:00,2.92,AV City,Turista,43.55,Promo,,{},2019-04-11 21:50:38
311,renfe,MADRID,SEVILLA,2019-06-02 11:00:00,2019-06-02 13:32:00,2.53,AVE,Turista,76.3,Flexible,,{},2019-04-11 21:50:38
312,renfe,MADRID,SEVILLA,2019-06-02 08:30:00,2019-06-02 11:14:00,2.73,ALVIA,Preferente,,Promo,,{},2019-04-11 21:50:38
313,renfe,MADRID,SEVILLA,2019-06-02 20:35:00,2019-06-02 23:15:00,2.67,AVE,Turista Plus,64.05,Promo,,{},2019-04-11 21:50:38
314,renfe,MADRID,SEVILLA,2019-06-02 09:00:00,2019-06-02 11:38:00,2.63,AVE,Preferente,69.4,Promo,,{},2019-04-11 21:50:38
315,renfe,MADRID,SEVILLA,2019-06-02 19:30:00,2019-06-02 22:05:00,2.58,AVE,Preferente,69.4,Promo,,{},2019-04-11 21:50:38
316,renfe,MADRID,SEVILLA,2019-06-02 11:00:00,2019-06-02 13:32:00,2.53,AVE,Turista,76.3,Flexible,,{},2019-04-11 21:50:38
317,renfe,MADRID,SEVILLA,2019-06-02 13:30:00,2019-06-02 16:05:00,2.58,ALVIA,Preferente,,Promo,,{},2019-04-11 21:50:38
318,renfe,MADRID,SEVILLA,2019-06-02 11:05:00,2019-06-02 13:41:00,2.6,ALVIA,Preferente,,Promo,,{},2019-04-11 21:50:38
319,renfe,MADRID,SEVILLA,2019-06-02 15:00:00,2019-06-02 17:21:00,2.35,AVE,Preferente,69.4,Promo,,{},2019-04-11 21:50:38
320,renfe,MADRID,SEVILLA,2019-06-02 12:00:00,2019-06-02 14:32:00,2.53,AVE,Preferente,69.4,Promo,,{},2019-04-11 21:50:38
321,renfe,MADRID,SEVILLA,2019-06-02 21:25:00,2019-06-03 00:10:00,2.75,AV City,Turista Plus,52.2,Promo,,{},2019-04-11 21:50:38
322,renfe,MADRID,SEVILLA,2019-06-02 13:00:00,2019-06-02 15:40:00,2.67,AVE,Preferente,69.4,Promo,,{},2019-04-11 21:50:38
323,renfe,MADRID,SEVILLA,2019-06-02 20:00:00,2019-06-02 22:21:00,2.35,AVE,Turista Plus,64.05,Promo,,{},2019-04-11 21:50:38
324,renfe,MADRID,SEVILLA,2019-06-02 13:10:00,2019-06-02 20:51:00,7.68,MD-LD,Preferente,,Promo,,{},2019-04-11 21:50:38
325,renfe,MADRID,SEVILLA,2019-06-02 13:00:00,2019-06-02 15:40:00,2.67,AVE,Preferente,69.4,Promo,,{},2019-04-11 21:50:38
326,renfe,MADRID,SEVILLA,2019-06-02 13:30:00,2019-06-02 16:05:00,2.58,ALVIA,Preferente,,Promo,,{},2019-04-11 21:50:38
327,renfe,MADRID,SEVILLA,2019-06-02 13:10:00,2019-06-02 20:51:00,7.68,MD-LD,Preferente,,Promo,,{},2019-04-11 21:50:38
328,renfe,MADRID,SEVILLA,2019-06-02 14:00:00,2019-06-02 16:32:00,2.53,AVE,Preferente,69.4,Promo,,{},2019-04-11 21:50:38
329,renfe,MADRID,SEVILLA,2019-06-02 19:00:00,2019-06-02 21:38:00,2.63,AVE,Preferente,69.4,Promo,,{},2019-04-11 21:50:38
330,renfe,MADRID,SEVILLA,2019-06-02 15:00:00,2019-06-02 17:21:00,2.35,AVE,Preferente,69.4,Promo,,{},2019-04-11 21:50:38
331,renfe,MADRID,SEVILLA,2019-06-02 16:00:00,2019-06-02 18:30:00,2.5,AVE,Preferente,69.4,Promo,,{},2019-04-11 21:50:38
332,renfe,MADRID,SEVILLA,2019-06-02 16:00:00,2019-06-02 18:30:00,2.5,AVE,Preferente,69.4,Promo,,{},2019-04-11 21:50:38
333,renfe,MADRID,SEVILLA,2019-06-02 16:30:00,2019-06-02 18:51:00,2.35,AVE,Preferente,69.4,Promo,,{},2019-04-11 21:50:38
334,renfe,MADRID,SEVILLA,2019-06-02 16:30:00,2019-06-02 18:51:00,2.35,AVE,Preferente,69.4,Promo,,{},2019-04-11 21:50:38
335,renfe,MADRID,SEVILLA,2019-06-02 12:00:00,2019-06-02 14:32:00,2.53,AVE,Preferente,69.4,Promo,,{},2019-04-11 21:50:38
336,renfe,MADRID,SEVILLA,2019-06-02 17:00:00,2019-06-02 19:38:00,2.63,AVE,Preferente,69.4,Promo,,{},2019-04-11 21:50:38
337,renfe,MADRID,SEVILLA,2019-06-02 08:30:00,2019-06-02 11:14:00,2.73,ALVIA,Preferente,,Promo,,{},2019-04-11 21:50:38
338,renfe,MADRID,SEVILLA,2019-06-02 18:00:00,2019-06-02 20:32:00,2.53,AVE,Preferente,69.4,Promo,,{},2019-04-11 21:50:38
339,renfe,MADRID,SEVILLA,2019-06-02 18:35:00,2019-06-02 21:08:00,2.55,ALVIA,Preferente,,Promo,,{},2019-04-11 21:50:38
340,renfe,MADRID,SEVILLA,2019-06-02 19:00:00,2019-06-02 21:38:00,2.63,AVE,Preferente,69.4,Promo,,{},2019-04-11 21:50:38
341,renfe,MADRID,SEVILLA,2019-06-02 19:30:00,2019-06-02 22:05:00,2.58,AVE,Preferente,69.4,Promo,,{},2019-04-11 21:50:38
342,renfe,MADRID,SEVILLA,2019-06-02 20:00:00,2019-06-02 22:21:00,2.35,AVE,Turista Plus,64.05,Promo,,{},2019-04-11 21:50:38
343,renfe,MADRID,SEVILLA,2019-06-02 20:35:00,2019-06-02 23:15:00,2.67,AVE,Turista Plus,64.05,Promo,,{},2019-04-11 21:50:38
344,renfe,MADRID,SEVILLA,2019-06-02 21:25:00,2019-06-03 00:10:00,2.75,AV City,Turista Plus,52.2,Promo,,{},2019-04-11 21:50:38
345,renfe,MADRID,SEVILLA,2019-06-02 07:00:00,2019-06-02 09:55:00,2.92,AV City,Turista,43.55,Promo,,{},2019-04-11 21:50:38
346,renfe,MADRID,SEVILLA,2019-06-02 11:05:00,2019-06-02 13:41:00,2.6,ALVIA,Preferente,,Promo,,{},2019-04-11 21:50:38
347,renfe,MADRID,SEVILLA,2019-06-02 09:00:00,2019-06-02 11:38:00,2.63,AVE,Preferente,69.4,Promo,,{},2019-04-11 21:50:38
348,renfe,MADRID,SEVILLA,2019-06-02 17:00:00,2019-06-02 19:38:00,2.63,AVE,Preferente,69.4,Promo,,{},2019-04-11 21:50:38
349,renfe,MADRID,SEVILLA,2019-06-02 14:00:00,2019-06-02 16:32:00,2.53,AVE,Preferente,69.4,Promo,,{},2019-04-11 21:50:38
350,renfe,MADRID,SEVILLA,2019-06-02 18:00:00,2019-06-02 20:32:00,2.53,AVE,Preferente,69.4,Promo,,{},2019-04-11 21:50:38
351,renfe,MADRID,SEVILLA,2019-05-05 18:35:00,2019-05-05 21:08:00,2.55,ALVIA,Turista,,Promo,,{},2019-04-11 21:50:48
352,renfe,MADRID,SEVILLA,2019-05-05 07:00:00,2019-05-05 09:55:00,2.92,AV City,Turista,49.15,Promo,,{},2019-04-11 21:50:48
353,renfe,MADRID,SEVILLA,2019-05-05 11:00:00,2019-05-05 13:32:00,2.53,AVE,Preferente,,Promo,,{},2019-04-11 21:50:48
354,renfe,MADRID,SEVILLA,2019-05-05 08:30:00,2019-05-05 11:14:00,2.73,ALVIA,Turista,,Flexible,,{},2019-04-11 21:50:48
355,renfe,MADRID,SEVILLA,2019-05-05 17:00:00,2019-05-05 19:38:00,2.63,AVE,Turista,53.4,Promo,,{},2019-04-11 21:50:48
356,renfe,MADRID,SEVILLA,2019-05-05 09:00:00,2019-05-05 11:38:00,2.63,AVE,Turista,76.3,Flexible,,{},2019-04-11 21:50:48
357,renfe,MADRID,SEVILLA,2019-05-05 21:25:00,2019-05-06 00:10:00,2.75,AV City,Turista,43.55,Promo,,{},2019-04-11 21:50:48
358,renfe,MADRID,SEVILLA,2019-05-05 11:00:00,2019-05-05 13:32:00,2.53,AVE,Preferente,,Promo,,{},2019-04-11 21:50:48
359,renfe,MADRID,SEVILLA,2019-05-05 07:00:00,2019-05-05 09:55:00,2.92,AV City,Turista,49.15,Promo,,{},2019-04-11 21:50:48
360,renfe,MADRID,SEVILLA,2019-05-05 11:05:00,2019-05-05 13:41:00,2.6,ALVIA,Preferente,,Promo,,{},2019-04-11 21:50:48
361,renfe,MADRID,SEVILLA,2019-05-05 20:00:00,2019-05-05 22:21:00,2.35,AVE,Turista,53.4,Promo,,{},2019-04-11 21:50:48
362,renfe,MADRID,SEVILLA,2019-05-05 12:00:00,2019-05-05 14:32:00,2.53,AVE,Preferente,69.4,Promo,,{},2019-04-11 21:50:48
363,renfe,MADRID,SEVILLA,2019-05-05 12:00:00,2019-05-05 14:32:00,2.53,AVE,Preferente,69.4,Promo,,{},2019-04-11 21:50:48
364,renfe,MADRID,SEVILLA,2019-05-05 13:00:00,2019-05-05 15:40:00,2.67,AVE,Turista,53.4,Promo,,{},2019-04-11 21:50:48
365,renfe,MADRID,SEVILLA,2019-05-05 20:35:00,2019-05-05 23:15:00,2.67,AVE,Turista,47.3,Promo,,{},2019-04-11 21:50:48
366,renfe,MADRID,SEVILLA,2019-05-05 13:10:00,2019-05-05 20:51:00,7.68,MD-LD,Turista con enlace,34.35,Promo +,,{},2019-04-11 21:50:48
367,renfe,MADRID,SEVILLA,2019-05-05 16:30:00,2019-05-05 18:51:00,2.35,AVE,Turista,47.3,Promo,,{},2019-04-11 21:50:48
368,renfe,MADRID,SEVILLA,2019-05-05 13:30:00,2019-05-05 16:05:00,2.58,ALVIA,Turista,,Promo,,{},2019-04-11 21:50:48
369,renfe,MADRID,SEVILLA,2019-05-05 13:30:00,2019-05-05 16:05:00,2.58,ALVIA,Turista,,Promo,,{},2019-04-11 21:50:48
370,renfe,MADRID,SEVILLA,2019-05-05 14:00:00,2019-05-05 16:32:00,2.53,AVE,Turista,53.4,Promo,,{},2019-04-11 21:50:48
371,renfe,MADRID,SEVILLA,2019-05-05 15:00:00,2019-05-05 17:21:00,2.35,AVE,Turista,53.4,Promo,,{},2019-04-11 21:50:48
372,renfe,MADRID,SEVILLA,2019-05-05 15:00:00,2019-05-05 17:21:00,2.35,AVE,Turista,53.4,Promo,,{},2019-04-11 21:50:48
373,renfe,MADRID,SEVILLA,2019-05-05 11:05:00,2019-05-05 13:41:00,2.6,ALVIA,Preferente,,Promo,,{},2019-04-11 21:50:48
374,renfe,MADRID,SEVILLA,2019-05-05 16:00:00,2019-05-05 18:30:00,2.5,AVE,Turista,53.4,Promo,,{},2019-04-11 21:50:48
375,renfe,MADRID,SEVILLA,2019-05-05 16:00:00,2019-05-05 18:30:00,2.5,AVE,Turista,53.4,Promo,,{},2019-04-11 21:50:48
376,renfe,MADRID,SEVILLA,2019-05-05 16:30:00,2019-05-05 18:51:00,2.35,AVE,Turista,47.3,Promo,,{},2019-04-11 21:50:48
377,renfe,MADRID,SEVILLA,2019-05-05 17:00:00,2019-05-05 19:38:00,2.63,AVE,Turista,53.4,Promo,,{},2019-04-11 21:50:48
378,renfe,MADRID,SEVILLA,2019-05-05 18:00:00,2019-05-05 20:32:00,2.53,AVE,Turista,53.4,Promo,,{},2019-04-11 21:50:48
379,renfe,MADRID,SEVILLA,2019-05-05 18:35:00,2019-05-05 21:08:00,2.55,ALVIA,Turista,,Promo,,{},2019-04-11 21:50:48
380,renfe,MADRID,SEVILLA,2019-05-05 19:00:00,2019-05-05 21:38:00,2.63,AVE,Turista,60.3,Promo,,{},2019-04-11 21:50:48
381,renfe,MADRID,SEVILLA,2019-05-05 19:30:00,2019-05-05 22:05:00,2.58,AVE,Turista,53.4,Promo,,{},2019-04-11 21:50:48
382,renfe,MADRID,SEVILLA,2019-05-05 20:00:00,2019-05-05 22:21:00,2.35,AVE,Turista,53.4,Promo,,{},2019-04-11 21:50:48
383,renfe,MADRID,SEVILLA,2019-05-05 20:35:00,2019-05-05 23:15:00,2.67,AVE,Turista,47.3,Promo,,{},2019-04-11 21:50:48
384,renfe,MADRID,SEVILLA,2019-05-05 21:25:00,2019-05-06 00:10:00,2.75,AV City,Turista,43.55,Promo,,{},2019-04-11 21:50:48
385,renfe,MADRID,SEVILLA,2019-05-05 19:30:00,2019-05-05 22:05:00,2.58,AVE,Turista,53.4,Promo,,{},2019-04-11 21:50:48
386,renfe,MADRID,SEVILLA,2019-05-05 13:10:00,2019-05-05 20:51:00,7.68,MD-LD,Turista con enlace,34.35,Promo +,,{},2019-04-11 21:50:48
387,renfe,MADRID,SEVILLA,2019-05-05 19:00:00,2019-05-05 21:38:00,2.63,AVE,Turista,60.3,Promo,,{},2019-04-11 21:50:48
388,renfe,MADRID,SEVILLA,2019-05-05 18:00:00,2019-05-05 20:32:00,2.53,AVE,Turista,53.4,Promo,,{},2019-04-11 21:50:48
389,renfe,MADRID,SEVILLA,2019-05-05 08:30:00,2019-05-05 11:14:00,2.73,ALVIA,Turista,,Flexible,,{},2019-04-11 21:50:48
390,renfe,MADRID,SEVILLA,2019-05-05 14:00:00,2019-05-05 16:32:00,2.53,AVE,Turista,53.4,Promo,,{},2019-04-11 21:50:48
391,renfe,MADRID,SEVILLA,2019-05-05 13:00:00,2019-05-05 15:40:00,2.67,AVE,Turista,53.4,Promo,,{},2019-04-11 21:50:48
392,renfe,MADRID,SEVILLA,2019-05-05 09:00:00,2019-05-05 11:38:00,2.63,AVE,Turista,76.3,Flexible,,{},2019-04-11 21:50:48
393,renfe,MADRID,SEVILLA,2019-05-06 09:45:00,2019-05-06 12:27:00,2.7,INTERCITY,Turista,62.2,Flexible,,{},2019-04-11 21:50:52
394,renfe,MADRID,SEVILLA,2019-05-06 06:20:00,2019-05-06 09:16:00,2.93,AV City,Turista,43.55,Promo,,{},2019-04-11 21:50:52
395,renfe,MADRID,SEVILLA,2019-05-06 08:00:00,2019-05-06 10:32:00,2.53,AVE,Turista,76.3,Flexible,,{},2019-04-11 21:50:52
396,renfe,MADRID,SEVILLA,2019-05-06 07:00:00,2019-05-06 09:32:00,2.53,AVE,Turista,76.3,Flexible,,{},2019-04-11 21:50:52
397,renfe,MADRID,SEVILLA,2019-05-06 16:00:00,2019-05-06 18:30:00,2.5,AVE,Turista,47.3,Promo,,{},2019-04-11 21:50:52
398,renfe,MADRID,SEVILLA,2019-05-06 07:30:00,2019-05-06 09:51:00,2.35,AVE,Turista,76.3,Flexible,,{},2019-04-11 21:50:52
399,renfe,MADRID,SEVILLA,2019-05-06 10:00:00,2019-05-06 12:32:00,2.53,AVE,Turista,76.3,Flexible,,{},2019-04-11 21:50:52
400,renfe,MADRID,SEVILLA,2019-05-06 08:00:00,2019-05-06 10:32:00,2.53,AVE,Turista,76.3,Flexible,,{},2019-04-11 21:50:52
401,renfe,MADRID,SEVILLA,2019-05-06 07:00:00,2019-05-06 09:32:00,2.53,AVE,Turista,76.3,Flexible,,{},2019-04-11 21:50:52
402,renfe,MADRID,SEVILLA,2019-05-06 08:30:00,2019-05-06 11:14:00,2.73,ALVIA,Turista,,Flexible,,{},2019-04-11 21:50:52
403,renfe,MADRID,SEVILLA,2019-05-06 07:30:00,2019-05-06 09:51:00,2.35,AVE,Turista,76.3,Flexible,,{},2019-04-11 21:50:52
404,renfe,MADRID,SEVILLA,2019-05-06 09:00:00,2019-05-06 11:38:00,2.63,AVE,Turista,76.3,Flexible,,{},2019-04-11 21:50:52
405,renfe,MADRID,SEVILLA,2019-05-06 08:30:00,2019-05-06 11:14:00,2.73,ALVIA,Turista,,Flexible,,{},2019-04-11 21:50:52
406,renfe,MADRID,SEVILLA,2019-05-06 09:45:00,2019-05-06 12:27:00,2.7,INTERCITY,Turista,62.2,Flexible,,{},2019-04-11 21:50:52
407,renfe,MADRID,SEVILLA,2019-05-06 17:00:00,2019-05-06 19:38:00,2.63,AVE,Turista,47.3,Promo,,{},2019-04-11 21:50:52
408,renfe,MADRID,SEVILLA,2019-05-06 10:00:00,2019-05-06 12:32:00,2.53,AVE,Turista,76.3,Flexible,,{},2019-04-11 21:50:52
409,renfe,MADRID,SEVILLA,2019-05-06 13:00:00,2019-05-06 15:40:00,2.67,AVE,Turista,53.4,Promo,,{},2019-04-11 21:50:52
410,renfe,MADRID,SEVILLA,2019-05-06 11:00:00,2019-05-06 13:32:00,2.53,AVE,Turista,76.3,Flexible,,{},2019-04-11 21:50:52
411,renfe,MADRID,SEVILLA,2019-05-06 12:00:00,2019-05-06 14:32:00,2.53,AVE,Turista,60.3,Promo,,{},2019-04-11 21:50:52
412,renfe,MADRID,SEVILLA,2019-05-06 11:05:00,2019-05-06 13:41:00,2.6,ALVIA,Turista,,Promo,,{},2019-04-11 21:50:52
413,renfe,MADRID,SEVILLA,2019-05-06 06:20:00,2019-05-06 09:16:00,2.93,AV City,Turista,43.55,Promo,,{},2019-04-11 21:50:52
414,renfe,MADRID,SEVILLA,2019-05-06 12:00:00,2019-05-06 14:32:00,2.53,AVE,Turista,60.3,Promo,,{},2019-04-11 21:50:52
415,renfe,MADRID,SEVILLA,2019-05-06 09:00:00,2019-05-06 11:38:00,2.63,AVE,Turista,76.3,Flexible,,{},2019-04-11 21:50:52
416,renfe,MADRID,SEVILLA,2019-05-06 13:00:00,2019-05-06 15:40:00,2.67,AVE,Turista,53.4,Promo,,{},2019-04-11 21:50:52
417,renfe,MADRID,SEVILLA,2019-05-06 18:35:00,2019-05-06 21:08:00,2.55,ALVIA,Turista,67.2,Flexible,,{},2019-04-11 21:50:52
418,renfe,MADRID,SEVILLA,2019-05-06 13:10:00,2019-05-06 20:51:00,7.68,MD-LD,Turista,,Promo,,{},2019-04-11 21:50:52
419,renfe,MADRID,SEVILLA,2019-05-06 21:25:00,2019-05-07 00:10:00,2.75,AV City,Turista,43.55,Promo,,{},2019-04-11 21:50:52
420,renfe,MADRID,SEVILLA,2019-05-06 13:30:00,2019-05-06 16:05:00,2.58,ALVIA,Turista,,Promo,,{},2019-04-11 21:50:52
421,renfe,MADRID,SEVILLA,2019-05-06 18:00:00,2019-05-06 20:32:00,2.53,AVE,Turista,47.3,Promo,,{},2019-04-11 21:50:52
422,renfe,MADRID,SEVILLA,2019-05-06 14:00:00,2019-05-06 16:32:00,2.53,AVE,Turista,47.3,Promo,,{},2019-04-11 21:50:52
423,renfe,MADRID,SEVILLA,2019-05-06 20:35:00,2019-05-06 23:15:00,2.67,AVE,Turista,47.3,Promo,,{},2019-04-11 21:50:52
424,renfe,MADRID,SEVILLA,2019-05-06 15:00:00,2019-05-06 17:21:00,2.35,AVE,Turista,53.4,Promo,,{},2019-04-11 21:50:52
425,renfe,MADRID,SEVILLA,2019-05-06 16:30:00,2019-05-06 18:51:00,2.35,AVE,Turista,47.3,Promo,,{},2019-04-11 21:50:52
426,renfe,MADRID,SEVILLA,2019-05-06 16:00:00,2019-05-06 18:30:00,2.5,AVE,Turista,47.3,Promo,,{},2019-04-11 21:50:52
427,renfe,MADRID,SEVILLA,2019-05-06 16:30:00,2019-05-06 18:51:00,2.35,AVE,Turista,47.3,Promo,,{},2019-04-11 21:50:52
428,renfe,MADRID,SEVILLA,2019-05-06 17:00:00,2019-05-06 19:38:00,2.63,AVE,Turista,47.3,Promo,,{},2019-04-11 21:50:52
429,renfe,MADRID,SEVILLA,2019-05-06 18:00:00,2019-05-06 20:32:00,2.53,AVE,Turista,47.3,Promo,,{},2019-04-11 21:50:52
430,renfe,MADRID,SEVILLA,2019-05-06 18:35:00,2019-05-06 21:08:00,2.55,ALVIA,Turista,67.2,Flexible,,{},2019-04-11 21:50:52
431,renfe,MADRID,SEVILLA,2019-05-06 19:00:00,2019-05-06 21:38:00,2.63,AVE,Turista,53.4,Promo,,{},2019-04-11 21:50:52
432,renfe,MADRID,SEVILLA,2019-05-06 20:35:00,2019-05-06 23:15:00,2.67,AVE,Turista,47.3,Promo,,{},2019-04-11 21:50:52
433,renfe,MADRID,SEVILLA,2019-05-06 21:25:00,2019-05-07 00:10:00,2.75,AV City,Turista,43.55,Promo,,{},2019-04-11 21:50:52
434,renfe,MADRID,SEVILLA,2019-05-06 14:00:00,2019-05-06 16:32:00,2.53,AVE,Turista,47.3,Promo,,{},2019-04-11 21:50:52
435,renfe,MADRID,SEVILLA,2019-05-06 13:30:00,2019-05-06 16:05:00,2.58,ALVIA,Turista,,Promo,,{},2019-04-11 21:50:52
436,renfe,MADRID,SEVILLA,2019-05-06 13:10:00,2019-05-06 20:51:00,7.68,MD-LD,Turista,,Promo,,{},2019-04-11 21:50:52
437,renfe,MADRID,SEVILLA,2019-05-06 11:05:00,2019-05-06 13:41:00,2.6,ALVIA,Turista,,Promo,,{},2019-04-11 21:50:52
438,renfe,MADRID,SEVILLA,2019-05-06 15:00:00,2019-05-06 17:21:00,2.35,AVE,Turista,53.4,Promo,,{},2019-04-11 21:50:52
439,renfe,MADRID,SEVILLA,2019-05-06 19:00:00,2019-05-06 21:38:00,2.63,AVE,Turista,53.4,Promo,,{},2019-04-11 21:50:52
440,renfe,MADRID,SEVILLA,2019-05-06 11:00:00,2019-05-06 13:32:00,2.53,AVE,Turista,76.3,Flexible,,{},2019-04-11 21:50:52
441,renfe,MADRID,SEVILLA,2019-05-10 16:00:00,2019-05-10 18:30:00,2.5,AVE,Turista,76.3,Flexible,,{},2019-04-11 21:51:08
442,renfe,MADRID,SEVILLA,2019-05-10 06:20:00,2019-05-10 09:16:00,2.93,AV City,Turista,49.15,Promo,,{},2019-04-11 21:51:08
443,renfe,MADRID,SEVILLA,2019-05-10 11:00:00,2019-05-10 13:32:00,2.53,AVE,Turista,60.3,Promo,,{},2019-04-11 21:51:08
444,renfe,MADRID,SEVILLA,2019-05-10 08:00:00,2019-05-10 10:32:00,2.53,AVE,Turista,76.3,Flexible,,{},2019-04-11 21:51:08
445,renfe,MADRID,SEVILLA,2019-05-10 13:10:00,2019-05-10 20:51:00,7.68,MD-LD,Turista,,Flexible,,{},2019-04-11 21:51:08
446,renfe,MADRID,SEVILLA,2019-05-10 08:30:00,2019-05-10 11:14:00,2.73,ALVIA,Turista,,Flexible,,{},2019-04-11 21:51:08
447,renfe,MADRID,SEVILLA,2019-05-10 12:00:00,2019-05-10 14:32:00,2.53,AVE,Turista,60.3,Promo,,{},2019-04-11 21:51:08
448,renfe,MADRID,SEVILLA,2019-05-10 09:00:00,2019-05-10 11:38:00,2.63,AVE,Turista,76.3,Flexible,,{},2019-04-11 21:51:08
449,renfe,MADRID,SEVILLA,2019-05-10 19:30:00,2019-05-10 22:05:00,2.58,AVE,Preferente,69.4,Promo,,{},2019-04-11 21:51:08
450,renfe,MADRID,SEVILLA,2019-05-10 09:45:00,2019-05-10 12:27:00,2.7,INTERCITY,Turista,,Flexible,,{},2019-04-11 21:51:08
451,renfe,MADRID,SEVILLA,2019-05-10 18:00:00,2019-05-10 20:32:00,2.53,AVE,Turista,76.3,Flexible,,{},2019-04-11 21:51:08
452,renfe,MADRID,SEVILLA,2019-05-10 10:00:00,2019-05-10 12:32:00,2.53,AVE,Turista,76.3,Flexible,,{},2019-04-11 21:51:08
453,renfe,MADRID,SEVILLA,2019-05-10 21:25:00,2019-05-11 00:10:00,2.75,AV City,Turista,62.2,Flexible,,{},2019-04-11 21:51:08
454,renfe,MADRID,SEVILLA,2019-05-10 11:00:00,2019-05-10 13:32:00,2.53,AVE,Turista,60.3,Promo,,{},2019-04-11 21:51:08
455,renfe,MADRID,SEVILLA,2019-05-10 15:00:00,2019-05-10 17:21:00,2.35,AVE,Preferente,128.5,Flexible,,{},2019-04-11 21:51:08
456,renfe,MADRID,SEVILLA,2019-05-10 11:05:00,2019-05-10 13:41:00,2.6,ALVIA,Turista,,Promo,,{},2019-04-11 21:51:08
457,renfe,MADRID,SEVILLA,2019-05-10 18:35:00,2019-05-10 21:08:00,2.55,ALVIA,Turista,,Flexible,,{},2019-04-11 21:51:08
458,renfe,MADRID,SEVILLA,2019-05-10 12:00:00,2019-05-10 14:32:00,2.53,AVE,Turista,60.3,Promo,,{},2019-04-11 21:51:08
459,renfe,MADRID,SEVILLA,2019-05-10 19:00:00,2019-05-10 21:38:00,2.63,AVE,Turista,76.3,Flexible,,{},2019-04-11 21:51:08
460,renfe,MADRID,SEVILLA,2019-05-10 13:00:00,2019-05-10 15:40:00,2.67,AVE,Turista,60.3,Promo,,{},2019-04-11 21:51:08
461,renfe,MADRID,SEVILLA,2019-05-10 17:00:00,2019-05-10 19:38:00,2.63,AVE,Turista,76.3,Flexible,,{},2019-04-11 21:51:08
462,renfe,MADRID,SEVILLA,2019-05-10 13:10:00,2019-05-10 20:51:00,7.68,MD-LD,Turista,,Flexible,,{},2019-04-11 21:51:08
463,renfe,MADRID,SEVILLA,2019-05-10 10:00:00,2019-05-10 12:32:00,2.53,AVE,Turista,76.3,Flexible,,{},2019-04-11 21:51:08
464,renfe,MADRID,SEVILLA,2019-05-10 13:30:00,2019-05-10 16:05:00,2.58,ALVIA,Turista,,Flexible,,{},2019-04-11 21:51:08
465,renfe,MADRID,SEVILLA,2019-05-10 06:20:00,2019-05-10 09:16:00,2.93,AV City,Turista,49.15,Promo,,{},2019-04-11 21:51:08
466,renfe,MADRID,SEVILLA,2019-05-10 14:00:00,2019-05-10 16:32:00,2.53,AVE,Turista,76.3,Flexible,,{},2019-04-11 21:51:08
467,renfe,MADRID,SEVILLA,2019-05-10 11:05:00,2019-05-10 13:41:00,2.6,ALVIA,Turista,,Promo,,{},2019-04-11 21:51:08
468,renfe,MADRID,SEVILLA,2019-05-10 15:00:00,2019-05-10 17:21:00,2.35,AVE,Preferente,128.5,Flexible,,{},2019-04-11 21:51:08
469,renfe,MADRID,SEVILLA,2019-05-10 20:00:00,2019-05-10 22:21:00,2.35,AVE,Turista Plus,72.3,Promo,,{},2019-04-11 21:51:08
470,renfe,MADRID,SEVILLA,2019-05-10 16:00:00,2019-05-10 18:30:00,2.5,AVE,Turista,76.3,Flexible,,{},2019-04-11 21:51:08
471,renfe,MADRID,SEVILLA,2019-05-10 16:30:00,2019-05-10 18:55:00,2.42,AVE,Turista,76.3,Flexible,,{},2019-04-11 21:51:08
472,renfe,MADRID,SEVILLA,2019-05-10 17:00:00,2019-05-10 19:38:00,2.63,AVE,Turista,76.3,Flexible,,{},2019-04-11 21:51:08
473,renfe,MADRID,SEVILLA,2019-05-10 18:00:00,2019-05-10 20:32:00,2.53,AVE,Turista,76.3,Flexible,,{},2019-04-11 21:51:08
474,renfe,MADRID,SEVILLA,2019-05-10 18:35:00,2019-05-10 21:08:00,2.55,ALVIA,Turista,,Flexible,,{},2019-04-11 21:51:08
475,renfe,MADRID,SEVILLA,2019-05-10 19:00:00,2019-05-10 21:38:00,2.63,AVE,Turista,76.3,Flexible,,{},2019-04-11 21:51:08
476,renfe,MADRID,SEVILLA,2019-05-10 19:30:00,2019-05-10 22:05:00,2.58,AVE,Preferente,69.4,Promo,,{},2019-04-11 21:51:08
477,renfe,MADRID,SEVILLA,2019-05-10 20:00:00,2019-05-10 22:21:00,2.35,AVE,Turista Plus,72.3,Promo,,{},2019-04-11 21:51:08
478,renfe,MADRID,SEVILLA,2019-05-10 20:35:00,2019-05-10 23:15:00,2.67,AVE,Preferente,69.4,Promo,,{},2019-04-11 21:51:08
479,renfe,MADRID,SEVILLA,2019-05-10 21:25:00,2019-05-11 00:10:00,2.75,AV City,Turista,62.2,Flexible,,{},2019-04-11 21:51:08
480,renfe,MADRID,SEVILLA,2019-05-10 20:35:00,2019-05-10 23:15:00,2.67,AVE,Preferente,69.4,Promo,,{},2019-04-11 21:51:08
481,renfe,MADRID,SEVILLA,2019-05-10 16:30:00,2019-05-10 18:55:00,2.42,AVE,Turista,76.3,Flexible,,{},2019-04-11 21:51:08
482,renfe,MADRID,SEVILLA,2019-05-10 08:30:00,2019-05-10 11:14:00,2.73,ALVIA,Turista,,Flexible,,{},2019-04-11 21:51:08
483,renfe,MADRID,SEVILLA,2019-05-10 08:00:00,2019-05-10 10:32:00,2.53,AVE,Turista,76.3,Flexible,,{},2019-04-11 21:51:08
484,renfe,MADRID,SEVILLA,2019-05-10 13:00:00,2019-05-10 15:40:00,2.67,AVE,Turista,60.3,Promo,,{},2019-04-11 21:51:08
485,renfe,MADRID,SEVILLA,2019-05-10 09:45:00,2019-05-10 12:27:00,2.7,INTERCITY,Turista,,Flexible,,{},2019-04-11 21:51:08
486,renfe,MADRID,SEVILLA,2019-05-10 13:30:00,2019-05-10 16:05:00,2.58,ALVIA,Turista,,Flexible,,{},2019-04-11 21:51:08
487,renfe,MADRID,SEVILLA,2019-05-10 14:00:00,2019-05-10 16:32:00,2.53,AVE,Turista,76.3,Flexible,,{},2019-04-11 21:51:08
488,renfe,MADRID,SEVILLA,2019-05-10 09:00:00,2019-05-10 11:38:00,2.63,AVE,Turista,76.3,Flexible,,{},2019-04-11 21:51:08
489,renfe,MADRID,SEVILLA,2019-04-13 13:10:00,2019-04-13 20:51:00,7.68,MD-LD,Turista con enlace,34.35,Promo +,,{},2019-04-11 21:51:18
490,renfe,MADRID,SEVILLA,2019-04-13 07:00:00,2019-04-13 09:55:00,2.92,AV City,Turista,62.2,Flexible,,{},2019-04-11 21:51:18
491,renfe,MADRID,SEVILLA,2019-04-13 19:00:00,2019-04-13 21:38:00,2.63,AVE,Turista,76.3,Flexible,,{},2019-04-11 21:51:18
492,renfe,MADRID,SEVILLA,2019-04-13 08:00:00,2019-04-13 10:32:00,2.53,AVE,Turista,,Flexible,,{},2019-04-11 21:51:18
493,renfe,MADRID,SEVILLA,2019-04-13 09:00:00,2019-04-13 11:38:00,2.63,AVE,Turista,76.3,Flexible,,{},2019-04-11 21:51:18
494,renfe,MADRID,SEVILLA,2019-04-13 08:30:00,2019-04-13 11:14:00,2.73,ALVIA,Turista,,Flexible,,{},2019-04-11 21:51:18
495,renfe,MADRID,SEVILLA,2019-04-13 11:05:00,2019-04-13 13:41:00,2.6,ALVIA,Preferente,61.2,Promo,,{},2019-04-11 21:51:18
496,renfe,MADRID,SEVILLA,2019-04-13 09:00:00,2019-04-13 11:38:00,2.63,AVE,Turista,76.3,Flexible,,{},2019-04-11 21:51:18
497,renfe,MADRID,SEVILLA,2019-04-13 17:00:00,2019-04-13 19:38:00,2.63,AVE,Turista,,Flexible,,{},2019-04-11 21:51:18
498,renfe,MADRID,SEVILLA,2019-04-13 09:45:00,2019-04-13 12:27:00,2.7,INTERCITY,Turista,,Flexible,,{},2019-04-11 21:51:18
499,renfe,MADRID,SEVILLA,2019-04-13 16:00:00,2019-04-13 18:30:00,2.5,AVE,Turista,76.3,Flexible,,{},2019-04-11 21:51:18
500,renfe,MADRID,SEVILLA,2019-04-13 10:00:00,2019-04-13 12:32:00,2.53,AVE,Turista,76.3,Flexible,,{},2019-04-11 21:51:18
501,renfe,MADRID,SEVILLA,2019-04-13 21:25:00,2019-04-14 00:10:00,2.75,AV City,Turista,49.15,Promo,,{},2019-04-11 21:51:18
502,renfe,MADRID,SEVILLA,2019-04-13 11:00:00,2019-04-13 13:32:00,2.53,AVE,Turista,76.3,Flexible,,{},2019-04-11 21:51:18
503,renfe,MADRID,SEVILLA,2019-04-13 08:30:00,2019-04-13 11:14:00,2.73,ALVIA,Turista,,Flexible,,{},2019-04-11 21:51:18
504,renfe,MADRID,SEVILLA,2019-04-13 11:05:00,2019-04-13 13:41:00,2.6,ALVIA,Preferente,61.2,Promo,,{},2019-04-11 21:51:18
505,renfe,MADRID,SEVILLA,2019-04-13 20:35:00,2019-04-13 23:15:00,2.67,AVE,Turista,,Promo,,{},2019-04-11 21:51:18
506,renfe,MADRID,SEVILLA,2019-04-13 12:00:00,2019-04-13 14:32:00,2.53,AVE,Turista,76.3,Flexible,,{},2019-04-11 21:51:18
507,renfe,MADRID,SEVILLA,2019-04-13 09:45:00,2019-04-13 12:27:00,2.7,INTERCITY,Turista,,Flexible,,{},2019-04-11 21:51:18
508,renfe,MADRID,SEVILLA,2019-04-13 13:10:00,2019-04-13 20:51:00,7.68,MD-LD,Turista con enlace,34.35,Promo +,,{},2019-04-11 21:51:18
509,renfe,MADRID,SEVILLA,2019-04-13 07:00:00,2019-04-13 09:55:00,2.92,AV City,Turista,62.2,Flexible,,{},2019-04-11 21:51:18
510,renfe,MADRID,SEVILLA,2019-04-13 13:30:00,2019-04-13 16:05:00,2.58,ALVIA,Turista,,Flexible,,{},2019-04-11 21:51:18
511,renfe,MADRID,SEVILLA,2019-04-13 14:00:00,2019-04-13 16:32:00,2.53,AVE,Turista,76.3,Flexible,,{},2019-04-11 21:51:18
512,renfe,MADRID,SEVILLA,2019-04-13 14:00:00,2019-04-13 16:32:00,2.53,AVE,Turista,76.3,Flexible,,{},2019-04-11 21:51:18
513,renfe,MADRID,SEVILLA,2019-04-13 16:00:00,2019-04-13 18:30:00,2.5,AVE,Turista,76.3,Flexible,,{},2019-04-11 21:51:18
514,renfe,MADRID,SEVILLA,2019-04-13 17:00:00,2019-04-13 19:38:00,2.63,AVE,Turista,,Flexible,,{},2019-04-11 21:51:18
515,renfe,MADRID,SEVILLA,2019-04-13 18:00:00,2019-04-13 20:32:00,2.53,AVE,Turista,76.3,Flexible,,{},2019-04-11 21:51:18
516,renfe,MADRID,SEVILLA,2019-04-13 19:00:00,2019-04-13 21:38:00,2.63,AVE,Turista,76.3,Flexible,,{},2019-04-11 21:51:18
517,renfe,MADRID,SEVILLA,2019-04-13 20:35:00,2019-04-13 23:15:00,2.67,AVE,Turista,,Promo,,{},2019-04-11 21:51:18
518,renfe,MADRID,SEVILLA,2019-04-13 21:25:00,2019-04-14 00:10:00,2.75,AV City,Turista,49.15,Promo,,{},2019-04-11 21:51:18
519,renfe,MADRID,SEVILLA,2019-04-13 11:00:00,2019-04-13 13:32:00,2.53,AVE,Turista,76.3,Flexible,,{},2019-04-11 21:51:18
520,renfe,MADRID,SEVILLA,2019-04-13 13:30:00,2019-04-13 16:05:00,2.58,ALVIA,Turista,,Flexible,,{},2019-04-11 21:51:18
521,renfe,MADRID,SEVILLA,2019-04-13 12:00:00,2019-04-13 14:32:00,2.53,AVE,Turista,76.3,Flexible,,{},2019-04-11 21:51:18
522,renfe,MADRID,SEVILLA,2019-04-13 08:00:00,2019-04-13 10:32:00,2.53,AVE,Turista,,Flexible,,{},2019-04-11 21:51:18
523,renfe,MADRID,SEVILLA,2019-04-13 18:00:00,2019-04-13 20:32:00,2.53,AVE,Turista,76.3,Flexible,,{},2019-04-11 21:51:18
524,renfe,MADRID,SEVILLA,2019-04-13 10:00:00,2019-04-13 12:32:00,2.53,AVE,Turista,76.3,Flexible,,{},2019-04-11 21:51:18
525,renfe,MADRID,SEVILLA,2019-04-15 08:30:00,2019-04-15 11:14:00,2.73,ALVIA,Turista,,Flexible,,{},2019-04-11 21:51:24
526,renfe,MADRID,SEVILLA,2019-04-15 06:20:00,2019-04-15 09:16:00,2.93,AV City,Turista,49.15,Promo,,{},2019-04-11 21:51:24
527,renfe,MADRID,SEVILLA,2019-04-15 09:45:00,2019-04-15 12:27:00,2.7,INTERCITY,Turista,62.2,Flexible,,{},2019-04-11 21:51:24
528,renfe,MADRID,SEVILLA,2019-04-15 07:00:00,2019-04-15 09:32:00,2.53,AVE,Preferente,69.4,Promo,,{},2019-04-11 21:51:24
529,renfe,MADRID,SEVILLA,2019-04-15 16:30:00,2019-04-15 18:51:00,2.35,AVE,Turista,60.3,Promo,,{},2019-04-11 21:51:24
530,renfe,MADRID,SEVILLA,2019-04-15 08:00:00,2019-04-15 10:32:00,2.53,AVE,Turista,76.3,Flexible,,{},2019-04-11 21:51:24
531,renfe,MADRID,SEVILLA,2019-04-15 10:00:00,2019-04-15 12:32:00,2.53,AVE,Turista,76.3,Flexible,,{},2019-04-11 21:51:24
532,renfe,MADRID,SEVILLA,2019-04-15 08:30:00,2019-04-15 11:14:00,2.73,ALVIA,Turista,,Flexible,,{},2019-04-11 21:51:24
533,renfe,MADRID,SEVILLA,2019-04-15 06:20:00,2019-04-15 09:16:00,2.93,AV City,Turista,49.15,Promo,,{},2019-04-11 21:51:24
534,renfe,MADRID,SEVILLA,2019-04-15 09:00:00,2019-04-15 11:38:00,2.63,AVE,Turista,76.3,Flexible,,{},2019-04-11 21:51:24
535,renfe,MADRID,SEVILLA,2019-04-15 16:00:00,2019-04-15 18:30:00,2.5,AVE,Turista,60.3,Promo,,{},2019-04-11 21:51:24
536,renfe,MADRID,SEVILLA,2019-04-15 09:45:00,2019-04-15 12:27:00,2.7,INTERCITY,Turista,62.2,Flexible,,{},2019-04-11 21:51:24
537,renfe,MADRID,SEVILLA,2019-04-15 13:00:00,2019-04-15 15:40:00,2.67,AVE,Turista,60.3,Promo,,{},2019-04-11 21:51:24
538,renfe,MADRID,SEVILLA,2019-04-15 10:00:00,2019-04-15 12:32:00,2.53,AVE,Turista,76.3,Flexible,,{},2019-04-11 21:51:24
539,renfe,MADRID,SEVILLA,2019-04-15 15:00:00,2019-04-15 17:21:00,2.35,AVE,Preferente,69.4,Promo,,{},2019-04-11 21:51:24
540,renfe,MADRID,SEVILLA,2019-04-15 11:00:00,2019-04-15 13:32:00,2.53,AVE,Turista,76.3,Flexible,,{},2019-04-11 21:51:24
541,renfe,MADRID,SEVILLA,2019-04-15 07:00:00,2019-04-15 09:32:00,2.53,AVE,Preferente,69.4,Promo,,{},2019-04-11 21:51:24
542,renfe,MADRID,SEVILLA,2019-04-15 11:05:00,2019-04-15 13:41:00,2.6,ALVIA,Turista,,Flexible,,{},2019-04-11 21:51:24
543,renfe,MADRID,SEVILLA,2019-04-15 09:00:00,2019-04-15 11:38:00,2.63,AVE,Turista,76.3,Flexible,,{},2019-04-11 21:51:24
544,renfe,MADRID,SEVILLA,2019-04-15 12:00:00,2019-04-15 14:32:00,2.53,AVE,Turista,76.3,Flexible,,{},2019-04-11 21:51:24
545,renfe,MADRID,SEVILLA,2019-04-15 08:00:00,2019-04-15 10:32:00,2.53,AVE,Turista,76.3,Flexible,,{},2019-04-11 21:51:24
546,renfe,MADRID,SEVILLA,2019-04-15 13:00:00,2019-04-15 15:40:00,2.67,AVE,Turista,60.3,Promo,,{},2019-04-11 21:51:24
547,renfe,MADRID,SEVILLA,2019-04-15 12:00:00,2019-04-15 14:32:00,2.53,AVE,Turista,76.3,Flexible,,{},2019-04-11 21:51:24
548,renfe,MADRID,SEVILLA,2019-04-15 13:10:00,2019-04-15 20:51:00,7.68,MD-LD,Turista con enlace,34.35,Promo +,,{},2019-04-11 21:51:24
549,renfe,MADRID,SEVILLA,2019-04-15 11:00:00,2019-04-15 13:32:00,2.53,AVE,Turista,76.3,Flexible,,{},2019-04-11 21:51:24
550,renfe,MADRID,SEVILLA,2019-04-15 13:30:00,2019-04-15 16:05:00,2.58,ALVIA,Preferente,,Promo,,{},2019-04-11 21:51:24
551,renfe,MADRID,SEVILLA,2019-04-15 21:25:00,2019-04-16 00:10:00,2.75,AV City,Turista,43.55,Promo,,{},2019-04-11 21:51:24
552,renfe,MADRID,SEVILLA,2019-04-15 14:00:00,2019-04-15 16:32:00,2.53,AVE,Preferente,69.4,Promo,,{},2019-04-11 21:51:24
553,renfe,MADRID,SEVILLA,2019-04-15 14:00:00,2019-04-15 16:32:00,2.53,AVE,Preferente,69.4,Promo,,{},2019-04-11 21:51:24
554,renfe,MADRID,SEVILLA,2019-04-15 15:00:00,2019-04-15 17:21:00,2.35,AVE,Preferente,69.4,Promo,,{},2019-04-11 21:51:24
555,renfe,MADRID,SEVILLA,2019-04-15 18:00:00,2019-04-15 20:32:00,2.53,AVE,Turista,60.3,Promo,,{},2019-04-11 21:51:24
556,renfe,MADRID,SEVILLA,2019-04-15 16:00:00,2019-04-15 18:30:00,2.5,AVE,Turista,60.3,Promo,,{},2019-04-11 21:51:24
557,renfe,MADRID,SEVILLA,2019-04-15 13:30:00,2019-04-15 16:05:00,2.58,ALVIA,Preferente,,Promo,,{},2019-04-11 21:51:24
558,renfe,MADRID,SEVILLA,2019-04-15 16:30:00,2019-04-15 18:51:00,2.35,AVE,Turista,60.3,Promo,,{},2019-04-11 21:51:24
559,renfe,MADRID,SEVILLA,2019-04-15 19:00:00,2019-04-15 21:38:00,2.63,AVE,Turista,60.3,Promo,,{},2019-04-11 21:51:24
560,renfe,MADRID,SEVILLA,2019-04-15 17:00:00,2019-04-15 19:38:00,2.63,AVE,Preferente,69.4,Promo,,{},2019-04-11 21:51:24
561,renfe,MADRID,SEVILLA,2019-04-15 18:00:00,2019-04-15 20:32:00,2.53,AVE,Turista,60.3,Promo,,{},2019-04-11 21:51:24
562,renfe,MADRID,SEVILLA,2019-04-15 19:00:00,2019-04-15 21:38:00,2.63,AVE,Turista,60.3,Promo,,{},2019-04-11 21:51:24
563,renfe,MADRID,SEVILLA,2019-04-15 20:35:00,2019-04-15 23:15:00,2.67,AVE,Turista,53.4,Promo,,{},2019-04-11 21:51:24
564,renfe,MADRID,SEVILLA,2019-04-15 21:25:00,2019-04-16 00:10:00,2.75,AV City,Turista,43.55,Promo,,{},2019-04-11 21:51:24
565,renfe,MADRID,SEVILLA,2019-04-15 11:05:00,2019-04-15 13:41:00,2.6,ALVIA,Turista,,Flexible,,{},2019-04-11 21:51:24
566,renfe,MADRID,SEVILLA,2019-04-15 13:10:00,2019-04-15 20:51:00,7.68,MD-LD,Turista con enlace,34.35,Promo +,,{},2019-04-11 21:51:24
567,renfe,MADRID,SEVILLA,2019-04-15 17:00:00,2019-04-15 19:38:00,2.63,AVE,Preferente,69.4,Promo,,{},2019-04-11 21:51:24
568,renfe,MADRID,SEVILLA,2019-04-15 20:35:00,2019-04-15 23:15:00,2.67,AVE,Turista,53.4,Promo,,{},2019-04-11 21:51:24
569,renfe,MADRID,SEVILLA,2019-05-17 18:00:00,2019-05-17 20:32:00,2.53,AVE,Turista,76.3,Flexible,,{},2019-04-11 21:51:34
570,renfe,MADRID,SEVILLA,2019-05-17 06:20:00,2019-05-17 09:16:00,2.93,AV City,Turista,49.15,Promo,,{},2019-04-11 21:51:34
571,renfe,MADRID,SEVILLA,2019-05-17 18:35:00,2019-05-17 21:08:00,2.55,ALVIA,Preferente,87.4,Flexible,,{},2019-04-11 21:51:34
572,renfe,MADRID,SEVILLA,2019-05-17 07:00:00,2019-05-17 09:32:00,2.53,AVE,Turista,76.3,Flexible,,{},2019-04-11 21:51:34
573,renfe,MADRID,SEVILLA,2019-05-17 14:00:00,2019-05-17 16:32:00,2.53,AVE,Preferente,101.5,Promo,,{},2019-04-11 21:51:34
574,renfe,MADRID,SEVILLA,2019-05-17 08:00:00,2019-05-17 10:32:00,2.53,AVE,Turista,76.3,Flexible,,{},2019-04-11 21:51:34
575,renfe,MADRID,SEVILLA,2019-04-18 10:00:00,2019-04-18 12:32:00,2.53,AVE,Turista Plus,91.5,Flexible,,{},2019-04-11 21:51:34
576,renfe,MADRID,SEVILLA,2019-05-17 08:30:00,2019-05-17 11:14:00,2.73,ALVIA,Turista,,Flexible,,{},2019-04-11 21:51:34
577,renfe,MADRID,SEVILLA,2019-05-17 12:00:00,2019-05-17 14:32:00,2.53,AVE,Turista,60.3,Promo,,{},2019-04-11 21:51:34
578,renfe,MADRID,SEVILLA,2019-05-17 09:00:00,2019-05-17 11:38:00,2.63,AVE,Turista,76.3,Flexible,,{},2019-04-11 21:51:34
579,renfe,MADRID,SEVILLA,2019-05-17 17:00:00,2019-05-17 19:38:00,2.63,AVE,Turista,76.3,Flexible,,{},2019-04-11 21:51:34
580,renfe,MADRID,SEVILLA,2019-05-17 09:45:00,2019-05-17 12:27:00,2.7,INTERCITY,Turista,62.2,Flexible,,{},2019-04-11 21:51:34
581,renfe,MADRID,SEVILLA,2019-04-18 08:00:00,2019-04-18 10:32:00,2.53,AVE,Turista,76.3,Flexible,,{},2019-04-11 21:51:34
582,renfe,MADRID,SEVILLA,2019-05-17 10:00:00,2019-05-17 12:32:00,2.53,AVE,Turista,76.3,Flexible,,{},2019-04-11 21:51:34
583,renfe,MADRID,SEVILLA,2019-04-18 07:00:00,2019-04-18 09:55:00,2.92,AV City,Preferente,,Flexible,,{},2019-04-11 21:51:34
584,renfe,MADRID,SEVILLA,2019-05-17 11:00:00,2019-05-17 13:32:00,2.53,AVE,Turista,60.3,Promo,,{},2019-04-11 21:51:34
585,renfe,MADRID,SEVILLA,2019-04-18 09:00:00,2019-04-18 11:38:00,2.63,AVE,Turista,76.3,Flexible,,{},2019-04-11 21:51:34
586,renfe,MADRID,SEVILLA,2019-05-17 11:05:00,2019-05-17 13:41:00,2.6,ALVIA,Turista,,Promo,,{},2019-04-11 21:51:34
587,renfe,MADRID,SEVILLA,2019-05-17 11:00:00,2019-05-17 13:32:00,2.53,AVE,Turista,60.3,Promo,,{},2019-04-11 21:51:34
588,renfe,MADRID,SEVILLA,2019-05-17 12:00:00,2019-05-17 14:32:00,2.53,AVE,Turista,60.3,Promo,,{},2019-04-11 21:51:34
589,renfe,MADRID,SEVILLA,2019-05-17 19:30:00,2019-05-17 22:05:00,2.58,AVE,Turista,76.3,Flexible,,{},2019-04-11 21:51:34
590,renfe,MADRID,SEVILLA,2019-05-17 13:00:00,2019-05-17 15:40:00,2.67,AVE,Turista,60.3,Promo,,{},2019-04-11 21:51:34
591,renfe,MADRID,SEVILLA,2019-05-17 15:00:00,2019-05-17 17:21:00,2.35,AVE,Turista,76.3,Flexible,,{},2019-04-11 21:51:34
592,renfe,MADRID,SEVILLA,2019-05-17 13:10:00,2019-05-17 20:51:00,7.68,MD-LD,Preferente,,Promo,,{},2019-04-11 21:51:34
593,renfe,MADRID,SEVILLA,2019-05-17 21:25:00,2019-05-18 00:10:00,2.75,AV City,Turista Plus,58.95,Promo,,{},2019-04-11 21:51:34
594,renfe,MADRID,SEVILLA,2019-05-17 13:30:00,2019-05-17 16:05:00,2.58,ALVIA,Preferente,,Promo,,{},2019-04-11 21:51:34
595,renfe,MADRID,SEVILLA,2019-04-18 18:00:00,2019-04-18 20:32:00,2.53,AVE,Turista,76.3,Flexible,,{},2019-04-11 21:51:34
596,renfe,MADRID,SEVILLA,2019-05-17 14:00:00,2019-05-17 16:32:00,2.53,AVE,Preferente,101.5,Promo,,{},2019-04-11 21:51:34
597,renfe,MADRID,SEVILLA,2019-04-18 09:45:00,2019-04-18 12:27:00,2.7,INTERCITY,Turista,62.2,Flexible,,{},2019-04-11 21:51:34
598,renfe,MADRID,SEVILLA,2019-05-17 15:00:00,2019-05-17 17:21:00,2.35,AVE,Turista,76.3,Flexible,,{},2019-04-11 21:51:34
599,renfe,MADRID,SEVILLA,2019-04-18 11:00:00,2019-04-18 13:32:00,2.53,AVE,Turista,76.3,Flexible,,{},2019-04-11 21:51:34
600,renfe,MADRID,SEVILLA,2019-05-17 16:00:00,2019-05-17 18:30:00,2.5,AVE,Turista,76.3,Flexible,,{},2019-04-11 21:51:34
601,renfe,MADRID,SEVILLA,2019-04-18 14:00:00,2019-04-18 16:32:00,2.53,AVE,Preferente,,Flexible,,{},2019-04-11 21:51:34
602,renfe,MADRID,SEVILLA,2019-05-17 16:30:00,2019-05-17 18:55:00,2.42,AVE,Turista,76.3,Flexible,,{},2019-04-11 21:51:34
603,renfe,MADRID,SEVILLA,2019-05-17 07:00:00,2019-05-17 09:32:00,2.53,AVE,Turista,76.3,Flexible,,{},2019-04-11 21:51:34
604,renfe,MADRID,SEVILLA,2019-05-17 17:00:00,2019-05-17 19:38:00,2.63,AVE,Turista,76.3,Flexible,,{},2019-04-11 21:51:34
605,renfe,MADRID,SEVILLA,2019-04-18 06:20:00,2019-04-18 09:16:00,2.93,AV City,Turista,43.55,Promo,,{},2019-04-11 21:51:34
606,renfe,MADRID,SEVILLA,2019-05-17 18:00:00,2019-05-17 20:32:00,2.53,AVE,Turista,76.3,Flexible,,{},2019-04-11 21:51:34
607,renfe,MADRID,SEVILLA,2019-05-17 09:45:00,2019-05-17 12:27:00,2.7,INTERCITY,Turista,62.2,Flexible,,{},2019-04-11 21:51:34
608,renfe,MADRID,SEVILLA,2019-05-17 18:35:00,2019-05-17 21:08:00,2.55,ALVIA,Preferente,87.4,Flexible,,{},2019-04-11 21:51:34
609,renfe,MADRID,SEVILLA,2019-05-17 20:00:00,2019-05-17 22:21:00,2.35,AVE,Turista,76.3,Flexible,,{},2019-04-11 21:51:34
610,renfe,MADRID,SEVILLA,2019-05-17 19:00:00,2019-05-17 21:38:00,2.63,AVE,Preferente,128.5,Flexible,,{},2019-04-11 21:51:34
611,renfe,MADRID,SEVILLA,2019-04-18 17:00:00,2019-04-18 19:38:00,2.63,AVE,Turista,76.3,Flexible,,{},2019-04-11 21:51:34
612,renfe,MADRID,SEVILLA,2019-05-17 19:30:00,2019-05-17 22:05:00,2.58,AVE,Turista,76.3,Flexible,,{},2019-04-11 21:51:34
613,renfe,MADRID,SEVILLA,2019-05-17 16:30:00,2019-05-17 18:55:00,2.42,AVE,Turista,76.3,Flexible,,{},2019-04-11 21:51:34
614,renfe,MADRID,SEVILLA,2019-05-17 20:00:00,2019-05-17 22:21:00,2.35,AVE,Turista,76.3,Flexible,,{},2019-04-11 21:51:34
615,renfe,MADRID,SEVILLA,2019-04-18 08:30:00,2019-04-18 11:14:00,2.73,ALVIA,Turista,,Flexible,,{},2019-04-11 21:51:34
616,renfe,MADRID,SEVILLA,2019-05-17 20:35:00,2019-05-17 23:15:00,2.67,AVE,Turista,76.3,Flexible,,{},2019-04-11 21:51:34
617,renfe,MADRID,SEVILLA,2019-04-18 07:00:00,2019-04-18 09:32:00,2.53,AVE,Preferente,128.5,Flexible,,{},2019-04-11 21:51:34
618,renfe,MADRID,SEVILLA,2019-05-17 21:25:00,2019-05-18 00:10:00,2.75,AV City,Turista Plus,58.95,Promo,,{},2019-04-11 21:51:34
619,renfe,MADRID,SEVILLA,2019-05-17 11:05:00,2019-05-17 13:41:00,2.6,ALVIA,Turista,,Promo,,{},2019-04-11 21:51:34
620,renfe,MADRID,SEVILLA,2019-04-18 06:20:00,2019-04-18 09:16:00,2.93,AV City,Turista,43.55,Promo,,{},2019-04-11 21:51:34
621,renfe,MADRID,SEVILLA,2019-04-18 12:00:00,2019-04-18 14:32:00,2.53,AVE,Turista,76.3,Flexible,,{},2019-04-11 21:51:34
622,renfe,MADRID,SEVILLA,2019-04-18 07:00:00,2019-04-18 09:55:00,2.92,AV City,Preferente,,Flexible,,{},2019-04-11 21:51:34
623,renfe,MADRID,SEVILLA,2019-05-17 08:30:00,2019-05-17 11:14:00,2.73,ALVIA,Turista,,Flexible,,{},2019-04-11 21:51:34
624,renfe,MADRID,SEVILLA,2019-04-18 07:00:00,2019-04-18 09:32:00,2.53,AVE,Preferente,128.5,Flexible,,{},2019-04-11 21:51:34
625,renfe,MADRID,SEVILLA,2019-05-17 09:00:00,2019-05-17 11:38:00,2.63,AVE,Turista,76.3,Flexible,,{},2019-04-11 21:51:34
626,renfe,MADRID,SEVILLA,2019-04-18 08:00:00,2019-04-18 10:32:00,2.53,AVE,Turista,76.3,Flexible,,{},2019-04-11 21:51:34
627,renfe,MADRID,SEVILLA,2019-04-18 13:30:00,2019-04-18 16:05:00,2.58,ALVIA,Preferente,,Flexible,,{},2019-04-11 21:51:34
628,renfe,MADRID,SEVILLA,2019-04-18 08:30:00,2019-04-18 11:14:00,2.73,ALVIA,Turista,,Flexible,,{},2019-04-11 21:51:34
629,renfe,MADRID,SEVILLA,2019-05-17 08:00:00,2019-05-17 10:32:00,2.53,AVE,Turista,76.3,Flexible,,{},2019-04-11 21:51:34
630,renfe,MADRID,SEVILLA,2019-04-18 09:00:00,2019-04-18 11:38:00,2.63,AVE,Turista,76.3,Flexible,,{},2019-04-11 21:51:34
631,renfe,MADRID,SEVILLA,2019-04-18 09:45:00,2019-04-18 12:27:00,2.7,INTERCITY,Turista,62.2,Flexible,,{},2019-04-11 21:51:34
632,renfe,MADRID,SEVILLA,2019-04-18 10:00:00,2019-04-18 12:32:00,2.53,AVE,Turista Plus,91.5,Flexible,,{},2019-04-11 21:51:34
633,renfe,MADRID,SEVILLA,2019-04-18 11:00:00,2019-04-18 13:32:00,2.53,AVE,Turista,76.3,Flexible,,{},2019-04-11 21:51:34
634,renfe,MADRID,SEVILLA,2019-04-18 11:05:00,2019-04-18 13:41:00,2.6,ALVIA,Preferente,61.2,Promo,,{},2019-04-11 21:51:34
635,renfe,MADRID,SEVILLA,2019-04-18 12:00:00,2019-04-18 14:32:00,2.53,AVE,Turista,76.3,Flexible,,{},2019-04-11 21:51:34
636,renfe,MADRID,SEVILLA,2019-04-18 13:00:00,2019-04-18 15:40:00,2.67,AVE,Turista,76.3,Flexible,,{},2019-04-11 21:51:34
637,renfe,MADRID,SEVILLA,2019-04-18 13:10:00,2019-04-18 20:51:00,7.68,MD-LD,Turista con enlace,34.35,Promo +,,{},2019-04-11 21:51:34
638,renfe,MADRID,SEVILLA,2019-04-18 13:30:00,2019-04-18 16:05:00,2.58,ALVIA,Preferente,,Flexible,,{},2019-04-11 21:51:34
639,renfe,MADRID,SEVILLA,2019-04-18 14:00:00,2019-04-18 16:32:00,2.53,AVE,Preferente,,Flexible,,{},2019-04-11 21:51:34
640,renfe,MADRID,SEVILLA,2019-04-18 16:00:00,2019-04-18 18:30:00,2.5,AVE,Preferente,128.5,Flexible,,{},2019-04-11 21:51:34
641,renfe,MADRID,SEVILLA,2019-04-18 17:00:00,2019-04-18 19:38:00,2.63,AVE,Turista,76.3,Flexible,,{},2019-04-11 21:51:34
642,renfe,MADRID,SEVILLA,2019-04-18 18:00:00,2019-04-18 20:32:00,2.53,AVE,Turista,76.3,Flexible,,{},2019-04-11 21:51:34
643,renfe,MADRID,SEVILLA,2019-04-18 19:00:00,2019-04-18 21:38:00,2.63,AVE,Preferente,69.4,Promo,,{},2019-04-11 21:51:34
644,renfe,MADRID,SEVILLA,2019-04-18 20:35:00,2019-04-18 23:15:00,2.67,AVE,Turista Plus,72.3,Promo,,{},2019-04-11 21:51:34
645,renfe,MADRID,SEVILLA,2019-04-18 21:25:00,2019-04-19 00:10:00,2.75,AV City,Turista Plus,58.95,Promo,,{},2019-04-11 21:51:34
646,renfe,MADRID,SEVILLA,2019-05-17 13:10:00,2019-05-17 20:51:00,7.68,MD-LD,Preferente,,Promo,,{},2019-04-11 21:51:34
647,renfe,MADRID,SEVILLA,2019-04-18 13:10:00,2019-04-18 20:51:00,7.68,MD-LD,Turista con enlace,34.35,Promo +,,{},2019-04-11 21:51:34
648,renfe,MADRID,SEVILLA,2019-04-18 13:00:00,2019-04-18 15:40:00,2.67,AVE,Turista,76.3,Flexible,,{},2019-04-11 21:51:34
649,renfe,MADRID,SEVILLA,2019-05-17 16:00:00,2019-05-17 18:30:00,2.5,AVE,Turista,76.3,Flexible,,{},2019-04-11 21:51:34
650,renfe,MADRID,SEVILLA,2019-04-18 20:35:00,2019-04-18 23:15:00,2.67,AVE,Turista Plus,72.3,Promo,,{},2019-04-11 21:51:34
651,renfe,MADRID,SEVILLA,2019-05-17 06:20:00,2019-05-17 09:16:00,2.93,AV City,Turista,49.15,Promo,,{},2019-04-11 21:51:34
652,renfe,MADRID,SEVILLA,2019-04-18 21:25:00,2019-04-19 00:10:00,2.75,AV City,Turista Plus,58.95,Promo,,{},2019-04-11 21:51:34
653,renfe,MADRID,SEVILLA,2019-04-18 11:05:00,2019-04-18 13:41:00,2.6,ALVIA,Preferente,61.2,Promo,,{},2019-04-11 21:51:34
654,renfe,MADRID,SEVILLA,2019-05-17 19:00:00,2019-05-17 21:38:00,2.63,AVE,Preferente,128.5,Flexible,,{},2019-04-11 21:51:34
655,renfe,MADRID,SEVILLA,2019-05-17 10:00:00,2019-05-17 12:32:00,2.53,AVE,Turista,76.3,Flexible,,{},2019-04-11 21:51:34
656,renfe,MADRID,SEVILLA,2019-04-18 16:00:00,2019-04-18 18:30:00,2.5,AVE,Preferente,128.5,Flexible,,{},2019-04-11 21:51:34
657,renfe,MADRID,SEVILLA,2019-05-17 13:30:00,2019-05-17 16:05:00,2.58,ALVIA,Preferente,,Promo,,{},2019-04-11 21:51:34
658,renfe,MADRID,SEVILLA,2019-05-17 20:35:00,2019-05-17 23:15:00,2.67,AVE,Turista,76.3,Flexible,,{},2019-04-11 21:51:34
659,renfe,MADRID,SEVILLA,2019-04-18 19:00:00,2019-04-18 21:38:00,2.63,AVE,Preferente,69.4,Promo,,{},2019-04-11 21:51:34
660,renfe,MADRID,SEVILLA,2019-05-17 13:00:00,2019-05-17 15:40:00,2.67,AVE,Turista,60.3,Promo,,{},2019-04-11 21:51:34
661,renfe,MADRID,SEVILLA,2019-05-21 11:00:00,2019-05-21 13:32:00,2.53,AVE,Turista,53.4,Promo,,{},2019-04-11 21:51:50
662,renfe,MADRID,SEVILLA,2019-05-21 06:20:00,2019-05-21 09:16:00,2.93,AV City,Turista,38.55,Promo,,{},2019-04-11 21:51:50
663,renfe,MADRID,SEVILLA,2019-05-21 16:00:00,2019-05-21 18:30:00,2.5,AVE,Turista,47.3,Promo,,{},2019-04-11 21:51:50
664,renfe,MADRID,SEVILLA,2019-05-21 07:00:00,2019-05-21 09:32:00,2.53,AVE,Turista,60.3,Promo,,{},2019-04-11 21:51:50
665,renfe,MADRID,SEVILLA,2019-05-21 13:10:00,2019-05-21 20:51:00,7.68,MD-LD,Preferente,,Promo,,{},2019-04-11 21:51:50
666,renfe,MADRID,SEVILLA,2019-05-21 07:30:00,2019-05-21 09:51:00,2.35,AVE,Turista,47.3,Promo,,{},2019-04-11 21:51:50
667,renfe,MADRID,SEVILLA,2019-05-21 06:20:00,2019-05-21 09:16:00,2.93,AV City,Turista,38.55,Promo,,{},2019-04-11 21:51:50
668,renfe,MADRID,SEVILLA,2019-05-21 08:00:00,2019-05-21 10:32:00,2.53,AVE,Turista,47.3,Promo,,{},2019-04-11 21:51:50
669,renfe,MADRID,SEVILLA,2019-05-21 18:35:00,2019-05-21 21:08:00,2.55,ALVIA,Turista,67.2,Flexible,,{},2019-04-11 21:51:50
670,renfe,MADRID,SEVILLA,2019-05-21 08:30:00,2019-05-21 11:14:00,2.73,ALVIA,Turista,,Promo,,{},2019-04-11 21:51:50
671,renfe,MADRID,SEVILLA,2019-05-21 08:30:00,2019-05-21 11:14:00,2.73,ALVIA,Turista,,Promo,,{},2019-04-11 21:51:50
672,renfe,MADRID,SEVILLA,2019-05-21 09:00:00,2019-05-21 11:38:00,2.63,AVE,Turista,53.4,Promo,,{},2019-04-11 21:51:50
673,renfe,MADRID,SEVILLA,2019-05-21 10:00:00,2019-05-21 12:32:00,2.53,AVE,Turista,47.3,Promo,,{},2019-04-11 21:51:50
674,renfe,MADRID,SEVILLA,2019-05-21 09:45:00,2019-05-21 12:27:00,2.7,INTERCITY,Turista,62.2,Flexible,,{},2019-04-11 21:51:50
675,renfe,MADRID,SEVILLA,2019-05-21 19:00:00,2019-05-21 21:38:00,2.63,AVE,Turista,76.3,Flexible,,{},2019-04-11 21:51:50
676,renfe,MADRID,SEVILLA,2019-05-21 10:00:00,2019-05-21 12:32:00,2.53,AVE,Turista,47.3,Promo,,{},2019-04-11 21:51:50
677,renfe,MADRID,SEVILLA,2019-05-21 14:00:00,2019-05-21 16:32:00,2.53,AVE,Turista,47.3,Promo,,{},2019-04-11 21:51:50
678,renfe,MADRID,SEVILLA,2019-05-21 11:00:00,2019-05-21 13:32:00,2.53,AVE,Turista,53.4,Promo,,{},2019-04-11 21:51:50
679,renfe,MADRID,SEVILLA,2019-05-21 12:00:00,2019-05-21 14:32:00,2.53,AVE,Turista,47.3,Promo,,{},2019-04-11 21:51:50
680,renfe,MADRID,SEVILLA,2019-05-21 11:05:00,2019-05-21 13:41:00,2.6,ALVIA,Turista,,Promo,,{},2019-04-11 21:51:50
681,renfe,MADRID,SEVILLA,2019-05-21 08:00:00,2019-05-21 10:32:00,2.53,AVE,Turista,47.3,Promo,,{},2019-04-11 21:51:50
682,renfe,MADRID,SEVILLA,2019-05-21 12:00:00,2019-05-21 14:32:00,2.53,AVE,Turista,47.3,Promo,,{},2019-04-11 21:51:50
683,renfe,MADRID,SEVILLA,2019-05-21 21:25:00,2019-05-22 00:10:00,2.75,AV City,Turista,43.55,Promo,,{},2019-04-11 21:51:50
684,renfe,MADRID,SEVILLA,2019-05-21 13:00:00,2019-05-21 15:40:00,2.67,AVE,Turista,47.3,Promo,,{},2019-04-11 21:51:50
685,renfe,MADRID,SEVILLA,2019-05-21 13:30:00,2019-05-21 16:05:00,2.58,ALVIA,Preferente,52.45,Promo,,{},2019-04-11 21:51:50
686,renfe,MADRID,SEVILLA,2019-05-21 13:10:00,2019-05-21 20:51:00,7.68,MD-LD,Preferente,,Promo,,{},2019-04-11 21:51:50
687,renfe,MADRID,SEVILLA,2019-05-21 17:00:00,2019-05-21 19:38:00,2.63,AVE,Preferente,69.4,Promo,,{},2019-04-11 21:51:50
688,renfe,MADRID,SEVILLA,2019-05-21 13:30:00,2019-05-21 16:05:00,2.58,ALVIA,Preferente,52.45,Promo,,{},2019-04-11 21:51:50
689,renfe,MADRID,SEVILLA,2019-05-21 13:00:00,2019-05-21 15:40:00,2.67,AVE,Turista,47.3,Promo,,{},2019-04-11 21:51:50
690,renfe,MADRID,SEVILLA,2019-05-21 14:00:00,2019-05-21 16:32:00,2.53,AVE,Turista,47.3,Promo,,{},2019-04-11 21:51:50
691,renfe,MADRID,SEVILLA,2019-05-21 09:45:00,2019-05-21 12:27:00,2.7,INTERCITY,Turista,62.2,Flexible,,{},2019-04-11 21:51:50
692,renfe,MADRID,SEVILLA,2019-05-21 15:00:00,2019-05-21 17:21:00,2.35,AVE,Turista,47.3,Promo,,{},2019-04-11 21:51:50
693,renfe,MADRID,SEVILLA,2019-05-21 16:00:00,2019-05-21 18:30:00,2.5,AVE,Turista,47.3,Promo,,{},2019-04-11 21:51:50
694,renfe,MADRID,SEVILLA,2019-05-21 16:30:00,2019-05-21 18:51:00,2.35,AVE,Turista,47.3,Promo,,{},2019-04-11 21:51:50
695,renfe,MADRID,SEVILLA,2019-05-21 17:00:00,2019-05-21 19:38:00,2.63,AVE,Preferente,69.4,Promo,,{},2019-04-11 21:51:50
696,renfe,MADRID,SEVILLA,2019-05-21 18:00:00,2019-05-21 20:32:00,2.53,AVE,Turista,76.3,Flexible,,{},2019-04-11 21:51:50
697,renfe,MADRID,SEVILLA,2019-05-21 18:35:00,2019-05-21 21:08:00,2.55,ALVIA,Turista,67.2,Flexible,,{},2019-04-11 21:51:50
698,renfe,MADRID,SEVILLA,2019-05-21 19:00:00,2019-05-21 21:38:00,2.63,AVE,Turista,76.3,Flexible,,{},2019-04-11 21:51:50
699,renfe,MADRID,SEVILLA,2019-05-21 20:35:00,2019-05-21 23:15:00,2.67,AVE,Turista,53.4,Promo,,{},2019-04-11 21:51:50
700,renfe,MADRID,SEVILLA,2019-05-21 21:25:00,2019-05-22 00:10:00,2.75,AV City,Turista,43.55,Promo,,{},2019-04-11 21:51:50
701,renfe,MADRID,SEVILLA,2019-05-21 07:00:00,2019-05-21 09:32:00,2.53,AVE,Turista,60.3,Promo,,{},2019-04-11 21:51:50
702,renfe,MADRID,SEVILLA,2019-05-21 09:00:00,2019-05-21 11:38:00,2.63,AVE,Turista,53.4,Promo,,{},2019-04-11 21:51:50
703,renfe,MADRID,SEVILLA,2019-05-21 18:00:00,2019-05-21 20:32:00,2.53,AVE,Turista,76.3,Flexible,,{},2019-04-11 21:51:50
704,renfe,MADRID,SEVILLA,2019-05-21 07:30:00,2019-05-21 09:51:00,2.35,AVE,Turista,47.3,Promo,,{},2019-04-11 21:51:50
705,renfe,MADRID,SEVILLA,2019-05-21 15:00:00,2019-05-21 17:21:00,2.35,AVE,Turista,47.3,Promo,,{},2019-04-11 21:51:50
706,renfe,MADRID,SEVILLA,2019-05-21 20:35:00,2019-05-21 23:15:00,2.67,AVE,Turista,53.4,Promo,,{},2019-04-11 21:51:50
707,renfe,MADRID,SEVILLA,2019-05-21 16:30:00,2019-05-21 18:51:00,2.35,AVE,Turista,47.3,Promo,,{},2019-04-11 21:51:50
708,renfe,MADRID,SEVILLA,2019-05-21 11:05:00,2019-05-21 13:41:00,2.6,ALVIA,Turista,,Promo,,{},2019-04-11 21:51:50
709,renfe,MADRID,SEVILLA,2019-04-22 07:00:00,2019-04-22 09:32:00,2.53,AVE,Turista,53.4,Promo,,{},2019-04-11 21:51:53
710,renfe,MADRID,SEVILLA,2019-05-01 07:00:00,2019-05-01 09:55:00,2.92,AV City,Turista,,Flexible,,{},2019-04-11 21:51:53
711,renfe,MADRID,SEVILLA,2019-04-22 08:00:00,2019-04-22 10:32:00,2.53,AVE,Turista,53.4,Promo,,{},2019-04-11 21:51:53
712,renfe,MADRID,SEVILLA,2019-05-01 08:00:00,2019-05-01 10:32:00,2.53,AVE,Turista,76.3,Flexible,,{},2019-04-11 21:51:53
713,renfe,MADRID,SEVILLA,2019-05-01 17:00:00,2019-05-01 19:38:00,2.63,AVE,Turista,76.3,Flexible,,{},2019-04-11 21:51:53
714,renfe,MADRID,SEVILLA,2019-05-01 08:30:00,2019-05-01 11:14:00,2.73,ALVIA,Turista,,Flexible,,{},2019-04-11 21:51:53
715,renfe,MADRID,SEVILLA,2019-05-01 16:00:00,2019-05-01 18:30:00,2.5,AVE,Preferente,128.5,Flexible,,{},2019-04-11 21:51:53
716,renfe,MADRID,SEVILLA,2019-05-01 09:00:00,2019-05-01 11:38:00,2.63,AVE,Turista,76.3,Flexible,,{},2019-04-11 21:51:53
717,renfe,MADRID,SEVILLA,2019-05-01 20:35:00,2019-05-01 23:15:00,2.67,AVE,Turista,76.3,Flexible,,{},2019-04-11 21:51:53
718,renfe,MADRID,SEVILLA,2019-05-01 09:45:00,2019-05-01 12:27:00,2.7,INTERCITY,Turista,,Flexible,,{},2019-04-11 21:51:53
719,renfe,MADRID,SEVILLA,2019-04-22 08:30:00,2019-04-22 11:14:00,2.73,ALVIA,Preferente,,Promo,,{},2019-04-11 21:51:53
720,renfe,MADRID,SEVILLA,2019-05-01 10:00:00,2019-05-01 12:32:00,2.53,AVE,Turista,76.3,Flexible,,{},2019-04-11 21:51:53
721,renfe,MADRID,SEVILLA,2019-05-01 13:10:00,2019-05-01 20:51:00,7.68,MD-LD,Turista con enlace,45.8,Flexible,,{},2019-04-11 21:51:53
722,renfe,MADRID,SEVILLA,2019-05-01 11:00:00,2019-05-01 13:32:00,2.53,AVE,Turista,76.3,Flexible,,{},2019-04-11 21:51:53
723,renfe,MADRID,SEVILLA,2019-05-01 08:30:00,2019-05-01 11:14:00,2.73,ALVIA,Turista,,Flexible,,{},2019-04-11 21:51:53
724,renfe,MADRID,SEVILLA,2019-05-01 11:05:00,2019-05-01 13:41:00,2.6,ALVIA,Turista,,Flexible,,{},2019-04-11 21:51:53
725,renfe,MADRID,SEVILLA,2019-04-22 17:00:00,2019-04-22 19:38:00,2.63,AVE,Turista,53.4,Promo,,{},2019-04-11 21:51:53
726,renfe,MADRID,SEVILLA,2019-05-01 12:00:00,2019-05-01 14:32:00,2.53,AVE,Turista,76.3,Flexible,,{},2019-04-11 21:51:53
727,renfe,MADRID,SEVILLA,2019-04-22 20:35:00,2019-04-22 23:15:00,2.67,AVE,Turista,47.3,Promo,,{},2019-04-11 21:51:53
728,renfe,MADRID,SEVILLA,2019-05-01 13:00:00,2019-05-01 15:40:00,2.67,AVE,Turista,76.3,Flexible,,{},2019-04-11 21:51:53
729,renfe,MADRID,SEVILLA,2019-05-01 09:00:00,2019-05-01 11:38:00,2.63,AVE,Turista,76.3,Flexible,,{},2019-04-11 21:51:53
730,renfe,MADRID,SEVILLA,2019-05-01 13:10:00,2019-05-01 20:51:00,7.68,MD-LD,Turista con enlace,45.8,Flexible,,{},2019-04-11 21:51:53
731,renfe,MADRID,SEVILLA,2019-05-01 13:30:00,2019-05-01 16:05:00,2.58,ALVIA,Turista,,Flexible,,{},2019-04-11 21:51:53
732,renfe,MADRID,SEVILLA,2019-05-01 13:30:00,2019-05-01 16:05:00,2.58,ALVIA,Turista,,Flexible,,{},2019-04-11 21:51:53
733,renfe,MADRID,SEVILLA,2019-04-22 11:00:00,2019-04-22 13:32:00,2.53,AVE,Turista,60.3,Promo,,{},2019-04-11 21:51:53
734,renfe,MADRID,SEVILLA,2019-05-01 14:00:00,2019-05-01 16:32:00,2.53,AVE,Turista,,Flexible,,{},2019-04-11 21:51:53
735,renfe,MADRID,SEVILLA,2019-05-01 21:25:00,2019-05-02 00:10:00,2.75,AV City,Turista,49.15,Promo,,{},2019-04-11 21:51:53
736,renfe,MADRID,SEVILLA,2019-05-01 15:00:00,2019-05-01 17:21:00,2.35,AVE,Turista,76.3,Flexible,,{},2019-04-11 21:51:53
737,renfe,MADRID,SEVILLA,2019-04-22 21:25:00,2019-04-23 00:10:00,2.75,AV City,Turista,43.55,Promo,,{},2019-04-11 21:51:53
738,renfe,MADRID,SEVILLA,2019-05-01 16:00:00,2019-05-01 18:30:00,2.5,AVE,Preferente,128.5,Flexible,,{},2019-04-11 21:51:53
739,renfe,MADRID,SEVILLA,2019-04-22 13:10:00,2019-04-22 20:51:00,7.68,MD-LD,Turista con enlace,34.35,Promo +,,{},2019-04-11 21:51:53
740,renfe,MADRID,SEVILLA,2019-05-01 17:00:00,2019-05-01 19:38:00,2.63,AVE,Turista,76.3,Flexible,,{},2019-04-11 21:51:53
741,renfe,MADRID,SEVILLA,2019-04-22 09:45:00,2019-04-22 12:27:00,2.7,INTERCITY,Turista,62.2,Flexible,,{},2019-04-11 21:51:53
742,renfe,MADRID,SEVILLA,2019-05-01 18:00:00,2019-05-01 20:32:00,2.53,AVE,Turista,76.3,Flexible,,{},2019-04-11 21:51:53
743,renfe,MADRID,SEVILLA,2019-04-22 09:00:00,2019-04-22 11:38:00,2.63,AVE,Preferente,69.4,Promo,,{},2019-04-11 21:51:53
744,renfe,MADRID,SEVILLA,2019-05-01 19:00:00,2019-05-01 21:38:00,2.63,AVE,Turista,76.3,Flexible,,{},2019-04-11 21:51:53
745,renfe,MADRID,SEVILLA,2019-04-22 16:00:00,2019-04-22 18:30:00,2.5,AVE,Turista,53.4,Promo,,{},2019-04-11 21:51:53
746,renfe,MADRID,SEVILLA,2019-05-01 20:35:00,2019-05-01 23:15:00,2.67,AVE,Turista,76.3,Flexible,,{},2019-04-11 21:51:53
747,renfe,MADRID,SEVILLA,2019-04-22 14:00:00,2019-04-22 16:32:00,2.53,AVE,Turista,53.4,Promo,,{},2019-04-11 21:51:53
748,renfe,MADRID,SEVILLA,2019-05-01 21:25:00,2019-05-02 00:10:00,2.75,AV City,Turista,49.15,Promo,,{},2019-04-11 21:51:53
749,renfe,MADRID,SEVILLA,2019-04-22 18:35:00,2019-04-22 21:08:00,2.55,ALVIA,Turista,67.2,Flexible,,{},2019-04-11 21:51:53
750,renfe,MADRID,SEVILLA,2019-04-22 06:20:00,2019-04-22 09:16:00,2.93,AV City,Turista,43.55,Promo,,{},2019-04-11 21:51:53
751,renfe,MADRID,SEVILLA,2019-05-01 11:00:00,2019-05-01 13:32:00,2.53,AVE,Turista,76.3,Flexible,,{},2019-04-11 21:51:53
752,renfe,MADRID,SEVILLA,2019-04-22 07:00:00,2019-04-22 09:32:00,2.53,AVE,Turista,53.4,Promo,,{},2019-04-11 21:51:53
753,renfe,MADRID,SEVILLA,2019-05-01 13:00:00,2019-05-01 15:40:00,2.67,AVE,Turista,76.3,Flexible,,{},2019-04-11 21:51:53
754,renfe,MADRID,SEVILLA,2019-04-22 07:30:00,2019-04-22 09:51:00,2.35,AVE,Turista,53.4,Promo,,{},2019-04-11 21:51:53
755,renfe,MADRID,SEVILLA,2019-04-22 18:00:00,2019-04-22 20:32:00,2.53,AVE,Turista,53.4,Promo,,{},2019-04-11 21:51:53
756,renfe,MADRID,SEVILLA,2019-04-22 08:00:00,2019-04-22 10:32:00,2.53,AVE,Turista,53.4,Promo,,{},2019-04-11 21:51:53
757,renfe,MADRID,SEVILLA,2019-05-01 08:00:00,2019-05-01 10:32:00,2.53,AVE,Turista,76.3,Flexible,,{},2019-04-11 21:51:53
758,renfe,MADRID,SEVILLA,2019-04-22 08:30:00,2019-04-22 11:14:00,2.73,ALVIA,Preferente,,Promo,,{},2019-04-11 21:51:53
759,renfe,MADRID,SEVILLA,2019-04-22 19:00:00,2019-04-22 21:38:00,2.63,AVE,Turista,53.4,Promo,,{},2019-04-11 21:51:53
760,renfe,MADRID,SEVILLA,2019-04-22 09:00:00,2019-04-22 11:38:00,2.63,AVE,Preferente,69.4,Promo,,{},2019-04-11 21:51:53
761,renfe,MADRID,SEVILLA,2019-04-22 15:00:00,2019-04-22 17:21:00,2.35,AVE,Turista,53.4,Promo,,{},2019-04-11 21:51:53
762,renfe,MADRID,SEVILLA,2019-04-22 09:45:00,2019-04-22 12:27:00,2.7,INTERCITY,Turista,62.2,Flexible,,{},2019-04-11 21:51:53
763,renfe,MADRID,SEVILLA,2019-05-01 18:00:00,2019-05-01 20:32:00,2.53,AVE,Turista,76.3,Flexible,,{},2019-04-11 21:51:53
764,renfe,MADRID,SEVILLA,2019-04-22 10:00:00,2019-04-22 12:32:00,2.53,AVE,Preferente,69.4,Promo,,{},2019-04-11 21:51:53
765,renfe,MADRID,SEVILLA,2019-04-22 10:00:00,2019-04-22 12:32:00,2.53,AVE,Preferente,69.4,Promo,,{},2019-04-11 21:51:53
766,renfe,MADRID,SEVILLA,2019-04-22 11:00:00,2019-04-22 13:32:00,2.53,AVE,Turista,60.3,Promo,,{},2019-04-11 21:51:53
767,renfe,MADRID,SEVILLA,2019-04-22 11:05:00,2019-04-22 13:41:00,2.6,ALVIA,Preferente,52.45,Promo,,{},2019-04-11 21:51:53
768,renfe,MADRID,SEVILLA,2019-04-22 12:00:00,2019-04-22 14:32:00,2.53,AVE,Preferente,69.4,Promo,,{},2019-04-11 21:51:53
769,renfe,MADRID,SEVILLA,2019-04-22 13:00:00,2019-04-22 15:40:00,2.67,AVE,Turista,53.4,Promo,,{},2019-04-11 21:51:53
770,renfe,MADRID,SEVILLA,2019-04-22 13:10:00,2019-04-22 20:51:00,7.68,MD-LD,Turista con enlace,34.35,Promo +,,{},2019-04-11 21:51:53
771,renfe,MADRID,SEVILLA,2019-04-22 13:30:00,2019-04-22 16:05:00,2.58,ALVIA,Turista,,Promo,,{},2019-04-11 21:51:53
772,renfe,MADRID,SEVILLA,2019-04-22 14:00:00,2019-04-22 16:32:00,2.53,AVE,Turista,53.4,Promo,,{},2019-04-11 21:51:53
773,renfe,MADRID,SEVILLA,2019-04-22 15:00:00,2019-04-22 17:21:00,2.35,AVE,Turista,53.4,Promo,,{},2019-04-11 21:51:53
774,renfe,MADRID,SEVILLA,2019-04-22 16:00:00,2019-04-22 18:30:00,2.5,AVE,Turista,53.4,Promo,,{},2019-04-11 21:51:53
775,renfe,MADRID,SEVILLA,2019-04-22 16:30:00,2019-04-22 18:51:00,2.35,AVE,Turista,47.3,Promo,,{},2019-04-11 21:51:53
776,renfe,MADRID,SEVILLA,2019-04-22 17:00:00,2019-04-22 19:38:00,2.63,AVE,Turista,53.4,Promo,,{},2019-04-11 21:51:53
777,renfe,MADRID,SEVILLA,2019-04-22 18:00:00,2019-04-22 20:32:00,2.53,AVE,Turista,53.4,Promo,,{},2019-04-11 21:51:53
778,renfe,MADRID,SEVILLA,2019-04-22 18:35:00,2019-04-22 21:08:00,2.55,ALVIA,Turista,67.2,Flexible,,{},2019-04-11 21:51:53
779,renfe,MADRID,SEVILLA,2019-04-22 19:00:00,2019-04-22 21:38:00,2.63,AVE,Turista,53.4,Promo,,{},2019-04-11 21:51:53
780,renfe,MADRID,SEVILLA,2019-04-22 20:35:00,2019-04-22 23:15:00,2.67,AVE,Turista,47.3,Promo,,{},2019-04-11 21:51:53
781,renfe,MADRID,SEVILLA,2019-04-22 21:25:00,2019-04-23 00:10:00,2.75,AV City,Turista,43.55,Promo,,{},2019-04-11 21:51:53
782,renfe,MADRID,SEVILLA,2019-04-22 16:30:00,2019-04-22 18:51:00,2.35,AVE,Turista,47.3,Promo,,{},2019-04-11 21:51:53
783,renfe,MADRID,SEVILLA,2019-05-01 11:05:00,2019-05-01 13:41:00,2.6,ALVIA,Turista,,Flexible,,{},2019-04-11 21:51:53
784,renfe,MADRID,SEVILLA,2019-04-22 06:20:00,2019-04-22 09:16:00,2.93,AV City,Turista,43.55,Promo,,{},2019-04-11 21:51:53
785,renfe,MADRID,SEVILLA,2019-05-01 15:00:00,2019-05-01 17:21:00,2.35,AVE,Turista,76.3,Flexible,,{},2019-04-11 21:51:53
786,renfe,MADRID,SEVILLA,2019-04-22 12:00:00,2019-04-22 14:32:00,2.53,AVE,Preferente,69.4,Promo,,{},2019-04-11 21:51:53
787,renfe,MADRID,SEVILLA,2019-04-22 11:05:00,2019-04-22 13:41:00,2.6,ALVIA,Preferente,52.45,Promo,,{},2019-04-11 21:51:53
788,renfe,MADRID,SEVILLA,2019-04-22 13:30:00,2019-04-22 16:05:00,2.58,ALVIA,Turista,,Promo,,{},2019-04-11 21:51:53
789,renfe,MADRID,SEVILLA,2019-05-01 19:00:00,2019-05-01 21:38:00,2.63,AVE,Turista,76.3,Flexible,,{},2019-04-11 21:51:53
790,renfe,MADRID,SEVILLA,2019-05-01 10:00:00,2019-05-01 12:32:00,2.53,AVE,Turista,76.3,Flexible,,{},2019-04-11 21:51:53
791,renfe,MADRID,SEVILLA,2019-05-01 14:00:00,2019-05-01 16:32:00,2.53,AVE,Turista,,Flexible,,{},2019-04-11 21:51:53
792,renfe,MADRID,SEVILLA,2019-05-01 07:00:00,2019-05-01 09:55:00,2.92,AV City,Turista,,Flexible,,{},2019-04-11 21:51:53
793,renfe,MADRID,SEVILLA,2019-04-22 13:00:00,2019-04-22 15:40:00,2.67,AVE,Turista,53.4,Promo,,{},2019-04-11 21:51:53
794,renfe,MADRID,SEVILLA,2019-05-01 12:00:00,2019-05-01 14:32:00,2.53,AVE,Turista,76.3,Flexible,,{},2019-04-11 21:51:53
795,renfe,MADRID,SEVILLA,2019-05-01 09:45:00,2019-05-01 12:27:00,2.7,INTERCITY,Turista,,Flexible,,{},2019-04-11 21:51:53
796,renfe,MADRID,SEVILLA,2019-04-22 07:30:00,2019-04-22 09:51:00,2.35,AVE,Turista,53.4,Promo,,{},2019-04-11 21:51:53
797,renfe,MADRID,BARCELONA,2019-06-01 17:30:00,2019-06-01 20:40:00,3.17,AVE,Turista Plus,38.8,Promo,,{},2019-04-11 21:52:08
798,renfe,MADRID,BARCELONA,2019-05-02 05:50:00,2019-05-02 08:55:00,3.08,AVE,Turista,49.55,Promo,,{},2019-04-11 21:52:08
799,renfe,MADRID,BARCELONA,2019-05-02 21:25:00,2019-05-02 23:55:00,2.5,AVE,Turista,49.55,Promo,,{},2019-04-11 21:52:08
800,renfe,MADRID,BARCELONA,2019-05-02 06:30:00,2019-05-02 09:20:00,2.83,AVE,Turista,49.55,Promo,,{},2019-04-11 21:52:08
801,renfe,MADRID,BARCELONA,2019-05-02 18:30:00,2019-05-02 21:20:00,2.83,AVE,Turista,58.15,Promo,,{},2019-04-11 21:52:08
802,renfe,MADRID,BARCELONA,2019-05-02 07:00:00,2019-05-02 09:30:00,2.5,AVE,Turista Plus,94.55,Promo,,{},2019-04-11 21:52:08
803,renfe,MADRID,BARCELONA,2019-06-01 11:30:00,2019-06-01 14:40:00,3.17,AVE,Turista,75.4,Promo,,{},2019-04-11 21:52:08
804,renfe,MADRID,BARCELONA,2019-05-02 07:15:00,2019-05-02 16:37:00,9.37,R. EXPRES,Turista,43.25,Adulto ida,,{},2019-04-11 21:52:08
805,renfe,MADRID,BARCELONA,2019-06-01 09:30:00,2019-06-01 12:34:00,3.07,AVE,Turista,75.4,Promo,,{},2019-04-11 21:52:08
806,renfe,MADRID,BARCELONA,2019-05-02 07:30:00,2019-05-02 10:40:00,3.17,AVE,Turista,85.1,Promo,,{},2019-04-11 21:52:08
807,renfe,MADRID,BARCELONA,2019-06-01 15:30:00,2019-06-01 18:40:00,3.17,AVE,Turista Plus,80.15,Promo,,{},2019-04-11 21:52:08
808,renfe,MADRID,BARCELONA,2019-05-02 08:30:00,2019-05-02 11:15:00,2.75,AVE,Turista,85.1,Promo,,{},2019-04-11 21:52:08
809,renfe,MADRID,BARCELONA,2019-05-02 06:30:00,2019-05-02 09:20:00,2.83,AVE,Turista,49.55,Promo,,{},2019-04-11 21:52:08
810,renfe,MADRID,BARCELONA,2019-05-02 09:30:00,2019-05-02 12:34:00,3.07,AVE,Turista,85.08,Promo,,{},2019-04-11 21:52:08
811,renfe,MADRID,BARCELONA,2019-05-02 07:30:00,2019-05-02 10:40:00,3.17,AVE,Turista,85.1,Promo,,{},2019-04-11 21:52:08
812,renfe,MADRID,BARCELONA,2019-05-02 10:30:00,2019-05-02 13:15:00,2.75,AVE,Turista,85.1,Promo,,{},2019-04-11 21:52:08
813,renfe,MADRID,BARCELONA,2019-05-02 08:30:00,2019-05-02 11:15:00,2.75,AVE,Turista,85.1,Promo,,{},2019-04-11 21:52:08
814,renfe,MADRID,BARCELONA,2019-05-02 11:30:00,2019-05-02 14:40:00,3.17,AVE,Turista,75.4,Promo,,{},2019-04-11 21:52:08
815,renfe,MADRID,BARCELONA,2019-05-02 20:30:00,2019-05-02 23:40:00,3.17,AVE,Turista,49.55,Promo,,{},2019-04-11 21:52:08
816,renfe,MADRID,BARCELONA,2019-05-02 12:30:00,2019-05-02 15:30:00,3.0,AVE,Turista,66.75,Promo,,{},2019-04-11 21:52:08
817,renfe,MADRID,BARCELONA,2019-06-01 13:25:00,2019-06-01 16:24:00,2.98,AVE-TGV,Turista,66.75,Promo,,{},2019-04-11 21:52:08
818,renfe,MADRID,BARCELONA,2019-05-02 13:25:00,2019-05-02 16:24:00,2.98,AVE-TGV,Turista,66.75,Promo,,{},2019-04-11 21:52:08
819,renfe,MADRID,BARCELONA,2019-05-02 12:30:00,2019-05-02 15:30:00,3.0,AVE,Turista,66.75,Promo,,{},2019-04-11 21:52:08
820,renfe,MADRID,BARCELONA,2019-05-02 14:30:00,2019-05-02 17:21:00,2.85,AVE,Turista,85.1,Promo,,{},2019-04-11 21:52:08
821,renfe,MADRID,BARCELONA,2019-05-02 15:30:00,2019-05-02 18:40:00,3.17,AVE,Turista Plus,80.15,Promo,,{},2019-04-11 21:52:08
822,renfe,MADRID,BARCELONA,2019-05-02 15:30:00,2019-05-02 18:40:00,3.17,AVE,Turista Plus,80.15,Promo,,{},2019-04-11 21:52:08
823,renfe,MADRID,BARCELONA,2019-05-02 17:30:00,2019-05-02 20:40:00,3.17,AVE,Preferente,54.45,Promo,,{},2019-04-11 21:52:08
824,renfe,MADRID,BARCELONA,2019-05-02 16:30:00,2019-05-02 19:15:00,2.75,AVE,Turista,66.75,Promo,,{},2019-04-11 21:52:08
825,renfe,MADRID,BARCELONA,2019-06-01 20:30:00,2019-06-01 23:40:00,3.17,AVE,Turista Plus,59.5,Promo,,{},2019-04-11 21:52:08
826,renfe,MADRID,BARCELONA,2019-05-02 17:00:00,2019-05-02 19:30:00,2.5,AVE,Turista,58.45,Promo,,{},2019-04-11 21:52:08
827,renfe,MADRID,BARCELONA,2019-06-01 12:30:00,2019-06-01 15:30:00,3.0,AVE,Turista Plus,80.15,Promo,,{},2019-04-11 21:52:08
828,renfe,MADRID,BARCELONA,2019-05-02 17:30:00,2019-05-02 20:40:00,3.17,AVE,Preferente,54.45,Promo,,{},2019-04-11 21:52:08
829,renfe,MADRID,BARCELONA,2019-06-01 07:30:00,2019-06-01 10:40:00,3.17,AVE,Turista,75.4,Promo,,{},2019-04-11 21:52:08
830,renfe,MADRID,BARCELONA,2019-05-02 18:30:00,2019-05-02 21:20:00,2.83,AVE,Turista,58.15,Promo,,{},2019-04-11 21:52:08
831,renfe,MADRID,BARCELONA,2019-05-02 17:00:00,2019-05-02 19:30:00,2.5,AVE,Turista,58.45,Promo,,{},2019-04-11 21:52:08
832,renfe,MADRID,BARCELONA,2019-05-02 19:00:00,2019-05-02 21:30:00,2.5,AVE,Turista,58.45,Promo,,{},2019-04-11 21:52:08
833,renfe,MADRID,BARCELONA,2019-06-01 10:30:00,2019-06-01 13:15:00,2.75,AVE,Turista,75.4,Promo,,{},2019-04-11 21:52:08
834,renfe,MADRID,BARCELONA,2019-05-02 19:30:00,2019-05-02 22:40:00,3.17,AVE,Turista,49.55,Promo,,{},2019-04-11 21:52:08
835,renfe,MADRID,BARCELONA,2019-05-02 09:30:00,2019-05-02 12:34:00,3.07,AVE,Turista,85.08,Promo,,{},2019-04-11 21:52:08
836,renfe,MADRID,BARCELONA,2019-05-02 20:30:00,2019-05-02 23:40:00,3.17,AVE,Turista,49.55,Promo,,{},2019-04-11 21:52:08
837,renfe,MADRID,BARCELONA,2019-05-02 14:30:00,2019-05-02 17:21:00,2.85,AVE,Turista,85.1,Promo,,{},2019-04-11 21:52:08
838,renfe,MADRID,BARCELONA,2019-05-02 21:25:00,2019-05-02 23:55:00,2.5,AVE,Turista,49.55,Promo,,{},2019-04-11 21:52:08
839,renfe,MADRID,BARCELONA,2019-05-02 05:50:00,2019-05-02 08:55:00,3.08,AVE,Turista,49.55,Promo,,{},2019-04-11 21:52:08
840,renfe,MADRID,BARCELONA,2019-06-01 06:20:00,2019-06-01 09:29:00,3.15,AVE,Turista,58.15,Promo,,{},2019-04-11 21:52:08
841,renfe,MADRID,BARCELONA,2019-06-01 06:20:00,2019-06-01 09:29:00,3.15,AVE,Turista,58.15,Promo,,{},2019-04-11 21:52:08
842,renfe,MADRID,BARCELONA,2019-06-01 07:30:00,2019-06-01 10:40:00,3.17,AVE,Turista,75.4,Promo,,{},2019-04-11 21:52:08
843,renfe,MADRID,BARCELONA,2019-05-02 11:30:00,2019-05-02 14:40:00,3.17,AVE,Turista,75.4,Promo,,{},2019-04-11 21:52:08
844,renfe,MADRID,BARCELONA,2019-06-01 08:30:00,2019-06-01 11:15:00,2.75,AVE,Turista,85.1,Promo,,{},2019-04-11 21:52:08
845,renfe,MADRID,BARCELONA,2019-05-02 07:00:00,2019-05-02 09:30:00,2.5,AVE,Turista Plus,94.55,Promo,,{},2019-04-11 21:52:08
846,renfe,MADRID,BARCELONA,2019-06-01 09:30:00,2019-06-01 12:34:00,3.07,AVE,Turista,75.4,Promo,,{},2019-04-11 21:52:08
847,renfe,MADRID,BARCELONA,2019-06-01 08:30:00,2019-06-01 11:15:00,2.75,AVE,Turista,85.1,Promo,,{},2019-04-11 21:52:08
848,renfe,MADRID,BARCELONA,2019-06-01 10:30:00,2019-06-01 13:15:00,2.75,AVE,Turista,75.4,Promo,,{},2019-04-11 21:52:08
849,renfe,MADRID,BARCELONA,2019-06-01 11:30:00,2019-06-01 14:40:00,3.17,AVE,Turista,75.4,Promo,,{},2019-04-11 21:52:08
850,renfe,MADRID,BARCELONA,2019-06-01 12:30:00,2019-06-01 15:30:00,3.0,AVE,Turista Plus,80.15,Promo,,{},2019-04-11 21:52:08
851,renfe,MADRID,BARCELONA,2019-06-01 13:25:00,2019-06-01 16:24:00,2.98,AVE-TGV,Turista,66.75,Promo,,{},2019-04-11 21:52:08
852,renfe,MADRID,BARCELONA,2019-06-01 15:30:00,2019-06-01 18:40:00,3.17,AVE,Turista Plus,80.15,Promo,,{},2019-04-11 21:52:08
853,renfe,MADRID,BARCELONA,2019-06-01 16:30:00,2019-06-01 19:15:00,2.75,AVE,Turista Plus,80.15,Promo,,{},2019-04-11 21:52:08
854,renfe,MADRID,BARCELONA,2019-06-01 17:30:00,2019-06-01 20:40:00,3.17,AVE,Turista Plus,38.8,Promo,,{},2019-04-11 21:52:08
855,renfe,MADRID,BARCELONA,2019-06-01 18:30:00,2019-06-01 21:20:00,2.83,AVE,Turista Plus,69.8,Promo,,{},2019-04-11 21:52:08
856,renfe,MADRID,BARCELONA,2019-06-01 19:30:00,2019-06-01 22:40:00,3.17,AVE,Turista Plus,38.8,Promo,,{},2019-04-11 21:52:08
857,renfe,MADRID,BARCELONA,2019-06-01 20:30:00,2019-06-01 23:40:00,3.17,AVE,Turista Plus,59.5,Promo,,{},2019-04-11 21:52:08
858,renfe,MADRID,BARCELONA,2019-05-02 10:30:00,2019-05-02 13:15:00,2.75,AVE,Turista,85.1,Promo,,{},2019-04-11 21:52:08
859,renfe,MADRID,BARCELONA,2019-05-02 16:30:00,2019-05-02 19:15:00,2.75,AVE,Turista,66.75,Promo,,{},2019-04-11 21:52:08
860,renfe,MADRID,BARCELONA,2019-05-02 19:30:00,2019-05-02 22:40:00,3.17,AVE,Turista,49.55,Promo,,{},2019-04-11 21:52:08
861,renfe,MADRID,BARCELONA,2019-05-02 13:25:00,2019-05-02 16:24:00,2.98,AVE-TGV,Turista,66.75,Promo,,{},2019-04-11 21:52:08
862,renfe,MADRID,BARCELONA,2019-05-02 19:00:00,2019-05-02 21:30:00,2.5,AVE,Turista,58.45,Promo,,{},2019-04-11 21:52:08
863,renfe,MADRID,BARCELONA,2019-06-01 16:30:00,2019-06-01 19:15:00,2.75,AVE,Turista Plus,80.15,Promo,,{},2019-04-11 21:52:08
864,renfe,MADRID,BARCELONA,2019-06-01 18:30:00,2019-06-01 21:20:00,2.83,AVE,Turista Plus,69.8,Promo,,{},2019-04-11 21:52:08
865,renfe,MADRID,BARCELONA,2019-05-02 07:15:00,2019-05-02 16:37:00,9.37,R. EXPRES,Turista,43.25,Adulto ida,,{},2019-04-11 21:52:08
866,renfe,MADRID,BARCELONA,2019-06-01 19:30:00,2019-06-01 22:40:00,3.17,AVE,Turista Plus,38.8,Promo,,{},2019-04-11 21:52:08
867,renfe,MADRID,VALENCIA,2019-05-11 14:10:00,2019-05-11 16:03:00,1.88,AVE,Turista,39.45,Promo,,{},2019-04-11 21:52:27
868,renfe,MADRID,VALENCIA,2019-05-12 09:40:00,2019-05-12 11:24:00,1.73,AVE,Turista,27.8,Promo,,{},2019-04-11 21:52:27
869,renfe,MADRID,VALENCIA,2019-05-11 10:40:00,2019-05-11 12:20:00,1.67,AVE,Turista,33.65,Promo,,{},2019-04-11 21:52:27
870,renfe,MADRID,VALENCIA,2019-05-12 10:40:00,2019-05-12 12:20:00,1.67,AVE,Turista,33.65,Promo,,{},2019-04-11 21:52:27
871,renfe,MADRID,VALENCIA,2019-05-11 08:40:00,2019-05-11 10:33:00,1.88,AVE,Turista,45.3,Promo,,{},2019-04-11 21:52:27
872,renfe,MADRID,VALENCIA,2019-05-12 11:10:00,2019-05-12 13:25:00,2.25,INTERCITY,Turista,29.9,Promo,,{},2019-04-11 21:52:27
873,renfe,MADRID,VALENCIA,2019-05-12 18:40:00,2019-05-12 20:20:00,1.67,AVE,Turista,73.1,Flexible,,{},2019-04-11 21:52:27
874,renfe,MADRID,VALENCIA,2019-05-12 11:55:00,2019-05-12 13:35:00,1.67,AVE,Turista,39.45,Promo,,{},2019-04-11 21:52:27
875,renfe,MADRID,VALENCIA,2019-05-11 11:10:00,2019-05-11 13:25:00,2.25,INTERCITY,Turista,29.9,Promo,,{},2019-04-11 21:52:27
876,renfe,MADRID,VALENCIA,2019-05-12 12:42:00,2019-05-12 19:04:00,6.37,REGIONAL,Turista,28.35,Adulto ida,,{},2019-04-11 21:52:27
877,renfe,MADRID,VALENCIA,2019-05-11 17:40:00,2019-05-11 19:20:00,1.67,AVE,Turista,45.3,Promo,,{},2019-04-11 21:52:27
878,renfe,MADRID,VALENCIA,2019-05-12 14:10:00,2019-05-12 16:03:00,1.88,AVE,Turista,45.3,Promo,,{},2019-04-11 21:52:27
879,renfe,MADRID,VALENCIA,2019-05-11 19:40:00,2019-05-11 21:29:00,1.82,AVE,Turista,45.3,Promo,,{},2019-04-11 21:52:27
880,renfe,MADRID,VALENCIA,2019-05-12 15:30:00,2019-05-12 22:31:00,7.02,AVE-MD,Turista con enlace,,Flexible,,{},2019-04-11 21:52:27
881,renfe,MADRID,VALENCIA,2019-05-12 11:55:00,2019-05-12 13:35:00,1.67,AVE,Turista,39.45,Promo,,{},2019-04-11 21:52:27
882,renfe,MADRID,VALENCIA,2019-05-12 15:40:00,2019-05-12 17:22:00,1.7,AVE,Turista,51.15,Promo,,{},2019-04-11 21:52:27
883,renfe,MADRID,VALENCIA,2019-05-11 11:55:00,2019-05-11 13:35:00,1.67,AVE,Turista,33.65,Promo,,{},2019-04-11 21:52:27
884,renfe,MADRID,VALENCIA,2019-05-12 16:30:00,2019-05-12 22:47:00,6.28,REGIONAL,Turista,28.35,Adulto ida,,{},2019-04-11 21:52:27
885,renfe,MADRID,VALENCIA,2019-05-12 15:40:00,2019-05-12 17:22:00,1.7,AVE,Turista,51.15,Promo,,{},2019-04-11 21:52:27
886,renfe,MADRID,VALENCIA,2019-05-12 16:45:00,2019-05-12 18:50:00,2.08,ALVIA,Preferente,46.15,Promo,,{},2019-04-11 21:52:27
887,renfe,MADRID,VALENCIA,2019-05-12 17:10:00,2019-05-12 18:54:00,1.73,AVE,Turista,73.1,Flexible,,{},2019-04-11 21:52:27
888,renfe,MADRID,VALENCIA,2019-05-12 16:55:00,2019-05-12 21:58:00,5.05,AVE-LD,Turista con enlace,42.05,Promo +,,{},2019-04-11 21:52:27
889,renfe,MADRID,VALENCIA,2019-05-12 20:40:00,2019-05-12 22:24:00,1.73,AVE,Turista,51.15,Promo,,{},2019-04-11 21:52:27
890,renfe,MADRID,VALENCIA,2019-05-12 17:10:00,2019-05-12 18:54:00,1.73,AVE,Turista,73.1,Flexible,,{},2019-04-11 21:52:27
891,renfe,MADRID,VALENCIA,2019-05-12 21:10:00,2019-05-12 23:03:00,1.88,AVE,Turista,45.3,Promo,,{},2019-04-11 21:52:27
892,renfe,MADRID,VALENCIA,2019-05-12 17:48:00,2019-05-12 21:58:00,4.17,INTERCITY,Turista,42.9,Flexible,,{},2019-04-11 21:52:27
893,renfe,MADRID,VALENCIA,2019-05-12 17:48:00,2019-05-12 21:58:00,4.17,INTERCITY,Turista,42.9,Flexible,,{},2019-04-11 21:52:27
894,renfe,MADRID,VALENCIA,2019-05-12 18:40:00,2019-05-12 20:20:00,1.67,AVE,Turista,73.1,Flexible,,{},2019-04-11 21:52:27
895,renfe,MADRID,VALENCIA,2019-05-11 09:40:00,2019-05-11 11:24:00,1.73,AVE,Turista,39.45,Promo,,{},2019-04-11 21:52:27
896,renfe,MADRID,VALENCIA,2019-05-12 19:40:00,2019-05-12 21:29:00,1.82,AVE,Turista,57.75,Promo,,{},2019-04-11 21:52:27
897,renfe,MADRID,VALENCIA,2019-05-12 09:40:00,2019-05-12 11:24:00,1.73,AVE,Turista,27.8,Promo,,{},2019-04-11 21:52:27
898,renfe,MADRID,VALENCIA,2019-05-12 20:40:00,2019-05-12 22:24:00,1.73,AVE,Turista,51.15,Promo,,{},2019-04-11 21:52:27
899,renfe,MADRID,VALENCIA,2019-05-12 14:10:00,2019-05-12 16:03:00,1.88,AVE,Turista,45.3,Promo,,{},2019-04-11 21:52:27
900,renfe,MADRID,VALENCIA,2019-05-12 21:10:00,2019-05-12 23:03:00,1.88,AVE,Turista,45.3,Promo,,{},2019-04-11 21:52:27
901,renfe,MADRID,VALENCIA,2019-05-12 16:45:00,2019-05-12 18:50:00,2.08,ALVIA,Preferente,46.15,Promo,,{},2019-04-11 21:52:27
902,renfe,MADRID,VALENCIA,2019-05-11 08:00:00,2019-05-11 14:10:00,6.17,REGIONAL,Turista,28.35,Adulto ida,,{},2019-04-11 21:52:27
903,renfe,MADRID,VALENCIA,2019-05-12 08:40:00,2019-05-12 10:33:00,1.88,AVE,Turista,27.8,Promo,,{},2019-04-11 21:52:27
904,renfe,MADRID,VALENCIA,2019-05-11 08:40:00,2019-05-11 10:33:00,1.88,AVE,Turista,45.3,Promo,,{},2019-04-11 21:52:27
905,renfe,MADRID,VALENCIA,2019-05-12 12:42:00,2019-05-12 19:04:00,6.37,REGIONAL,Turista,28.35,Adulto ida,,{},2019-04-11 21:52:27
906,renfe,MADRID,VALENCIA,2019-05-11 09:40:00,2019-05-11 11:24:00,1.73,AVE,Turista,39.45,Promo,,{},2019-04-11 21:52:27
907,renfe,MADRID,VALENCIA,2019-05-12 19:40:00,2019-05-12 21:29:00,1.82,AVE,Turista,57.75,Promo,,{},2019-04-11 21:52:27
908,renfe,MADRID,VALENCIA,2019-05-11 10:40:00,2019-05-11 12:20:00,1.67,AVE,Turista,33.65,Promo,,{},2019-04-11 21:52:27
909,renfe,MADRID,VALENCIA,2019-05-11 15:40:00,2019-05-11 17:22:00,1.7,AVE,Turista,39.45,Promo,,{},2019-04-11 21:52:27
910,renfe,MADRID,VALENCIA,2019-05-11 11:10:00,2019-05-11 13:25:00,2.25,INTERCITY,Turista,29.9,Promo,,{},2019-04-11 21:52:27
911,renfe,MADRID,VALENCIA,2019-05-12 06:20:00,2019-05-12 12:55:00,6.58,REGIONAL,Turista,28.35,Adulto ida,,{},2019-04-11 21:52:27
912,renfe,MADRID,VALENCIA,2019-05-11 11:55:00,2019-05-11 13:35:00,1.67,AVE,Turista,33.65,Promo,,{},2019-04-11 21:52:27
913,renfe,MADRID,VALENCIA,2019-05-11 14:10:00,2019-05-11 16:03:00,1.88,AVE,Turista,39.45,Promo,,{},2019-04-11 21:52:27
914,renfe,MADRID,VALENCIA,2019-05-11 15:30:00,2019-05-11 22:31:00,7.02,AVE-MD,Turista con enlace,,Flexible,,{},2019-04-11 21:52:27
915,renfe,MADRID,VALENCIA,2019-05-11 15:40:00,2019-05-11 17:22:00,1.7,AVE,Turista,39.45,Promo,,{},2019-04-11 21:52:27
916,renfe,MADRID,VALENCIA,2019-05-11 16:30:00,2019-05-11 22:47:00,6.28,REGIONAL,Turista,28.35,Adulto ida,,{},2019-04-11 21:52:27
917,renfe,MADRID,VALENCIA,2019-05-11 17:40:00,2019-05-11 19:20:00,1.67,AVE,Turista,45.3,Promo,,{},2019-04-11 21:52:27
918,renfe,MADRID,VALENCIA,2019-05-11 19:40:00,2019-05-11 21:29:00,1.82,AVE,Turista,45.3,Promo,,{},2019-04-11 21:52:27
919,renfe,MADRID,VALENCIA,2019-05-11 21:10:00,2019-05-11 23:03:00,1.88,AVE,Turista,33.65,Promo,,{},2019-04-11 21:52:27
920,renfe,MADRID,VALENCIA,2019-05-12 06:20:00,2019-05-12 12:55:00,6.58,REGIONAL,Turista,28.35,Adulto ida,,{},2019-04-11 21:52:27
921,renfe,MADRID,VALENCIA,2019-05-12 08:40:00,2019-05-12 10:33:00,1.88,AVE,Turista,27.8,Promo,,{},2019-04-11 21:52:27
922,renfe,MADRID,VALENCIA,2019-05-11 21:10:00,2019-05-11 23:03:00,1.88,AVE,Turista,33.65,Promo,,{},2019-04-11 21:52:27
923,renfe,MADRID,VALENCIA,2019-05-11 08:00:00,2019-05-11 14:10:00,6.17,REGIONAL,Turista,28.35,Adulto ida,,{},2019-04-11 21:52:27
924,renfe,MADRID,VALENCIA,2019-05-11 15:30:00,2019-05-11 22:31:00,7.02,AVE-MD,Turista con enlace,,Flexible,,{},2019-04-11 21:52:27
925,renfe,MADRID,VALENCIA,2019-05-12 11:10:00,2019-05-12 13:25:00,2.25,INTERCITY,Turista,29.9,Promo,,{},2019-04-11 21:52:27
926,renfe,MADRID,VALENCIA,2019-05-11 16:30:00,2019-05-11 22:47:00,6.28,REGIONAL,Turista,28.35,Adulto ida,,{},2019-04-11 21:52:27
927,renfe,MADRID,VALENCIA,2019-05-12 16:55:00,2019-05-12 21:58:00,5.05,AVE-LD,Turista con enlace,42.05,Promo +,,{},2019-04-11 21:52:27
928,renfe,MADRID,VALENCIA,2019-05-12 10:40:00,2019-05-12 12:20:00,1.67,AVE,Turista,33.65,Promo,,{},2019-04-11 21:52:27
929,renfe,MADRID,VALENCIA,2019-05-12 16:30:00,2019-05-12 22:47:00,6.28,REGIONAL,Turista,28.35,Adulto ida,,{},2019-04-11 21:52:27
930,renfe,MADRID,VALENCIA,2019-05-12 15:30:00,2019-05-12 22:31:00,7.02,AVE-MD,Turista con enlace,,Flexible,,{},2019-04-11 21:52:27
931,renfe,MADRID,VALENCIA,2019-05-17 09:10:00,2019-05-17 10:58:00,1.8,AVE,Turista,45.3,Promo,,{},2019-04-11 21:52:42
932,renfe,MADRID,VALENCIA,2019-05-16 06:08:00,2019-05-16 12:55:00,6.78,REGIONAL,Turista,28.35,Adulto ida,,{},2019-04-11 21:52:42
933,renfe,MADRID,VALENCIA,2019-05-17 17:48:00,2019-05-17 21:58:00,4.17,INTERCITY,Turista Plus,25.75,Promo,,{},2019-04-11 21:52:42
934,renfe,MADRID,VALENCIA,2019-05-16 06:45:00,2019-05-16 08:38:00,1.88,AVE,Turista,21.95,Promo,,{},2019-04-11 21:52:42
935,renfe,MADRID,VALENCIA,2019-05-17 16:55:00,2019-05-17 21:58:00,5.05,AVE-LD,Turista con enlace,56.1,Flexible,,{},2019-04-11 21:52:42
936,renfe,MADRID,VALENCIA,2019-05-16 07:40:00,2019-05-16 09:20:00,1.67,AVE,Turista,57.75,Promo,,{},2019-04-11 21:52:42
937,renfe,MADRID,VALENCIA,2019-05-16 17:48:00,2019-05-16 21:58:00,4.17,INTERCITY,Turista,21.45,Promo,,{},2019-04-11 21:52:42
938,renfe,MADRID,VALENCIA,2019-05-16 09:10:00,2019-05-16 10:58:00,1.8,AVE,Turista,51.15,Promo,,{},2019-04-11 21:52:42
939,renfe,MADRID,VALENCIA,2019-05-17 20:40:00,2019-05-17 22:24:00,1.73,AVE,Turista,45.3,Promo,,{},2019-04-11 21:52:42
940,renfe,MADRID,VALENCIA,2019-05-16 09:40:00,2019-05-16 11:24:00,1.73,AVE,Turista,39.45,Promo,,{},2019-04-11 21:52:42
941,renfe,MADRID,VALENCIA,2019-05-17 06:08:00,2019-05-17 12:55:00,6.78,REGIONAL,Turista,28.35,Adulto ida,,{},2019-04-11 21:52:42
942,renfe,MADRID,VALENCIA,2019-05-16 10:40:00,2019-05-16 12:20:00,1.67,AVE,Turista,21.95,Promo,,{},2019-04-11 21:52:42
943,renfe,MADRID,VALENCIA,2019-05-17 16:30:00,2019-05-17 22:47:00,6.28,REGIONAL,Turista,28.35,Adulto ida,,{},2019-04-11 21:52:42
944,renfe,MADRID,VALENCIA,2019-05-16 11:10:00,2019-05-16 13:25:00,2.25,INTERCITY,Turista,29.9,Promo,,{},2019-04-11 21:52:42
945,renfe,MADRID,VALENCIA,2019-05-16 19:40:00,2019-05-16 21:29:00,1.82,AVE,Turista,45.3,Promo,,{},2019-04-11 21:52:42
946,renfe,MADRID,VALENCIA,2019-05-16 11:55:00,2019-05-16 13:35:00,1.67,AVE,Turista,21.95,Promo,,{},2019-04-11 21:52:42
947,renfe,MADRID,VALENCIA,2019-05-17 17:10:00,2019-05-17 18:54:00,1.73,AVE,Preferente,66.55,Promo,,{},2019-04-11 21:52:42
948,renfe,MADRID,VALENCIA,2019-05-16 12:21:00,2019-05-16 19:04:00,6.72,REGIONAL,Turista,28.35,Adulto ida,,{},2019-04-11 21:52:42
949,renfe,MADRID,VALENCIA,2019-05-17 15:10:00,2019-05-17 17:20:00,2.17,INTERCITY,Turista,38.8,Promo,,{},2019-04-11 21:52:42
950,renfe,MADRID,VALENCIA,2019-05-16 12:40:00,2019-05-16 14:20:00,1.67,AVE,Turista,33.65,Promo,,{},2019-04-11 21:52:42
951,renfe,MADRID,VALENCIA,2019-05-17 16:45:00,2019-05-17 18:50:00,2.08,ALVIA,Turista,,Flexible,,{},2019-04-11 21:52:42
952,renfe,MADRID,VALENCIA,2019-05-16 14:10:00,2019-05-16 16:03:00,1.88,AVE,Turista,33.65,Promo,,{},2019-04-11 21:52:42
953,renfe,MADRID,VALENCIA,2019-05-16 18:40:00,2019-05-16 20:20:00,1.67,AVE,Turista,57.75,Promo,,{},2019-04-11 21:52:42
954,renfe,MADRID,VALENCIA,2019-05-16 15:10:00,2019-05-16 16:52:00,1.7,AVE,Turista,33.65,Promo,,{},2019-04-11 21:52:42
955,renfe,MADRID,VALENCIA,2019-05-17 11:10:00,2019-05-17 13:25:00,2.25,INTERCITY,Turista,29.9,Promo,,{},2019-04-11 21:52:42
956,renfe,MADRID,VALENCIA,2019-05-16 15:30:00,2019-05-16 22:31:00,7.02,AVE-MD,Turista con enlace,,Flexible,,{},2019-04-11 21:52:42
957,renfe,MADRID,VALENCIA,2019-05-17 12:21:00,2019-05-17 19:04:00,6.72,REGIONAL,Turista,28.35,Adulto ida,,{},2019-04-11 21:52:42
958,renfe,MADRID,VALENCIA,2019-05-16 15:40:00,2019-05-16 17:22:00,1.7,AVE,Turista,57.75,Promo,,{},2019-04-11 21:52:42
959,renfe,MADRID,VALENCIA,2019-05-16 06:45:00,2019-05-16 08:38:00,1.88,AVE,Turista,21.95,Promo,,{},2019-04-11 21:52:42
960,renfe,MADRID,VALENCIA,2019-05-16 16:05:00,2019-05-16 22:47:00,6.7,REGIONAL,Turista,28.35,Adulto ida,,{},2019-04-11 21:52:42
961,renfe,MADRID,VALENCIA,2019-05-17 18:40:00,2019-05-17 20:20:00,1.67,AVE,Turista,57.75,Promo,,{},2019-04-11 21:52:42
962,renfe,MADRID,VALENCIA,2019-05-16 16:45:00,2019-05-16 18:50:00,2.08,ALVIA,Turista,,Flexible,,{},2019-04-11 21:52:42
963,renfe,MADRID,VALENCIA,2019-05-17 19:40:00,2019-05-17 21:29:00,1.82,AVE,Turista,51.15,Promo,,{},2019-04-11 21:52:42
964,renfe,MADRID,VALENCIA,2019-05-16 16:55:00,2019-05-16 21:58:00,5.05,AVE-LD,Turista con enlace,39.25,Promo,,{},2019-04-11 21:52:42
965,renfe,MADRID,VALENCIA,2019-05-16 16:05:00,2019-05-16 22:47:00,6.7,REGIONAL,Turista,28.35,Adulto ida,,{},2019-04-11 21:52:42
966,renfe,MADRID,VALENCIA,2019-05-16 17:40:00,2019-05-16 19:20:00,1.67,AVE,Turista,57.75,Promo,,{},2019-04-11 21:52:42
967,renfe,MADRID,VALENCIA,2019-05-16 15:10:00,2019-05-16 16:52:00,1.7,AVE,Turista,33.65,Promo,,{},2019-04-11 21:52:42
968,renfe,MADRID,VALENCIA,2019-05-16 17:48:00,2019-05-16 21:58:00,4.17,INTERCITY,Turista,21.45,Promo,,{},2019-04-11 21:52:42
969,renfe,MADRID,VALENCIA,2019-05-16 16:55:00,2019-05-16 21:58:00,5.05,AVE-LD,Turista con enlace,39.25,Promo,,{},2019-04-11 21:52:42
970,renfe,MADRID,VALENCIA,2019-05-16 18:40:00,2019-05-16 20:20:00,1.67,AVE,Turista,57.75,Promo,,{},2019-04-11 21:52:42
971,renfe,MADRID,VALENCIA,2019-05-17 09:40:00,2019-05-17 11:24:00,1.73,AVE,Turista,39.45,Promo,,{},2019-04-11 21:52:42
972,renfe,MADRID,VALENCIA,2019-05-16 19:40:00,2019-05-16 21:29:00,1.82,AVE,Turista,45.3,Promo,,{},2019-04-11 21:52:42
973,renfe,MADRID,VALENCIA,2019-05-17 06:45:00,2019-05-17 08:38:00,1.88,AVE,Turista,33.65,Promo,,{},2019-04-11 21:52:42
974,renfe,MADRID,VALENCIA,2019-05-16 20:40:00,2019-05-16 22:24:00,1.73,AVE,Turista,57.75,Promo,,{},2019-04-11 21:52:42
975,renfe,MADRID,VALENCIA,2019-05-16 09:10:00,2019-05-16 10:58:00,1.8,AVE,Turista,51.15,Promo,,{},2019-04-11 21:52:42
976,renfe,MADRID,VALENCIA,2019-05-16 21:10:00,2019-05-16 23:03:00,1.88,AVE,Turista,33.65,Promo,,{},2019-04-11 21:52:42
977,renfe,MADRID,VALENCIA,2019-05-16 21:10:00,2019-05-16 23:03:00,1.88,AVE,Turista,33.65,Promo,,{},2019-04-11 21:52:42
978,renfe,MADRID,VALENCIA,2019-05-17 06:08:00,2019-05-17 12:55:00,6.78,REGIONAL,Turista,28.35,Adulto ida,,{},2019-04-11 21:52:42
979,renfe,MADRID,VALENCIA,2019-05-16 20:40:00,2019-05-16 22:24:00,1.73,AVE,Turista,57.75,Promo,,{},2019-04-11 21:52:42
980,renfe,MADRID,VALENCIA,2019-05-17 06:45:00,2019-05-17 08:38:00,1.88,AVE,Turista,33.65,Promo,,{},2019-04-11 21:52:42
981,renfe,MADRID,VALENCIA,2019-05-16 15:30:00,2019-05-16 22:31:00,7.02,AVE-MD,Turista con enlace,,Flexible,,{},2019-04-11 21:52:42
982,renfe,MADRID,VALENCIA,2019-05-17 09:10:00,2019-05-17 10:58:00,1.8,AVE,Turista,45.3,Promo,,{},2019-04-11 21:52:42
983,renfe,MADRID,VALENCIA,2019-05-17 18:10:00,2019-05-17 19:50:00,1.67,AVE,Preferente,66.55,Promo,,{},2019-04-11 21:52:42
984,renfe,MADRID,VALENCIA,2019-05-17 09:40:00,2019-05-17 11:24:00,1.73,AVE,Turista,39.45,Promo,,{},2019-04-11 21:52:42
985,renfe,MADRID,VALENCIA,2019-05-17 15:10:00,2019-05-17 17:20:00,2.17,INTERCITY,Turista,38.8,Promo,,{},2019-04-11 21:52:42
986,renfe,MADRID,VALENCIA,2019-05-17 10:40:00,2019-05-17 12:20:00,1.67,AVE,Turista,39.45,Promo,,{},2019-04-11 21:52:42
987,renfe,MADRID,VALENCIA,2019-05-16 06:08:00,2019-05-16 12:55:00,6.78,REGIONAL,Turista,28.35,Adulto ida,,{},2019-04-11 21:52:42
988,renfe,MADRID,VALENCIA,2019-05-17 11:10:00,2019-05-17 13:25:00,2.25,INTERCITY,Turista,29.9,Promo,,{},2019-04-11 21:52:42
989,renfe,MADRID,VALENCIA,2019-05-17 17:40:00,2019-05-17 19:20:00,1.67,AVE,Preferente,66.55,Promo,,{},2019-04-11 21:52:42
990,renfe,MADRID,VALENCIA,2019-05-17 12:21:00,2019-05-17 19:04:00,6.72,REGIONAL,Turista,28.35,Adulto ida,,{},2019-04-11 21:52:42
991,renfe,MADRID,VALENCIA,2019-05-16 12:40:00,2019-05-16 14:20:00,1.67,AVE,Turista,33.65,Promo,,{},2019-04-11 21:52:42
992,renfe,MADRID,VALENCIA,2019-05-17 12:40:00,2019-05-17 14:20:00,1.67,AVE,Turista,45.3,Promo,,{},2019-04-11 21:52:42
993,renfe,MADRID,VALENCIA,2019-05-16 07:40:00,2019-05-16 09:20:00,1.67,AVE,Turista,57.75,Promo,,{},2019-04-11 21:52:42
994,renfe,MADRID,VALENCIA,2019-05-17 14:10:00,2019-05-17 16:03:00,1.88,AVE,Turista,45.3,Promo,,{},2019-04-11 21:52:42
995,renfe,MADRID,VALENCIA,2019-05-16 17:40:00,2019-05-16 19:20:00,1.67,AVE,Turista,57.75,Promo,,{},2019-04-11 21:52:42
996,renfe,MADRID,VALENCIA,2019-05-17 15:10:00,2019-05-17 17:20:00,2.17,INTERCITY,Turista,38.8,Promo,,{},2019-04-11 21:52:42
997,renfe,MADRID,VALENCIA,2019-05-17 15:10:00,2019-05-17 17:20:00,2.17,INTERCITY,Turista,38.8,Promo,,{},2019-04-11 21:52:42
998,renfe,MADRID,VALENCIA,2019-05-17 15:30:00,2019-05-17 22:31:00,7.02,AVE-MD,Turista con enlace,,Flexible,,{},2019-04-11 21:52:42
999,renfe,MADRID,VALENCIA,2019-05-17 15:40:00,2019-05-17 17:22:00,1.7,AVE,Turista,57.75,Promo,,{},2019-04-11 21:52:42
1000,renfe,MADRID,VALENCIA,2019-05-17 16:30:00,2019-05-17 22:47:00,6.28,REGIONAL,Turista,28.35,Adulto ida,,{},2019-04-11 21:52:42
1001,renfe,MADRID,VALENCIA,2019-05-17 16:45:00,2019-05-17 18:50:00,2.08,ALVIA,Turista,,Flexible,,{},2019-04-11 21:52:42
1002,renfe,MADRID,VALENCIA,2019-05-17 16:55:00,2019-05-17 21:58:00,5.05,AVE-LD,Turista con enlace,56.1,Flexible,,{},2019-04-11 21:52:42
1003,renfe,MADRID,VALENCIA,2019-05-17 17:10:00,2019-05-17 18:54:00,1.73,AVE,Preferente,66.55,Promo,,{},2019-04-11 21:52:42
1004,renfe,MADRID,VALENCIA,2019-05-17 17:40:00,2019-05-17 19:20:00,1.67,AVE,Preferente,66.55,Promo,,{},2019-04-11 21:52:42
1005,renfe,MADRID,VALENCIA,2019-05-17 17:48:00,2019-05-17 21:58:00,4.17,INTERCITY,Turista Plus,25.75,Promo,,{},2019-04-11 21:52:42
1006,renfe,MADRID,VALENCIA,2019-05-17 18:10:00,2019-05-17 19:50:00,1.67,AVE,Preferente,66.55,Promo,,{},2019-04-11 21:52:42
1007,renfe,MADRID,VALENCIA,2019-05-17 18:40:00,2019-05-17 20:20:00,1.67,AVE,Turista,57.75,Promo,,{},2019-04-11 21:52:42
1008,renfe,MADRID,VALENCIA,2019-05-17 19:40:00,2019-05-17 21:29:00,1.82,AVE,Turista,51.15,Promo,,{},2019-04-11 21:52:42
1009,renfe,MADRID,VALENCIA,2019-05-17 20:40:00,2019-05-17 22:24:00,1.73,AVE,Turista,45.3,Promo,,{},2019-04-11 21:52:42
1010,renfe,MADRID,VALENCIA,2019-05-17 21:10:00,2019-05-17 23:03:00,1.88,AVE,Turista,45.3,Promo,,{},2019-04-11 21:52:42
1011,renfe,MADRID,VALENCIA,2019-05-16 10:40:00,2019-05-16 12:20:00,1.67,AVE,Turista,21.95,Promo,,{},2019-04-11 21:52:42
1012,renfe,MADRID,VALENCIA,2019-05-17 12:40:00,2019-05-17 14:20:00,1.67,AVE,Turista,45.3,Promo,,{},2019-04-11 21:52:42
1013,renfe,MADRID,VALENCIA,2019-05-16 16:45:00,2019-05-16 18:50:00,2.08,ALVIA,Turista,,Flexible,,{},2019-04-11 21:52:42
1014,renfe,MADRID,VALENCIA,2019-05-16 11:10:00,2019-05-16 13:25:00,2.25,INTERCITY,Turista,29.9,Promo,,{},2019-04-11 21:52:42
1015,renfe,MADRID,VALENCIA,2019-05-17 14:10:00,2019-05-17 16:03:00,1.88,AVE,Turista,45.3,Promo,,{},2019-04-11 21:52:42
1016,renfe,MADRID,VALENCIA,2019-05-17 15:40:00,2019-05-17 17:22:00,1.7,AVE,Turista,57.75,Promo,,{},2019-04-11 21:52:42
1017,renfe,MADRID,VALENCIA,2019-05-17 10:40:00,2019-05-17 12:20:00,1.67,AVE,Turista,39.45,Promo,,{},2019-04-11 21:52:42
1018,renfe,MADRID,VALENCIA,2019-05-16 14:10:00,2019-05-16 16:03:00,1.88,AVE,Turista,33.65,Promo,,{},2019-04-11 21:52:42
1019,renfe,MADRID,VALENCIA,2019-05-16 11:55:00,2019-05-16 13:35:00,1.67,AVE,Turista,21.95,Promo,,{},2019-04-11 21:52:42
1020,renfe,MADRID,VALENCIA,2019-05-17 21:10:00,2019-05-17 23:03:00,1.88,AVE,Turista,45.3,Promo,,{},2019-04-11 21:52:42
1021,renfe,MADRID,VALENCIA,2019-05-16 12:21:00,2019-05-16 19:04:00,6.72,REGIONAL,Turista,28.35,Adulto ida,,{},2019-04-11 21:52:42
1022,renfe,MADRID,VALENCIA,2019-05-16 09:40:00,2019-05-16 11:24:00,1.73,AVE,Turista,39.45,Promo,,{},2019-04-11 21:52:42
1023,renfe,MADRID,VALENCIA,2019-05-17 15:30:00,2019-05-17 22:31:00,7.02,AVE-MD,Turista con enlace,,Flexible,,{},2019-04-11 21:52:42
1024,renfe,MADRID,VALENCIA,2019-05-16 15:40:00,2019-05-16 17:22:00,1.7,AVE,Turista,57.75,Promo,,{},2019-04-11 21:52:42
1025,renfe,MADRID,BARCELONA,2019-06-06 07:15:00,2019-06-06 16:37:00,9.37,R. EXPRES,Turista,43.25,Adulto ida,,{},2019-04-11 21:52:58
1026,renfe,MADRID,BARCELONA,2019-06-06 07:15:00,2019-06-06 16:37:00,9.37,R. EXPRES,Turista,43.25,Adulto ida,,{},2019-04-11 21:52:58
1027,renfe,MADRID,BARCELONA,2019-06-07 07:15:00,2019-06-07 16:37:00,9.37,R. EXPRES,Turista,43.25,Adulto ida,,{},2019-04-11 21:53:01
1028,renfe,MADRID,BARCELONA,2019-06-07 07:15:00,2019-06-07 16:37:00,9.37,R. EXPRES,Turista,43.25,Adulto ida,,{},2019-04-11 21:53:01
1029,renfe,MADRID,VALENCIA,2019-06-07 06:08:00,2019-06-07 12:55:00,6.78,REGIONAL,Turista,28.35,Adulto ida,,{},2019-04-11 21:53:12
1030,renfe,MADRID,VALENCIA,2019-06-07 06:08:00,2019-06-07 12:55:00,6.78,REGIONAL,Turista,28.35,Adulto ida,,{},2019-04-11 21:53:12
1031,renfe,MADRID,VALENCIA,2019-06-07 16:30:00,2019-06-07 22:47:00,6.28,REGIONAL,Turista,28.35,Adulto ida,,{},2019-04-11 21:53:12
1032,renfe,MADRID,VALENCIA,2019-06-07 12:21:00,2019-06-07 19:04:00,6.72,REGIONAL,Turista,28.35,Adulto ida,,{},2019-04-11 21:53:12
1033,renfe,MADRID,VALENCIA,2019-06-07 16:30:00,2019-06-07 22:47:00,6.28,REGIONAL,Turista,28.35,Adulto ida,,{},2019-04-11 21:53:12
1034,renfe,MADRID,VALENCIA,2019-06-07 12:21:00,2019-06-07 19:04:00,6.72,REGIONAL,Turista,28.35,Adulto ida,,{},2019-04-11 21:53:12
1035,renfe,MADRID,VALENCIA,2019-06-08 08:00:00,2019-06-08 14:10:00,6.17,REGIONAL,Turista,28.35,Adulto ida,,{},2019-04-11 21:53:16
1036,renfe,MADRID,VALENCIA,2019-06-08 08:00:00,2019-06-08 14:10:00,6.17,REGIONAL,Turista,28.35,Adulto ida,,{},2019-04-11 21:53:16
1037,renfe,MADRID,VALENCIA,2019-06-08 16:30:00,2019-06-08 22:47:00,6.28,REGIONAL,Turista,28.35,Adulto ida,,{},2019-04-11 21:53:16
1038,renfe,MADRID,VALENCIA,2019-06-08 16:30:00,2019-06-08 22:47:00,6.28,REGIONAL,Turista,28.35,Adulto ida,,{},2019-04-11 21:53:16
1039,renfe,MADRID,BARCELONA,2019-04-20 09:30:00,2019-04-20 12:34:00,3.07,AVE,Turista,75.4,Promo,,{},2019-04-11 21:53:28
1040,renfe,MADRID,BARCELONA,2019-04-20 06:20:00,2019-04-20 09:29:00,3.15,AVE,Turista,66.75,Promo,,{},2019-04-11 21:53:28
1041,renfe,MADRID,BARCELONA,2019-04-20 18:30:00,2019-04-20 21:20:00,2.83,AVE,Preferente,,Promo,,{},2019-04-11 21:53:28
1042,renfe,MADRID,BARCELONA,2019-04-20 07:30:00,2019-04-20 10:40:00,3.17,AVE,Turista,66.75,Promo,,{},2019-04-11 21:53:28
1043,renfe,MADRID,BARCELONA,2019-04-20 06:20:00,2019-04-20 09:29:00,3.15,AVE,Turista,66.75,Promo,,{},2019-04-11 21:53:28
1044,renfe,MADRID,BARCELONA,2019-04-20 08:30:00,2019-04-20 11:15:00,2.75,AVE,Turista,75.4,Promo,,{},2019-04-11 21:53:28
1045,renfe,MADRID,BARCELONA,2019-04-20 19:30:00,2019-04-20 22:40:00,3.17,AVE,Preferente,86.8,Promo,,{},2019-04-11 21:53:28
1046,renfe,MADRID,BARCELONA,2019-04-20 09:30:00,2019-04-20 12:34:00,3.07,AVE,Turista,75.4,Promo,,{},2019-04-11 21:53:28
1047,renfe,MADRID,BARCELONA,2019-04-20 10:30:00,2019-04-20 13:15:00,2.75,AVE,Turista,75.4,Promo,,{},2019-04-11 21:53:28
1048,renfe,MADRID,BARCELONA,2019-04-20 10:30:00,2019-04-20 13:15:00,2.75,AVE,Turista,75.4,Promo,,{},2019-04-11 21:53:28
1049,renfe,MADRID,BARCELONA,2019-04-20 20:30:00,2019-04-20 23:40:00,3.17,AVE,Turista,85.1,Promo,,{},2019-04-11 21:53:28
1050,renfe,MADRID,BARCELONA,2019-04-20 11:30:00,2019-04-20 14:40:00,3.17,AVE,Turista,107.7,Flexible,,{},2019-04-11 21:53:28
1051,renfe,MADRID,BARCELONA,2019-04-20 13:25:00,2019-04-20 16:24:00,2.98,AVE-TGV,Turista,107.7,Flexible,,{},2019-04-11 21:53:28
1052,renfe,MADRID,BARCELONA,2019-04-20 12:30:00,2019-04-20 15:30:00,3.0,AVE,Preferente,,Promo,,{},2019-04-11 21:53:28
1053,renfe,MADRID,BARCELONA,2019-04-20 12:30:00,2019-04-20 15:30:00,3.0,AVE,Preferente,,Promo,,{},2019-04-11 21:53:28
1054,renfe,MADRID,BARCELONA,2019-04-20 13:25:00,2019-04-20 16:24:00,2.98,AVE-TGV,Turista,107.7,Flexible,,{},2019-04-11 21:53:28
1055,renfe,MADRID,BARCELONA,2019-04-20 15:30:00,2019-04-20 18:40:00,3.17,AVE,Turista,40.95,Promo,,{},2019-04-11 21:53:28
1056,renfe,MADRID,BARCELONA,2019-04-20 15:30:00,2019-04-20 18:40:00,3.17,AVE,Turista,40.95,Promo,,{},2019-04-11 21:53:28
1057,renfe,MADRID,BARCELONA,2019-04-20 11:30:00,2019-04-20 14:40:00,3.17,AVE,Turista,107.7,Flexible,,{},2019-04-11 21:53:28
1058,renfe,MADRID,BARCELONA,2019-04-20 16:30:00,2019-04-20 19:15:00,2.75,AVE,Turista,107.7,Flexible,,{},2019-04-11 21:53:28
1059,renfe,MADRID,BARCELONA,2019-04-20 08:30:00,2019-04-20 11:15:00,2.75,AVE,Turista,75.4,Promo,,{},2019-04-11 21:53:28
1060,renfe,MADRID,BARCELONA,2019-04-20 17:30:00,2019-04-20 20:40:00,3.17,AVE,Turista Plus,102.15,Promo,,{},2019-04-11 21:53:28
1061,renfe,MADRID,BARCELONA,2019-04-20 16:30:00,2019-04-20 19:15:00,2.75,AVE,Turista,107.7,Flexible,,{},2019-04-11 21:53:28
1062,renfe,MADRID,BARCELONA,2019-04-20 18:30:00,2019-04-20 21:20:00,2.83,AVE,Preferente,,Promo,,{},2019-04-11 21:53:28
1063,renfe,MADRID,BARCELONA,2019-04-20 07:30:00,2019-04-20 10:40:00,3.17,AVE,Turista,66.75,Promo,,{},2019-04-11 21:53:28
1064,renfe,MADRID,BARCELONA,2019-04-20 19:30:00,2019-04-20 22:40:00,3.17,AVE,Preferente,86.8,Promo,,{},2019-04-11 21:53:28
1065,renfe,MADRID,BARCELONA,2019-04-20 20:30:00,2019-04-20 23:40:00,3.17,AVE,Turista,85.1,Promo,,{},2019-04-11 21:53:28
1066,renfe,MADRID,BARCELONA,2019-04-20 17:30:00,2019-04-20 20:40:00,3.17,AVE,Turista Plus,102.15,Promo,,{},2019-04-11 21:53:28
1067,renfe,MADRID,BARCELONA,2019-04-24 20:30:00,2019-04-24 23:40:00,3.17,AVE,Turista Plus,90.5,Promo,,{},2019-04-11 21:53:31
1068,renfe,MADRID,BARCELONA,2019-05-21 06:10:00,2019-05-21 08:40:00,2.5,AVE,Turista Plus,80.15,Promo,,{},2019-04-11 21:53:31
1069,renfe,MADRID,BARCELONA,2019-05-21 06:10:00,2019-05-21 08:40:00,2.5,AVE,Turista Plus,80.15,Promo,,{},2019-04-11 21:53:31
1070,renfe,MADRID,BARCELONA,2019-05-21 06:30:00,2019-05-21 09:20:00,2.83,AVE,Turista,66.75,Promo,,{},2019-04-11 21:53:31
1071,renfe,MADRID,BARCELONA,2019-04-24 09:30:00,2019-04-24 12:34:00,3.07,AVE,Turista,85.1,Promo,,{},2019-04-11 21:53:31
1072,renfe,MADRID,BARCELONA,2019-05-21 07:00:00,2019-05-21 09:30:00,2.5,AVE,Turista Plus,94.55,Promo,,{},2019-04-11 21:53:31
1073,renfe,MADRID,BARCELONA,2019-05-21 07:00:00,2019-05-21 09:30:00,2.5,AVE,Turista Plus,94.55,Promo,,{},2019-04-11 21:53:31
1074,renfe,MADRID,BARCELONA,2019-05-21 07:15:00,2019-05-21 16:37:00,9.37,R. EXPRES,Turista,43.25,Adulto ida,,{},2019-04-11 21:53:31
1075,renfe,MADRID,BARCELONA,2019-04-24 10:30:00,2019-04-24 13:15:00,2.75,AVE,Turista,85.1,Promo,,{},2019-04-11 21:53:31
1076,renfe,MADRID,BARCELONA,2019-05-21 07:20:00,2019-05-21 09:50:00,2.5,AVE,Turista,100.4,Promo,,{},2019-04-11 21:53:31
1077,renfe,MADRID,BARCELONA,2019-05-21 08:20:00,2019-05-21 11:05:00,2.75,AVE,Turista,85.1,Promo,,{},2019-04-11 21:53:31
1078,renfe,MADRID,BARCELONA,2019-05-21 07:30:00,2019-05-21 10:40:00,3.17,AVE,Turista,85.1,Promo,,{},2019-04-11 21:53:31
1079,renfe,MADRID,BARCELONA,2019-04-24 07:15:00,2019-04-24 16:37:00,9.37,R. EXPRES,Turista,43.25,Adulto ida,,{},2019-04-11 21:53:31
1080,renfe,MADRID,BARCELONA,2019-05-21 08:00:00,2019-05-21 10:30:00,2.5,AVE,Turista,100.4,Promo,,{},2019-04-11 21:53:31
1081,renfe,MADRID,BARCELONA,2019-05-21 20:00:00,2019-05-21 22:30:00,2.5,AVE,Turista,88.95,Promo,,{},2019-04-11 21:53:31
1082,renfe,MADRID,BARCELONA,2019-05-21 08:20:00,2019-05-21 11:05:00,2.75,AVE,Turista,85.1,Promo,,{},2019-04-11 21:53:31
1083,renfe,MADRID,BARCELONA,2019-05-21 11:30:00,2019-05-21 14:40:00,3.17,AVE,Turista,75.4,Promo,,{},2019-04-11 21:53:31
1084,renfe,MADRID,BARCELONA,2019-05-21 08:30:00,2019-05-21 11:15:00,2.75,AVE,Turista,75.4,Promo,,{},2019-04-11 21:53:31
1085,renfe,MADRID,BARCELONA,2019-04-24 07:00:00,2019-04-24 09:30:00,2.5,AVE,Turista,68.65,Promo,,{},2019-04-11 21:53:31
1086,renfe,MADRID,BARCELONA,2019-05-21 09:00:00,2019-05-21 11:45:00,2.75,AVE,Turista,85.1,Promo,,{},2019-04-11 21:53:31
1087,renfe,MADRID,BARCELONA,2019-04-24 09:00:00,2019-04-24 11:45:00,2.75,AVE,Turista,66.75,Promo,,{},2019-04-11 21:53:31
1088,renfe,MADRID,BARCELONA,2019-05-21 09:30:00,2019-05-21 12:34:00,3.07,AVE,Turista Plus,80.15,Promo,,{},2019-04-11 21:53:31
1089,renfe,MADRID,BARCELONA,2019-04-24 08:20:00,2019-04-24 11:05:00,2.75,AVE,Turista,66.75,Promo,,{},2019-04-11 21:53:31
1090,renfe,MADRID,BARCELONA,2019-05-21 10:30:00,2019-05-21 13:15:00,2.75,AVE,Turista,85.1,Promo,,{},2019-04-11 21:53:31
1091,renfe,MADRID,BARCELONA,2019-05-21 18:00:00,2019-05-21 20:30:00,2.5,AVE,Turista,100.4,Promo,,{},2019-04-11 21:53:31
1092,renfe,MADRID,BARCELONA,2019-05-21 11:30:00,2019-05-21 14:40:00,3.17,AVE,Turista,75.4,Promo,,{},2019-04-11 21:53:31
1093,renfe,MADRID,BARCELONA,2019-05-21 06:30:00,2019-05-21 09:20:00,2.83,AVE,Turista,66.75,Promo,,{},2019-04-11 21:53:31
1094,renfe,MADRID,BARCELONA,2019-05-21 12:30:00,2019-05-21 15:30:00,3.0,AVE,Turista,58.15,Promo,,{},2019-04-11 21:53:31
1095,renfe,MADRID,BARCELONA,2019-05-21 20:30:00,2019-05-21 23:40:00,3.17,AVE,Turista,49.55,Promo,,{},2019-04-11 21:53:31
1096,renfe,MADRID,BARCELONA,2019-05-21 13:25:00,2019-05-21 16:24:00,2.98,AVE-TGV,Turista,58.15,Promo,,{},2019-04-11 21:53:31
1097,renfe,MADRID,BARCELONA,2019-05-21 15:00:00,2019-05-21 17:30:00,2.5,AVE,Turista,58.45,Promo,,{},2019-04-11 21:53:31
1098,renfe,MADRID,BARCELONA,2019-05-21 14:00:00,2019-05-21 16:30:00,2.5,AVE,Turista,78.8,Promo,,{},2019-04-11 21:53:31
1099,renfe,MADRID,BARCELONA,2019-04-24 16:30:00,2019-04-24 19:15:00,2.75,AVE,Turista,107.7,Flexible,,{},2019-04-11 21:53:31
1100,renfe,MADRID,BARCELONA,2019-05-21 14:30:00,2019-05-21 17:21:00,2.85,AVE,Turista,58.15,Promo,,{},2019-04-11 21:53:31
1101,renfe,MADRID,BARCELONA,2019-04-24 08:00:00,2019-04-24 10:30:00,2.5,AVE,Turista,68.65,Promo,,{},2019-04-11 21:53:31
1102,renfe,MADRID,BARCELONA,2019-05-21 15:00:00,2019-05-21 17:30:00,2.5,AVE,Turista,58.45,Promo,,{},2019-04-11 21:53:31
1103,renfe,MADRID,BARCELONA,2019-05-21 19:00:00,2019-05-21 21:30:00,2.5,AVE,Turista,78.8,Promo,,{},2019-04-11 21:53:31
1104,renfe,MADRID,BARCELONA,2019-05-21 15:30:00,2019-05-21 18:40:00,3.17,AVE,Turista Plus,80.15,Promo,,{},2019-04-11 21:53:31
1105,renfe,MADRID,BARCELONA,2019-05-21 10:30:00,2019-05-21 13:15:00,2.75,AVE,Turista,85.1,Promo,,{},2019-04-11 21:53:31
1106,renfe,MADRID,BARCELONA,2019-05-21 16:00:00,2019-05-21 18:30:00,2.5,AVE,Turista,78.8,Promo,,{},2019-04-11 21:53:31
1107,renfe,MADRID,BARCELONA,2019-05-21 09:30:00,2019-05-21 12:34:00,3.07,AVE,Turista Plus,80.15,Promo,,{},2019-04-11 21:53:31
1108,renfe,MADRID,BARCELONA,2019-05-21 16:30:00,2019-05-21 19:15:00,2.75,AVE,Turista,107.7,Flexible,,{},2019-04-11 21:53:31
1109,renfe,MADRID,BARCELONA,2019-05-21 08:30:00,2019-05-21 11:15:00,2.75,AVE,Turista,75.4,Promo,,{},2019-04-11 21:53:31
1110,renfe,MADRID,BARCELONA,2019-05-21 17:00:00,2019-05-21 19:30:00,2.5,AVE,Turista Plus,82.35,Promo,,{},2019-04-11 21:53:31
1111,renfe,MADRID,BARCELONA,2019-05-21 16:00:00,2019-05-21 18:30:00,2.5,AVE,Turista,78.8,Promo,,{},2019-04-11 21:53:31
1112,renfe,MADRID,BARCELONA,2019-05-21 17:30:00,2019-05-21 20:40:00,3.17,AVE,Turista Plus,80.15,Promo,,{},2019-04-11 21:53:31
1113,renfe,MADRID,BARCELONA,2019-05-21 19:30:00,2019-05-21 22:40:00,3.17,AVE,Turista,75.4,Promo,,{},2019-04-11 21:53:31
1114,renfe,MADRID,BARCELONA,2019-05-21 18:00:00,2019-05-21 20:30:00,2.5,AVE,Turista,100.4,Promo,,{},2019-04-11 21:53:31
1115,renfe,MADRID,BARCELONA,2019-04-24 14:00:00,2019-04-24 16:30:00,2.5,AVE,Turista,78.8,Promo,,{},2019-04-11 21:53:31
1116,renfe,MADRID,BARCELONA,2019-05-21 18:30:00,2019-05-21 21:20:00,2.83,AVE,Turista,85.1,Promo,,{},2019-04-11 21:53:31
1117,renfe,MADRID,BARCELONA,2019-05-21 16:30:00,2019-05-21 19:15:00,2.75,AVE,Turista,107.7,Flexible,,{},2019-04-11 21:53:31
1118,renfe,MADRID,BARCELONA,2019-05-21 19:00:00,2019-05-21 21:30:00,2.5,AVE,Turista,78.8,Promo,,{},2019-04-11 21:53:31
1119,renfe,MADRID,BARCELONA,2019-05-21 21:25:00,2019-05-21 23:55:00,2.5,AVE,Turista,58.15,Promo,,{},2019-04-11 21:53:31
1120,renfe,MADRID,BARCELONA,2019-05-21 19:30:00,2019-05-21 22:40:00,3.17,AVE,Turista,75.4,Promo,,{},2019-04-11 21:53:31
1121,renfe,MADRID,BARCELONA,2019-04-24 19:30:00,2019-04-24 22:40:00,3.17,AVE,Turista,75.4,Promo,,{},2019-04-11 21:53:31
1122,renfe,MADRID,BARCELONA,2019-05-21 20:00:00,2019-05-21 22:30:00,2.5,AVE,Turista,88.95,Promo,,{},2019-04-11 21:53:31
1123,renfe,MADRID,BARCELONA,2019-05-21 12:30:00,2019-05-21 15:30:00,3.0,AVE,Turista,58.15,Promo,,{},2019-04-11 21:53:31
1124,renfe,MADRID,BARCELONA,2019-05-21 20:30:00,2019-05-21 23:40:00,3.17,AVE,Turista,49.55,Promo,,{},2019-04-11 21:53:31
1125,renfe,MADRID,BARCELONA,2019-04-24 06:10:00,2019-04-24 08:40:00,2.5,AVE,Turista,49.55,Promo,,{},2019-04-11 21:53:31
1126,renfe,MADRID,BARCELONA,2019-05-21 21:25:00,2019-05-21 23:55:00,2.5,AVE,Turista,58.15,Promo,,{},2019-04-11 21:53:31
1127,renfe,MADRID,BARCELONA,2019-05-21 15:30:00,2019-05-21 18:40:00,3.17,AVE,Turista Plus,80.15,Promo,,{},2019-04-11 21:53:31
1128,renfe,MADRID,BARCELONA,2019-04-24 06:10:00,2019-04-24 08:40:00,2.5,AVE,Turista,49.55,Promo,,{},2019-04-11 21:53:31
1129,renfe,MADRID,BARCELONA,2019-04-24 17:30:00,2019-04-24 20:40:00,3.17,AVE,Turista Plus,102.15,Promo,,{},2019-04-11 21:53:31
1130,renfe,MADRID,BARCELONA,2019-04-24 06:30:00,2019-04-24 09:20:00,2.83,AVE,Turista,58.15,Promo,,{},2019-04-11 21:53:31
1131,renfe,MADRID,BARCELONA,2019-05-21 07:20:00,2019-05-21 09:50:00,2.5,AVE,Turista,100.4,Promo,,{},2019-04-11 21:53:31
1132,renfe,MADRID,BARCELONA,2019-04-24 07:00:00,2019-04-24 09:30:00,2.5,AVE,Turista,68.65,Promo,,{},2019-04-11 21:53:31
1133,renfe,MADRID,BARCELONA,2019-04-24 16:00:00,2019-04-24 18:30:00,2.5,AVE,Turista,78.8,Promo,,{},2019-04-11 21:53:31
1134,renfe,MADRID,BARCELONA,2019-04-24 07:15:00,2019-04-24 16:37:00,9.37,R. EXPRES,Turista,43.25,Adulto ida,,{},2019-04-11 21:53:31
1135,renfe,MADRID,BARCELONA,2019-04-24 07:20:00,2019-04-24 09:50:00,2.5,AVE,Turista,68.65,Promo,,{},2019-04-11 21:53:31
1136,renfe,MADRID,BARCELONA,2019-04-24 07:20:00,2019-04-24 09:50:00,2.5,AVE,Turista,68.65,Promo,,{},2019-04-11 21:53:31
1137,renfe,MADRID,BARCELONA,2019-05-21 07:15:00,2019-05-21 16:37:00,9.37,R. EXPRES,Turista,43.25,Adulto ida,,{},2019-04-11 21:53:31
1138,renfe,MADRID,BARCELONA,2019-04-24 07:30:00,2019-04-24 10:40:00,3.17,AVE,Turista,66.75,Promo,,{},2019-04-11 21:53:31
1139,renfe,MADRID,BARCELONA,2019-05-21 17:00:00,2019-05-21 19:30:00,2.5,AVE,Turista Plus,82.35,Promo,,{},2019-04-11 21:53:31
1140,renfe,MADRID,BARCELONA,2019-04-24 08:00:00,2019-04-24 10:30:00,2.5,AVE,Turista,68.65,Promo,,{},2019-04-11 21:53:31
1141,renfe,MADRID,BARCELONA,2019-05-21 14:00:00,2019-05-21 16:30:00,2.5,AVE,Turista,78.8,Promo,,{},2019-04-11 21:53:31
1142,renfe,MADRID,BARCELONA,2019-04-24 08:20:00,2019-04-24 11:05:00,2.75,AVE,Turista,66.75,Promo,,{},2019-04-11 21:53:31
1143,renfe,MADRID,BARCELONA,2019-04-24 06:30:00,2019-04-24 09:20:00,2.83,AVE,Turista,58.15,Promo,,{},2019-04-11 21:53:31
1144,renfe,MADRID,BARCELONA,2019-04-24 08:30:00,2019-04-24 11:15:00,2.75,AVE,Turista,75.4,Promo,,{},2019-04-11 21:53:31
1145,renfe,MADRID,BARCELONA,2019-04-24 17:00:00,2019-04-24 19:30:00,2.5,AVE,Turista Plus,57.95,Promo,,{},2019-04-11 21:53:31
1146,renfe,MADRID,BARCELONA,2019-04-24 09:00:00,2019-04-24 11:45:00,2.75,AVE,Turista,66.75,Promo,,{},2019-04-11 21:53:31
1147,renfe,MADRID,BARCELONA,2019-05-21 09:00:00,2019-05-21 11:45:00,2.75,AVE,Turista,85.1,Promo,,{},2019-04-11 21:53:31
1148,renfe,MADRID,BARCELONA,2019-04-24 09:30:00,2019-04-24 12:34:00,3.07,AVE,Turista,85.1,Promo,,{},2019-04-11 21:53:31
1149,renfe,MADRID,BARCELONA,2019-04-24 19:00:00,2019-04-24 21:30:00,2.5,AVE,Turista,127.1,Flexible,,{},2019-04-11 21:53:31
1150,renfe,MADRID,BARCELONA,2019-04-24 10:30:00,2019-04-24 13:15:00,2.75,AVE,Turista,85.1,Promo,,{},2019-04-11 21:53:31
1151,renfe,MADRID,BARCELONA,2019-04-24 07:30:00,2019-04-24 10:40:00,3.17,AVE,Turista,66.75,Promo,,{},2019-04-11 21:53:31
1152,renfe,MADRID,BARCELONA,2019-04-24 11:30:00,2019-04-24 14:40:00,3.17,AVE,Turista,107.7,Flexible,,{},2019-04-11 21:53:31
1153,renfe,MADRID,BARCELONA,2019-04-24 11:30:00,2019-04-24 14:40:00,3.17,AVE,Turista,107.7,Flexible,,{},2019-04-11 21:53:31
1154,renfe,MADRID,BARCELONA,2019-04-24 12:30:00,2019-04-24 15:30:00,3.0,AVE,Turista,66.75,Promo,,{},2019-04-11 21:53:31
1155,renfe,MADRID,BARCELONA,2019-04-24 20:00:00,2019-04-24 22:30:00,2.5,AVE,Turista,88.95,Promo,,{},2019-04-11 21:53:31
1156,renfe,MADRID,BARCELONA,2019-04-24 13:25:00,2019-04-24 16:24:00,2.98,AVE-TGV,Turista Plus,90.5,Promo,,{},2019-04-11 21:53:31
1157,renfe,MADRID,BARCELONA,2019-05-21 18:30:00,2019-05-21 21:20:00,2.83,AVE,Turista,85.1,Promo,,{},2019-04-11 21:53:31
1158,renfe,MADRID,BARCELONA,2019-04-24 14:00:00,2019-04-24 16:30:00,2.5,AVE,Turista,78.8,Promo,,{},2019-04-11 21:53:31
1159,renfe,MADRID,BARCELONA,2019-05-21 14:30:00,2019-05-21 17:21:00,2.85,AVE,Turista,58.15,Promo,,{},2019-04-11 21:53:31
1160,renfe,MADRID,BARCELONA,2019-04-24 14:30:00,2019-04-24 17:21:00,2.85,AVE,Turista,85.1,Promo,,{},2019-04-11 21:53:31
1161,renfe,MADRID,BARCELONA,2019-04-24 15:00:00,2019-04-24 17:30:00,2.5,AVE,Turista Plus,70.15,Promo,,{},2019-04-11 21:53:31
1162,renfe,MADRID,BARCELONA,2019-04-24 15:30:00,2019-04-24 18:40:00,3.17,AVE,Turista Plus,90.5,Promo,,{},2019-04-11 21:53:31
1163,renfe,MADRID,BARCELONA,2019-04-24 16:00:00,2019-04-24 18:30:00,2.5,AVE,Turista,78.8,Promo,,{},2019-04-11 21:53:31
1164,renfe,MADRID,BARCELONA,2019-04-24 16:30:00,2019-04-24 19:15:00,2.75,AVE,Turista,107.7,Flexible,,{},2019-04-11 21:53:31
1165,renfe,MADRID,BARCELONA,2019-04-24 17:00:00,2019-04-24 19:30:00,2.5,AVE,Turista Plus,57.95,Promo,,{},2019-04-11 21:53:31
1166,renfe,MADRID,BARCELONA,2019-04-24 17:30:00,2019-04-24 20:40:00,3.17,AVE,Turista Plus,102.15,Promo,,{},2019-04-11 21:53:31
1167,renfe,MADRID,BARCELONA,2019-04-24 18:00:00,2019-04-24 20:30:00,2.5,AVE,Turista,127.1,Flexible,,{},2019-04-11 21:53:31
1168,renfe,MADRID,BARCELONA,2019-04-24 18:30:00,2019-04-24 21:20:00,2.83,AVE,Turista,107.7,Flexible,,{},2019-04-11 21:53:31
1169,renfe,MADRID,BARCELONA,2019-04-24 19:00:00,2019-04-24 21:30:00,2.5,AVE,Turista,127.1,Flexible,,{},2019-04-11 21:53:31
1170,renfe,MADRID,BARCELONA,2019-04-24 19:30:00,2019-04-24 22:40:00,3.17,AVE,Turista,75.4,Promo,,{},2019-04-11 21:53:31
1171,renfe,MADRID,BARCELONA,2019-04-24 20:00:00,2019-04-24 22:30:00,2.5,AVE,Turista,88.95,Promo,,{},2019-04-11 21:53:31
1172,renfe,MADRID,BARCELONA,2019-04-24 20:30:00,2019-04-24 23:40:00,3.17,AVE,Turista Plus,90.5,Promo,,{},2019-04-11 21:53:31
1173,renfe,MADRID,BARCELONA,2019-04-24 21:25:00,2019-04-24 23:55:00,2.5,AVE,Turista,58.15,Promo,,{},2019-04-11 21:53:31
1174,renfe,MADRID,BARCELONA,2019-05-21 08:00:00,2019-05-21 10:30:00,2.5,AVE,Turista,100.4,Promo,,{},2019-04-11 21:53:31
1175,renfe,MADRID,BARCELONA,2019-04-24 14:30:00,2019-04-24 17:21:00,2.85,AVE,Turista,85.1,Promo,,{},2019-04-11 21:53:31
1176,renfe,MADRID,BARCELONA,2019-04-24 18:30:00,2019-04-24 21:20:00,2.83,AVE,Turista,107.7,Flexible,,{},2019-04-11 21:53:31
1177,renfe,MADRID,BARCELONA,2019-04-24 21:25:00,2019-04-24 23:55:00,2.5,AVE,Turista,58.15,Promo,,{},2019-04-11 21:53:31
1178,renfe,MADRID,BARCELONA,2019-04-24 18:00:00,2019-04-24 20:30:00,2.5,AVE,Turista,127.1,Flexible,,{},2019-04-11 21:53:31
1179,renfe,MADRID,BARCELONA,2019-04-24 12:30:00,2019-04-24 15:30:00,3.0,AVE,Turista,66.75,Promo,,{},2019-04-11 21:53:31
1180,renfe,MADRID,BARCELONA,2019-05-21 13:25:00,2019-05-21 16:24:00,2.98,AVE-TGV,Turista,58.15,Promo,,{},2019-04-11 21:53:31
1181,renfe,MADRID,BARCELONA,2019-04-24 13:25:00,2019-04-24 16:24:00,2.98,AVE-TGV,Turista Plus,90.5,Promo,,{},2019-04-11 21:53:31
1182,renfe,MADRID,BARCELONA,2019-05-21 07:30:00,2019-05-21 10:40:00,3.17,AVE,Turista,85.1,Promo,,{},2019-04-11 21:53:31
1183,renfe,MADRID,BARCELONA,2019-05-21 17:30:00,2019-05-21 20:40:00,3.17,AVE,Turista Plus,80.15,Promo,,{},2019-04-11 21:53:31
1184,renfe,MADRID,BARCELONA,2019-04-24 15:00:00,2019-04-24 17:30:00,2.5,AVE,Turista Plus,70.15,Promo,,{},2019-04-11 21:53:31
1185,renfe,MADRID,BARCELONA,2019-04-24 08:30:00,2019-04-24 11:15:00,2.75,AVE,Turista,75.4,Promo,,{},2019-04-11 21:53:31
1186,renfe,MADRID,BARCELONA,2019-04-24 15:30:00,2019-04-24 18:40:00,3.17,AVE,Turista Plus,90.5,Promo,,{},2019-04-11 21:53:31
1187,renfe,MADRID,SEVILLA,2019-05-04 20:35:00,2019-05-04 23:15:00,2.67,AVE,Preferente,61.45,Promo,,{},2019-04-11 21:53:47
1188,renfe,MADRID,VALENCIA,2019-04-30 06:08:00,2019-04-30 12:55:00,6.78,REGIONAL,Turista,28.35,Adulto ida,,{},2019-04-11 21:53:47
1189,renfe,MADRID,SEVILLA,2019-05-04 08:30:00,2019-05-04 11:14:00,2.73,ALVIA,Turista,,Flexible,,{},2019-04-11 21:53:47
1190,renfe,MADRID,VALENCIA,2019-04-30 07:40:00,2019-04-30 09:20:00,1.67,AVE,Turista,57.75,Promo,,{},2019-04-11 21:53:47
1191,renfe,MADRID,VALENCIA,2019-04-30 10:40:00,2019-04-30 12:20:00,1.67,AVE,Turista,39.45,Promo,,{},2019-04-11 21:53:47
1192,renfe,MADRID,VALENCIA,2019-04-30 08:40:00,2019-04-30 10:33:00,1.88,AVE,Turista,45.3,Promo,,{},2019-04-11 21:53:47
1193,renfe,MADRID,VALENCIA,2019-04-30 15:40:00,2019-04-30 17:22:00,1.7,AVE,Turista,51.15,Promo,,{},2019-04-11 21:53:47
1194,renfe,MADRID,VALENCIA,2019-04-30 09:40:00,2019-04-30 11:24:00,1.73,AVE,Turista,39.45,Promo,,{},2019-04-11 21:53:47
1195,renfe,MADRID,VALENCIA,2019-04-30 19:40:00,2019-04-30 21:29:00,1.82,AVE,Turista,73.1,Flexible,,{},2019-04-11 21:53:47
1196,renfe,MADRID,VALENCIA,2019-04-30 10:40:00,2019-04-30 12:20:00,1.67,AVE,Turista,39.45,Promo,,{},2019-04-11 21:53:47
1197,renfe,MADRID,SEVILLA,2019-05-04 08:00:00,2019-05-04 10:32:00,2.53,AVE,Preferente,61.45,Promo,,{},2019-04-11 21:53:47
1198,renfe,MADRID,VALENCIA,2019-04-30 11:10:00,2019-04-30 13:25:00,2.25,INTERCITY,Turista,29.9,Promo,,{},2019-04-11 21:53:47
1199,renfe,MADRID,VALENCIA,2019-04-30 16:45:00,2019-04-30 18:50:00,2.08,ALVIA,Turista,,Flexible,,{},2019-04-11 21:53:47
1200,renfe,MADRID,VALENCIA,2019-04-30 11:55:00,2019-04-30 13:35:00,1.67,AVE,Turista,33.65,Promo,,{},2019-04-11 21:53:47
1201,renfe,MADRID,VALENCIA,2019-04-30 06:08:00,2019-04-30 12:55:00,6.78,REGIONAL,Turista,28.35,Adulto ida,,{},2019-04-11 21:53:47
1202,renfe,MADRID,VALENCIA,2019-04-30 12:21:00,2019-04-30 19:04:00,6.72,REGIONAL,Turista,28.35,Adulto ida,,{},2019-04-11 21:53:47
1203,renfe,MADRID,VALENCIA,2019-04-30 16:55:00,2019-04-30 21:58:00,5.05,AVE-LD,Turista,,Promo,,{},2019-04-11 21:53:47
1204,renfe,MADRID,VALENCIA,2019-04-30 12:40:00,2019-04-30 14:20:00,1.67,AVE,Turista,33.65,Promo,,{},2019-04-11 21:53:47
1205,renfe,MADRID,VALENCIA,2019-04-30 18:40:00,2019-04-30 20:20:00,1.67,AVE,Turista,57.75,Promo,,{},2019-04-11 21:53:47
1206,renfe,MADRID,VALENCIA,2019-04-30 14:10:00,2019-04-30 16:03:00,1.88,AVE,Turista,33.65,Promo,,{},2019-04-11 21:53:47
1207,renfe,MADRID,SEVILLA,2019-05-04 14:00:00,2019-05-04 16:32:00,2.53,AVE,Turista,76.3,Flexible,,{},2019-04-11 21:53:47
1208,renfe,MADRID,VALENCIA,2019-04-30 15:10:00,2019-04-30 17:20:00,2.17,INTERCITY,Turista,38.8,Promo,,{},2019-04-11 21:53:47
1209,renfe,MADRID,SEVILLA,2019-05-04 11:00:00,2019-05-04 13:32:00,2.53,AVE,Turista con enlace,,Promo +,,{},2019-04-11 21:53:47
1210,renfe,MADRID,VALENCIA,2019-04-30 15:10:00,2019-04-30 17:20:00,2.17,INTERCITY,Turista,43.75,Promo,,{},2019-04-11 21:53:47
1211,renfe,MADRID,SEVILLA,2019-05-04 13:10:00,2019-05-04 20:51:00,7.68,MD-LD,Turista con enlace,34.35,Promo +,,{},2019-04-11 21:53:47
1212,renfe,MADRID,VALENCIA,2019-04-30 15:30:00,2019-04-30 22:31:00,7.02,AVE-MD,Turista con enlace,53.25,Promo +,,{},2019-04-11 21:53:47
1213,renfe,MADRID,SEVILLA,2019-05-04 21:25:00,2019-05-05 00:10:00,2.75,AV City,Turista,49.15,Promo,,{},2019-04-11 21:53:47
1214,renfe,MADRID,VALENCIA,2019-04-30 15:40:00,2019-04-30 17:22:00,1.7,AVE,Turista,51.15,Promo,,{},2019-04-11 21:53:47
1215,renfe,MADRID,VALENCIA,2019-04-30 07:40:00,2019-04-30 09:20:00,1.67,AVE,Turista,57.75,Promo,,{},2019-04-11 21:53:47
1216,renfe,MADRID,VALENCIA,2019-04-30 16:05:00,2019-04-30 22:47:00,6.7,REGIONAL,Turista,28.35,Adulto ida,,{},2019-04-11 21:53:47
1217,renfe,MADRID,SEVILLA,2019-05-04 09:45:00,2019-05-04 12:27:00,2.7,INTERCITY,Turista,62.2,Flexible,,{},2019-04-11 21:53:47
1218,renfe,MADRID,VALENCIA,2019-04-30 16:45:00,2019-04-30 18:50:00,2.08,ALVIA,Turista,,Flexible,,{},2019-04-11 21:53:47
1219,renfe,MADRID,SEVILLA,2019-05-04 09:00:00,2019-05-04 11:38:00,2.63,AVE,Turista,76.3,Flexible,,{},2019-04-11 21:53:47
1220,renfe,MADRID,VALENCIA,2019-04-30 16:55:00,2019-04-30 21:58:00,5.05,AVE-LD,Turista,,Promo,,{},2019-04-11 21:53:47
1221,renfe,MADRID,SEVILLA,2019-05-04 16:00:00,2019-05-04 18:30:00,2.5,AVE,Turista,76.3,Flexible,,{},2019-04-11 21:53:47
1222,renfe,MADRID,VALENCIA,2019-04-30 17:40:00,2019-04-30 19:20:00,1.67,AVE,Turista,57.75,Promo,,{},2019-04-11 21:53:47
1223,renfe,MADRID,VALENCIA,2019-04-30 16:05:00,2019-04-30 22:47:00,6.7,REGIONAL,Turista,28.35,Adulto ida,,{},2019-04-11 21:53:47
1224,renfe,MADRID,VALENCIA,2019-04-30 17:48:00,2019-04-30 21:58:00,4.17,INTERCITY,Turista,42.9,Flexible,,{},2019-04-11 21:53:47
1225,renfe,MADRID,VALENCIA,2019-04-30 17:40:00,2019-04-30 19:20:00,1.67,AVE,Turista,57.75,Promo,,{},2019-04-11 21:53:47
1226,renfe,MADRID,VALENCIA,2019-04-30 18:10:00,2019-04-30 19:50:00,1.67,AVE,Turista,57.75,Promo,,{},2019-04-11 21:53:47
1227,renfe,MADRID,VALENCIA,2019-04-30 17:48:00,2019-04-30 21:58:00,4.17,INTERCITY,Turista,42.9,Flexible,,{},2019-04-11 21:53:47
1228,renfe,MADRID,VALENCIA,2019-04-30 18:40:00,2019-04-30 20:20:00,1.67,AVE,Turista,57.75,Promo,,{},2019-04-11 21:53:47
1229,renfe,MADRID,VALENCIA,2019-04-30 11:55:00,2019-04-30 13:35:00,1.67,AVE,Turista,33.65,Promo,,{},2019-04-11 21:53:47
1230,renfe,MADRID,VALENCIA,2019-04-30 19:40:00,2019-04-30 21:29:00,1.82,AVE,Turista,73.1,Flexible,,{},2019-04-11 21:53:47
1231,renfe,MADRID,VALENCIA,2019-04-30 15:10:00,2019-04-30 17:20:00,2.17,INTERCITY,Turista,43.75,Promo,,{},2019-04-11 21:53:47
1232,renfe,MADRID,VALENCIA,2019-04-30 20:40:00,2019-04-30 22:24:00,1.73,AVE,Preferente,66.55,Promo,,{},2019-04-11 21:53:47
1233,renfe,MADRID,VALENCIA,2019-04-30 20:40:00,2019-04-30 22:24:00,1.73,AVE,Preferente,66.55,Promo,,{},2019-04-11 21:53:47
1234,renfe,MADRID,VALENCIA,2019-04-30 21:10:00,2019-04-30 23:03:00,1.88,AVE,Preferente,66.55,Promo,,{},2019-04-11 21:53:47
1235,renfe,MADRID,SEVILLA,2019-05-04 13:30:00,2019-05-04 16:05:00,2.58,ALVIA,Turista,,Flexible,,{},2019-04-11 21:53:47
1236,renfe,MADRID,SEVILLA,2019-05-04 07:00:00,2019-05-04 09:55:00,2.92,AV City,Turista Plus,58.95,Promo,,{},2019-04-11 21:53:47
1237,renfe,MADRID,SEVILLA,2019-05-04 18:00:00,2019-05-04 20:32:00,2.53,AVE,Turista,76.3,Flexible,,{},2019-04-11 21:53:47
1238,renfe,MADRID,SEVILLA,2019-05-04 08:00:00,2019-05-04 10:32:00,2.53,AVE,Preferente,61.45,Promo,,{},2019-04-11 21:53:47
1239,renfe,MADRID,VALENCIA,2019-04-30 21:10:00,2019-04-30 23:03:00,1.88,AVE,Preferente,66.55,Promo,,{},2019-04-11 21:53:47
1240,renfe,MADRID,SEVILLA,2019-05-04 08:30:00,2019-05-04 11:14:00,2.73,ALVIA,Turista,,Flexible,,{},2019-04-11 21:53:47
1241,renfe,MADRID,SEVILLA,2019-05-04 09:00:00,2019-05-04 11:38:00,2.63,AVE,Turista,76.3,Flexible,,{},2019-04-11 21:53:47
1242,renfe,MADRID,SEVILLA,2019-05-04 09:45:00,2019-05-04 12:27:00,2.7,INTERCITY,Turista,62.2,Flexible,,{},2019-04-11 21:53:47
1243,renfe,MADRID,SEVILLA,2019-05-04 10:00:00,2019-05-04 12:32:00,2.53,AVE,Turista con enlace,,Promo +,,{},2019-04-11 21:53:47
1244,renfe,MADRID,SEVILLA,2019-05-04 11:00:00,2019-05-04 13:32:00,2.53,AVE,Turista con enlace,,Promo +,,{},2019-04-11 21:53:47
1245,renfe,MADRID,SEVILLA,2019-05-04 11:05:00,2019-05-04 13:41:00,2.6,ALVIA,Turista con enlace,,Promo +,,{},2019-04-11 21:53:47
1246,renfe,MADRID,SEVILLA,2019-05-04 12:00:00,2019-05-04 14:32:00,2.53,AVE,Turista con enlace,,Promo +,,{},2019-04-11 21:53:47
1247,renfe,MADRID,SEVILLA,2019-05-04 13:10:00,2019-05-04 20:51:00,7.68,MD-LD,Turista con enlace,34.35,Promo +,,{},2019-04-11 21:53:47
1248,renfe,MADRID,SEVILLA,2019-05-04 13:30:00,2019-05-04 16:05:00,2.58,ALVIA,Turista,,Flexible,,{},2019-04-11 21:53:47
1249,renfe,MADRID,SEVILLA,2019-05-04 14:00:00,2019-05-04 16:32:00,2.53,AVE,Turista,76.3,Flexible,,{},2019-04-11 21:53:47
1250,renfe,MADRID,SEVILLA,2019-05-04 16:00:00,2019-05-04 18:30:00,2.5,AVE,Turista,76.3,Flexible,,{},2019-04-11 21:53:47
1251,renfe,MADRID,SEVILLA,2019-05-04 17:00:00,2019-05-04 19:38:00,2.63,AVE,Turista,76.3,Flexible,,{},2019-04-11 21:53:47
1252,renfe,MADRID,SEVILLA,2019-05-04 18:00:00,2019-05-04 20:32:00,2.53,AVE,Turista,76.3,Flexible,,{},2019-04-11 21:53:47
1253,renfe,MADRID,SEVILLA,2019-05-04 19:00:00,2019-05-04 21:38:00,2.63,AVE,Preferente,61.45,Promo,,{},2019-04-11 21:53:47
1254,renfe,MADRID,SEVILLA,2019-05-04 20:35:00,2019-05-04 23:15:00,2.67,AVE,Preferente,61.45,Promo,,{},2019-04-11 21:53:47
1255,renfe,MADRID,SEVILLA,2019-05-04 21:25:00,2019-05-05 00:10:00,2.75,AV City,Turista,49.15,Promo,,{},2019-04-11 21:53:47
1256,renfe,MADRID,SEVILLA,2019-05-04 10:00:00,2019-05-04 12:32:00,2.53,AVE,Turista con enlace,,Promo +,,{},2019-04-11 21:53:47
1257,renfe,MADRID,VALENCIA,2019-04-30 18:10:00,2019-04-30 19:50:00,1.67,AVE,Turista,57.75,Promo,,{},2019-04-11 21:53:47
1258,renfe,MADRID,SEVILLA,2019-05-04 19:00:00,2019-05-04 21:38:00,2.63,AVE,Preferente,61.45,Promo,,{},2019-04-11 21:53:47
1259,renfe,MADRID,VALENCIA,2019-04-30 09:40:00,2019-04-30 11:24:00,1.73,AVE,Turista,39.45,Promo,,{},2019-04-11 21:53:47
1260,renfe,MADRID,VALENCIA,2019-04-30 08:40:00,2019-04-30 10:33:00,1.88,AVE,Turista,45.3,Promo,,{},2019-04-11 21:53:47
1261,renfe,MADRID,SEVILLA,2019-05-04 12:00:00,2019-05-04 14:32:00,2.53,AVE,Turista con enlace,,Promo +,,{},2019-04-11 21:53:47
1262,renfe,MADRID,VALENCIA,2019-04-30 15:30:00,2019-04-30 22:31:00,7.02,AVE-MD,Turista con enlace,53.25,Promo +,,{},2019-04-11 21:53:47
1263,renfe,MADRID,VALENCIA,2019-04-30 12:40:00,2019-04-30 14:20:00,1.67,AVE,Turista,33.65,Promo,,{},2019-04-11 21:53:47
1264,renfe,MADRID,VALENCIA,2019-04-30 12:21:00,2019-04-30 19:04:00,6.72,REGIONAL,Turista,28.35,Adulto ida,,{},2019-04-11 21:53:47
1265,renfe,MADRID,VALENCIA,2019-04-30 15:10:00,2019-04-30 17:20:00,2.17,INTERCITY,Turista,38.8,Promo,,{},2019-04-11 21:53:47
1266,renfe,MADRID,SEVILLA,2019-05-04 11:05:00,2019-05-04 13:41:00,2.6,ALVIA,Turista con enlace,,Promo +,,{},2019-04-11 21:53:47
1267,renfe,MADRID,VALENCIA,2019-04-30 11:10:00,2019-04-30 13:25:00,2.25,INTERCITY,Turista,29.9,Promo,,{},2019-04-11 21:53:47
1268,renfe,MADRID,SEVILLA,2019-05-04 07:00:00,2019-05-04 09:55:00,2.92,AV City,Turista Plus,58.95,Promo,,{},2019-04-11 21:53:47
1269,renfe,MADRID,VALENCIA,2019-04-30 14:10:00,2019-04-30 16:03:00,1.88,AVE,Turista,33.65,Promo,,{},2019-04-11 21:53:47
1270,renfe,MADRID,SEVILLA,2019-05-04 17:00:00,2019-05-04 19:38:00,2.63,AVE,Turista,76.3,Flexible,,{},2019-04-11 21:53:47
1271,renfe,MADRID,VALENCIA,2019-05-01 11:10:00,2019-05-01 13:25:00,2.25,INTERCITY,Preferente,,Promo,,{},2019-04-11 21:54:01
1272,renfe,MADRID,VALENCIA,2019-05-01 06:20:00,2019-05-01 12:55:00,6.58,REGIONAL,Turista,28.35,Adulto ida,,{},2019-04-11 21:54:01
1273,renfe,MADRID,SEVILLA,2019-05-19 14:00:00,2019-05-19 16:32:00,2.53,AVE,Turista,53.4,Promo,,{},2019-04-11 21:54:01
1274,renfe,MADRID,VALENCIA,2019-05-01 08:40:00,2019-05-01 10:33:00,1.88,AVE,Preferente,66.55,Promo,,{},2019-04-11 21:54:01
1275,renfe,MADRID,VALENCIA,2019-05-01 10:40:00,2019-05-01 12:20:00,1.67,AVE,Preferente,66.55,Promo,,{},2019-04-11 21:54:01
1276,renfe,MADRID,VALENCIA,2019-05-01 09:40:00,2019-05-01 11:24:00,1.73,AVE,Preferente,66.55,Promo,,{},2019-04-11 21:54:01
1277,renfe,MADRID,SEVILLA,2019-05-19 09:00:00,2019-05-19 11:38:00,2.63,AVE,Turista,76.3,Flexible,,{},2019-04-11 21:54:01
1278,renfe,MADRID,VALENCIA,2019-05-01 10:40:00,2019-05-01 12:20:00,1.67,AVE,Preferente,66.55,Promo,,{},2019-04-11 21:54:01
1279,renfe,MADRID,SEVILLA,2019-05-19 18:35:00,2019-05-19 21:08:00,2.55,ALVIA,Preferente,,Promo,,{},2019-04-11 21:54:01
1280,renfe,MADRID,VALENCIA,2019-05-01 11:10:00,2019-05-01 13:25:00,2.25,INTERCITY,Preferente,,Promo,,{},2019-04-11 21:54:01
1281,renfe,MADRID,VALENCIA,2019-05-01 09:40:00,2019-05-01 11:24:00,1.73,AVE,Preferente,66.55,Promo,,{},2019-04-11 21:54:01
1282,renfe,MADRID,VALENCIA,2019-05-01 12:40:00,2019-05-01 14:20:00,1.67,AVE,Preferente,56.65,Promo,,{},2019-04-11 21:54:01
1283,renfe,MADRID,SEVILLA,2019-05-19 11:05:00,2019-05-19 13:41:00,2.6,ALVIA,Turista,,Promo,,{},2019-04-11 21:54:01
1284,renfe,MADRID,VALENCIA,2019-05-01 12:42:00,2019-05-01 19:04:00,6.37,REGIONAL,Turista,28.35,Adulto ida,,{},2019-04-11 21:54:01
1285,renfe,MADRID,VALENCIA,2019-05-01 21:10:00,2019-05-01 23:03:00,1.88,AVE,Turista,33.65,Promo,,{},2019-04-11 21:54:01
1286,renfe,MADRID,VALENCIA,2019-05-01 14:10:00,2019-05-01 16:03:00,1.88,AVE,Turista,45.3,Promo,,{},2019-04-11 21:54:01
1287,renfe,MADRID,SEVILLA,2019-05-19 19:30:00,2019-05-19 22:05:00,2.58,AVE,Preferente,69.4,Promo,,{},2019-04-11 21:54:01
1288,renfe,MADRID,VALENCIA,2019-05-01 15:30:00,2019-05-01 22:31:00,7.02,AVE-MD,Turista con enlace,,Flexible,,{},2019-04-11 21:54:01
1289,renfe,MADRID,VALENCIA,2019-05-01 14:10:00,2019-05-01 16:03:00,1.88,AVE,Turista,45.3,Promo,,{},2019-04-11 21:54:01
1290,renfe,MADRID,VALENCIA,2019-05-01 15:40:00,2019-05-01 17:22:00,1.7,AVE,Turista,45.3,Promo,,{},2019-04-11 21:54:01
1291,renfe,MADRID,SEVILLA,2019-05-19 11:00:00,2019-05-19 13:32:00,2.53,AVE,Turista,60.3,Promo,,{},2019-04-11 21:54:01
1292,renfe,MADRID,VALENCIA,2019-05-01 16:30:00,2019-05-01 22:47:00,6.28,REGIONAL,Turista,28.35,Adulto ida,,{},2019-04-11 21:54:01
1293,renfe,MADRID,VALENCIA,2019-05-01 16:45:00,2019-05-01 18:50:00,2.08,ALVIA,Preferente,46.15,Promo,,{},2019-04-11 21:54:01
1294,renfe,MADRID,VALENCIA,2019-05-01 16:45:00,2019-05-01 18:50:00,2.08,ALVIA,Preferente,46.15,Promo,,{},2019-04-11 21:54:01
1295,renfe,MADRID,VALENCIA,2019-05-01 16:30:00,2019-05-01 22:47:00,6.28,REGIONAL,Turista,28.35,Adulto ida,,{},2019-04-11 21:54:01
1296,renfe,MADRID,VALENCIA,2019-05-01 17:40:00,2019-05-01 19:20:00,1.67,AVE,Turista,51.15,Promo,,{},2019-04-11 21:54:01
1297,renfe,MADRID,VALENCIA,2019-05-01 19:40:00,2019-05-01 21:29:00,1.82,AVE,Turista,45.3,Promo,,{},2019-04-11 21:54:01
1298,renfe,MADRID,VALENCIA,2019-05-01 18:40:00,2019-05-01 20:20:00,1.67,AVE,Turista,45.3,Promo,,{},2019-04-11 21:54:01
1299,renfe,MADRID,VALENCIA,2019-05-01 12:40:00,2019-05-01 14:20:00,1.67,AVE,Preferente,56.65,Promo,,{},2019-04-11 21:54:01
1300,renfe,MADRID,VALENCIA,2019-05-01 19:40:00,2019-05-01 21:29:00,1.82,AVE,Turista,45.3,Promo,,{},2019-04-11 21:54:01
1301,renfe,MADRID,VALENCIA,2019-05-01 15:30:00,2019-05-01 22:31:00,7.02,AVE-MD,Turista con enlace,,Flexible,,{},2019-04-11 21:54:01
1302,renfe,MADRID,VALENCIA,2019-05-01 20:40:00,2019-05-01 22:24:00,1.73,AVE,Turista,33.65,Promo,,{},2019-04-11 21:54:01
1303,renfe,MADRID,SEVILLA,2019-05-19 17:00:00,2019-05-19 19:38:00,2.63,AVE,Preferente,69.4,Promo,,{},2019-04-11 21:54:01
1304,renfe,MADRID,VALENCIA,2019-05-01 21:10:00,2019-05-01 23:03:00,1.88,AVE,Turista,33.65,Promo,,{},2019-04-11 21:54:01
1305,renfe,MADRID,SEVILLA,2019-05-19 13:00:00,2019-05-19 15:40:00,2.67,AVE,Turista,53.4,Promo,,{},2019-04-11 21:54:01
1306,renfe,MADRID,SEVILLA,2019-05-19 07:00:00,2019-05-19 09:55:00,2.92,AV City,Turista,43.55,Promo,,{},2019-04-11 21:54:01
1307,renfe,MADRID,SEVILLA,2019-05-19 19:00:00,2019-05-19 21:38:00,2.63,AVE,Preferente,69.4,Promo,,{},2019-04-11 21:54:01
1308,renfe,MADRID,SEVILLA,2019-05-19 08:30:00,2019-05-19 11:14:00,2.73,ALVIA,Turista,,Flexible,,{},2019-04-11 21:54:01
1309,renfe,MADRID,SEVILLA,2019-05-19 20:35:00,2019-05-19 23:15:00,2.67,AVE,Turista,60.3,Promo,,{},2019-04-11 21:54:01
1310,renfe,MADRID,SEVILLA,2019-05-19 09:00:00,2019-05-19 11:38:00,2.63,AVE,Turista,76.3,Flexible,,{},2019-04-11 21:54:01
1311,renfe,MADRID,VALENCIA,2019-05-01 08:40:00,2019-05-01 10:33:00,1.88,AVE,Preferente,66.55,Promo,,{},2019-04-11 21:54:01
1312,renfe,MADRID,SEVILLA,2019-05-19 11:00:00,2019-05-19 13:32:00,2.53,AVE,Turista,60.3,Promo,,{},2019-04-11 21:54:01
1313,renfe,MADRID,VALENCIA,2019-05-01 17:40:00,2019-05-01 19:20:00,1.67,AVE,Turista,51.15,Promo,,{},2019-04-11 21:54:01
1314,renfe,MADRID,SEVILLA,2019-05-19 11:05:00,2019-05-19 13:41:00,2.6,ALVIA,Turista,,Promo,,{},2019-04-11 21:54:01
1315,renfe,MADRID,SEVILLA,2019-05-19 16:00:00,2019-05-19 18:30:00,2.5,AVE,Preferente,69.4,Promo,,{},2019-04-11 21:54:01
1316,renfe,MADRID,SEVILLA,2019-05-19 12:00:00,2019-05-19 14:32:00,2.53,AVE,Turista,53.4,Promo,,{},2019-04-11 21:54:01
1317,renfe,MADRID,VALENCIA,2019-05-01 18:40:00,2019-05-01 20:20:00,1.67,AVE,Turista,45.3,Promo,,{},2019-04-11 21:54:01
1318,renfe,MADRID,SEVILLA,2019-05-19 13:00:00,2019-05-19 15:40:00,2.67,AVE,Turista,53.4,Promo,,{},2019-04-11 21:54:01
1319,renfe,MADRID,SEVILLA,2019-05-19 13:30:00,2019-05-19 16:05:00,2.58,ALVIA,Turista,,Promo,,{},2019-04-11 21:54:01
1320,renfe,MADRID,SEVILLA,2019-05-19 13:10:00,2019-05-19 20:51:00,7.68,MD-LD,Turista,,Promo,,{},2019-04-11 21:54:01
1321,renfe,MADRID,SEVILLA,2019-05-19 12:00:00,2019-05-19 14:32:00,2.53,AVE,Turista,53.4,Promo,,{},2019-04-11 21:54:01
1322,renfe,MADRID,SEVILLA,2019-05-19 13:30:00,2019-05-19 16:05:00,2.58,ALVIA,Turista,,Promo,,{},2019-04-11 21:54:01
1323,renfe,MADRID,VALENCIA,2019-05-01 15:40:00,2019-05-01 17:22:00,1.7,AVE,Turista,45.3,Promo,,{},2019-04-11 21:54:01
1324,renfe,MADRID,SEVILLA,2019-05-19 14:00:00,2019-05-19 16:32:00,2.53,AVE,Turista,53.4,Promo,,{},2019-04-11 21:54:01
1325,renfe,MADRID,VALENCIA,2019-05-01 20:40:00,2019-05-01 22:24:00,1.73,AVE,Turista,33.65,Promo,,{},2019-04-11 21:54:01
1326,renfe,MADRID,SEVILLA,2019-05-19 15:00:00,2019-05-19 17:21:00,2.35,AVE,Turista,76.3,Flexible,,{},2019-04-11 21:54:01
1327,renfe,MADRID,SEVILLA,2019-05-19 07:00:00,2019-05-19 09:55:00,2.92,AV City,Turista,43.55,Promo,,{},2019-04-11 21:54:01
1328,renfe,MADRID,SEVILLA,2019-05-19 16:00:00,2019-05-19 18:30:00,2.5,AVE,Preferente,69.4,Promo,,{},2019-04-11 21:54:01
1329,renfe,MADRID,SEVILLA,2019-05-19 16:30:00,2019-05-19 18:51:00,2.35,AVE,Preferente,69.4,Promo,,{},2019-04-11 21:54:01
1330,renfe,MADRID,SEVILLA,2019-05-19 17:00:00,2019-05-19 19:38:00,2.63,AVE,Preferente,69.4,Promo,,{},2019-04-11 21:54:01
1331,renfe,MADRID,SEVILLA,2019-05-19 18:00:00,2019-05-19 20:32:00,2.53,AVE,Turista,76.3,Flexible,,{},2019-04-11 21:54:01
1332,renfe,MADRID,SEVILLA,2019-05-19 18:35:00,2019-05-19 21:08:00,2.55,ALVIA,Preferente,,Promo,,{},2019-04-11 21:54:01
1333,renfe,MADRID,SEVILLA,2019-05-19 19:00:00,2019-05-19 21:38:00,2.63,AVE,Preferente,69.4,Promo,,{},2019-04-11 21:54:01
1334,renfe,MADRID,SEVILLA,2019-05-19 19:30:00,2019-05-19 22:05:00,2.58,AVE,Preferente,69.4,Promo,,{},2019-04-11 21:54:01
1335,renfe,MADRID,SEVILLA,2019-05-19 20:00:00,2019-05-19 22:21:00,2.35,AVE,Turista Plus,64.05,Promo,,{},2019-04-11 21:54:01
1336,renfe,MADRID,SEVILLA,2019-05-19 20:35:00,2019-05-19 23:15:00,2.67,AVE,Turista,60.3,Promo,,{},2019-04-11 21:54:01
1337,renfe,MADRID,SEVILLA,2019-05-19 21:25:00,2019-05-20 00:10:00,2.75,AV City,Turista,49.15,Promo,,{},2019-04-11 21:54:01
1338,renfe,MADRID,SEVILLA,2019-05-19 21:25:00,2019-05-20 00:10:00,2.75,AV City,Turista,49.15,Promo,,{},2019-04-11 21:54:01
1339,renfe,MADRID,VALENCIA,2019-05-01 12:42:00,2019-05-01 19:04:00,6.37,REGIONAL,Turista,28.35,Adulto ida,,{},2019-04-11 21:54:01
1340,renfe,MADRID,SEVILLA,2019-05-19 18:00:00,2019-05-19 20:32:00,2.53,AVE,Turista,76.3,Flexible,,{},2019-04-11 21:54:01
1341,renfe,MADRID,SEVILLA,2019-05-19 15:00:00,2019-05-19 17:21:00,2.35,AVE,Turista,76.3,Flexible,,{},2019-04-11 21:54:01
1342,renfe,MADRID,SEVILLA,2019-05-19 08:30:00,2019-05-19 11:14:00,2.73,ALVIA,Turista,,Flexible,,{},2019-04-11 21:54:01
1343,renfe,MADRID,SEVILLA,2019-05-19 16:30:00,2019-05-19 18:51:00,2.35,AVE,Preferente,69.4,Promo,,{},2019-04-11 21:54:01
1344,renfe,MADRID,SEVILLA,2019-05-19 20:00:00,2019-05-19 22:21:00,2.35,AVE,Turista Plus,64.05,Promo,,{},2019-04-11 21:54:01
1345,renfe,MADRID,SEVILLA,2019-05-19 13:10:00,2019-05-19 20:51:00,7.68,MD-LD,Turista,,Promo,,{},2019-04-11 21:54:01
1346,renfe,MADRID,VALENCIA,2019-05-01 06:20:00,2019-05-01 12:55:00,6.58,REGIONAL,Turista,28.35,Adulto ida,,{},2019-04-11 21:54:01
1347,renfe,MADRID,VALENCIA,2019-05-12 09:40:00,2019-05-12 11:24:00,1.73,AVE,Turista,27.8,Promo,,{},2019-04-11 21:54:16
1348,renfe,MADRID,VALENCIA,2019-05-12 06:20:00,2019-05-12 12:55:00,6.58,REGIONAL,Turista,28.35,Adulto ida,,{},2019-04-11 21:54:16
1349,renfe,MADRID,VALENCIA,2019-05-12 08:40:00,2019-05-12 10:33:00,1.88,AVE,Turista,27.8,Promo,,{},2019-04-11 21:54:16
1350,renfe,MADRID,VALENCIA,2019-05-12 08:40:00,2019-05-12 10:33:00,1.88,AVE,Turista,27.8,Promo,,{},2019-04-11 21:54:16
1351,renfe,MADRID,VALENCIA,2019-05-12 10:40:00,2019-05-12 12:20:00,1.67,AVE,Turista,33.65,Promo,,{},2019-04-11 21:54:16
1352,renfe,MADRID,VALENCIA,2019-05-12 09:40:00,2019-05-12 11:24:00,1.73,AVE,Turista,27.8,Promo,,{},2019-04-11 21:54:16
1353,renfe,MADRID,VALENCIA,2019-05-12 16:30:00,2019-05-12 22:47:00,6.28,REGIONAL,Turista,28.35,Adulto ida,,{},2019-04-11 21:54:16
1354,renfe,MADRID,VALENCIA,2019-05-12 10:40:00,2019-05-12 12:20:00,1.67,AVE,Turista,33.65,Promo,,{},2019-04-11 21:54:16
1355,renfe,MADRID,VALENCIA,2019-05-12 17:10:00,2019-05-12 18:54:00,1.73,AVE,Turista,73.1,Flexible,,{},2019-04-11 21:54:16
1356,renfe,MADRID,VALENCIA,2019-05-12 11:10:00,2019-05-12 13:25:00,2.25,INTERCITY,Turista,29.9,Promo,,{},2019-04-11 21:54:16
1357,renfe,MADRID,VALENCIA,2019-05-12 11:55:00,2019-05-12 13:35:00,1.67,AVE,Turista,39.45,Promo,,{},2019-04-11 21:54:16
1358,renfe,MADRID,VALENCIA,2019-05-12 11:55:00,2019-05-12 13:35:00,1.67,AVE,Turista,39.45,Promo,,{},2019-04-11 21:54:16
1359,renfe,MADRID,VALENCIA,2019-05-12 20:40:00,2019-05-12 22:24:00,1.73,AVE,Turista,51.15,Promo,,{},2019-04-11 21:54:16
1360,renfe,MADRID,VALENCIA,2019-05-12 12:42:00,2019-05-12 19:04:00,6.37,REGIONAL,Turista,28.35,Adulto ida,,{},2019-04-11 21:54:16
1361,renfe,MADRID,VALENCIA,2019-05-12 11:10:00,2019-05-12 13:25:00,2.25,INTERCITY,Turista,29.9,Promo,,{},2019-04-11 21:54:16
1362,renfe,MADRID,VALENCIA,2019-05-12 14:10:00,2019-05-12 16:03:00,1.88,AVE,Turista,45.3,Promo,,{},2019-04-11 21:54:16
1363,renfe,MADRID,VALENCIA,2019-05-12 12:42:00,2019-05-12 19:04:00,6.37,REGIONAL,Turista,28.35,Adulto ida,,{},2019-04-11 21:54:16
1364,renfe,MADRID,VALENCIA,2019-05-12 15:30:00,2019-05-12 22:31:00,7.02,AVE-MD,Turista con enlace,,Flexible,,{},2019-04-11 21:54:16
1365,renfe,MADRID,VALENCIA,2019-05-12 19:40:00,2019-05-12 21:29:00,1.82,AVE,Turista,57.75,Promo,,{},2019-04-11 21:54:16
1366,renfe,MADRID,VALENCIA,2019-05-12 15:40:00,2019-05-12 17:22:00,1.7,AVE,Turista,51.15,Promo,,{},2019-04-11 21:54:16
1367,renfe,MADRID,VALENCIA,2019-05-12 15:30:00,2019-05-12 22:31:00,7.02,AVE-MD,Turista con enlace,,Flexible,,{},2019-04-11 21:54:16
1368,renfe,MADRID,VALENCIA,2019-05-12 16:30:00,2019-05-12 22:47:00,6.28,REGIONAL,Turista,28.35,Adulto ida,,{},2019-04-11 21:54:16
1369,renfe,MADRID,VALENCIA,2019-05-12 14:10:00,2019-05-12 16:03:00,1.88,AVE,Turista,45.3,Promo,,{},2019-04-11 21:54:16
1370,renfe,MADRID,VALENCIA,2019-05-12 16:45:00,2019-05-12 18:50:00,2.08,ALVIA,Preferente,46.15,Promo,,{},2019-04-11 21:54:16
1371,renfe,MADRID,VALENCIA,2019-05-12 16:55:00,2019-05-12 21:58:00,5.05,AVE-LD,Turista con enlace,42.05,Promo +,,{},2019-04-11 21:54:16
1372,renfe,MADRID,VALENCIA,2019-05-12 17:10:00,2019-05-12 18:54:00,1.73,AVE,Turista,73.1,Flexible,,{},2019-04-11 21:54:16
1373,renfe,MADRID,VALENCIA,2019-05-12 17:48:00,2019-05-12 21:58:00,4.17,INTERCITY,Turista,42.9,Flexible,,{},2019-04-11 21:54:16
1374,renfe,MADRID,VALENCIA,2019-05-12 18:40:00,2019-05-12 20:20:00,1.67,AVE,Turista,73.1,Flexible,,{},2019-04-11 21:54:16
1375,renfe,MADRID,VALENCIA,2019-05-12 19:40:00,2019-05-12 21:29:00,1.82,AVE,Turista,57.75,Promo,,{},2019-04-11 21:54:16
1376,renfe,MADRID,VALENCIA,2019-05-12 20:40:00,2019-05-12 22:24:00,1.73,AVE,Turista,51.15,Promo,,{},2019-04-11 21:54:16
1377,renfe,MADRID,VALENCIA,2019-05-12 21:10:00,2019-05-12 23:03:00,1.88,AVE,Turista,45.3,Promo,,{},2019-04-11 21:54:16
1378,renfe,MADRID,VALENCIA,2019-05-12 15:40:00,2019-05-12 17:22:00,1.7,AVE,Turista,51.15,Promo,,{},2019-04-11 21:54:16
1379,renfe,MADRID,VALENCIA,2019-05-12 17:48:00,2019-05-12 21:58:00,4.17,INTERCITY,Turista,42.9,Flexible,,{},2019-04-11 21:54:16
1380,renfe,MADRID,VALENCIA,2019-05-12 16:45:00,2019-05-12 18:50:00,2.08,ALVIA,Preferente,46.15,Promo,,{},2019-04-11 21:54:16
1381,renfe,MADRID,VALENCIA,2019-05-12 16:55:00,2019-05-12 21:58:00,5.05,AVE-LD,Turista con enlace,42.05,Promo +,,{},2019-04-11 21:54:16
1382,renfe,MADRID,VALENCIA,2019-05-12 06:20:00,2019-05-12 12:55:00,6.58,REGIONAL,Turista,28.35,Adulto ida,,{},2019-04-11 21:54:16
1383,renfe,MADRID,VALENCIA,2019-05-12 18:40:00,2019-05-12 20:20:00,1.67,AVE,Turista,73.1,Flexible,,{},2019-04-11 21:54:16
1384,renfe,MADRID,VALENCIA,2019-05-12 21:10:00,2019-05-12 23:03:00,1.88,AVE,Turista,45.3,Promo,,{},2019-04-11 21:54:16
1385,renfe,MADRID,VALENCIA,2019-05-15 19:40:00,2019-05-15 21:29:00,1.82,AVE,Turista,39.45,Promo,,{},2019-04-11 21:54:17
1386,renfe,MADRID,VALENCIA,2019-05-15 06:08:00,2019-05-15 12:55:00,6.78,REGIONAL,Turista,28.35,Adulto ida,,{},2019-04-11 21:54:17
1387,renfe,MADRID,VALENCIA,2019-05-15 14:10:00,2019-05-15 16:03:00,1.88,AVE,Turista,21.95,Promo,,{},2019-04-11 21:54:17
1388,renfe,MADRID,VALENCIA,2019-05-15 06:45:00,2019-05-15 08:38:00,1.88,AVE,Turista,21.95,Promo,,{},2019-04-11 21:54:17
1389,renfe,MADRID,VALENCIA,2019-05-15 16:55:00,2019-05-15 21:58:00,5.05,AVE-LD,Turista con enlace,22.45,Promo,,{},2019-04-11 21:54:17
1390,renfe,MADRID,VALENCIA,2019-05-15 08:40:00,2019-05-15 10:33:00,1.88,AVE,Turista,21.95,Promo,,{},2019-04-11 21:54:17
1391,renfe,MADRID,VALENCIA,2019-05-15 12:21:00,2019-05-15 19:04:00,6.72,REGIONAL,Turista,28.35,Adulto ida,,{},2019-04-11 21:54:17
1392,renfe,MADRID,VALENCIA,2019-05-15 09:40:00,2019-05-15 11:24:00,1.73,AVE,Turista,39.45,Promo,,{},2019-04-11 21:54:17
1393,renfe,MADRID,VALENCIA,2019-05-15 15:40:00,2019-05-15 17:22:00,1.7,AVE,Turista,21.95,Promo,,{},2019-04-11 21:54:17
1394,renfe,MADRID,VALENCIA,2019-05-15 10:40:00,2019-05-15 12:20:00,1.67,AVE,Turista,33.65,Promo,,{},2019-04-11 21:54:17
1395,renfe,MADRID,VALENCIA,2019-05-15 12:40:00,2019-05-15 14:20:00,1.67,AVE,Turista,27.8,Promo,,{},2019-04-11 21:54:17
1396,renfe,MADRID,VALENCIA,2019-05-15 11:10:00,2019-05-15 13:25:00,2.25,INTERCITY,Turista,29.9,Promo,,{},2019-04-11 21:54:17
1397,renfe,MADRID,VALENCIA,2019-05-15 17:40:00,2019-05-15 19:20:00,1.67,AVE,Turista,21.95,Promo,,{},2019-04-11 21:54:17
1398,renfe,MADRID,VALENCIA,2019-05-15 11:55:00,2019-05-15 13:35:00,1.67,AVE,Turista,21.95,Promo,,{},2019-04-11 21:54:17
1399,renfe,MADRID,VALENCIA,2019-05-15 08:40:00,2019-05-15 10:33:00,1.88,AVE,Turista,21.95,Promo,,{},2019-04-11 21:54:17
1400,renfe,MADRID,VALENCIA,2019-05-15 12:21:00,2019-05-15 19:04:00,6.72,REGIONAL,Turista,28.35,Adulto ida,,{},2019-04-11 21:54:17
1401,renfe,MADRID,VALENCIA,2019-05-15 11:10:00,2019-05-15 13:25:00,2.25,INTERCITY,Turista,29.9,Promo,,{},2019-04-11 21:54:17
1402,renfe,MADRID,VALENCIA,2019-05-15 12:40:00,2019-05-15 14:20:00,1.67,AVE,Turista,27.8,Promo,,{},2019-04-11 21:54:17
1403,renfe,MADRID,VALENCIA,2019-05-15 20:40:00,2019-05-15 22:24:00,1.73,AVE,Turista,21.95,Promo,,{},2019-04-11 21:54:17
1404,renfe,MADRID,VALENCIA,2019-05-15 14:10:00,2019-05-15 16:03:00,1.88,AVE,Turista,21.95,Promo,,{},2019-04-11 21:54:17
1405,renfe,MADRID,VALENCIA,2019-05-15 16:05:00,2019-05-15 22:47:00,6.7,REGIONAL,Turista,28.35,Adulto ida,,{},2019-04-11 21:54:17
1406,renfe,MADRID,VALENCIA,2019-05-15 15:10:00,2019-05-15 16:52:00,1.7,AVE,Turista,21.95,Promo,,{},2019-04-11 21:54:17
1407,renfe,MADRID,VALENCIA,2019-05-15 06:08:00,2019-05-15 12:55:00,6.78,REGIONAL,Turista,28.35,Adulto ida,,{},2019-04-11 21:54:17
1408,renfe,MADRID,VALENCIA,2019-05-15 15:30:00,2019-05-15 22:31:00,7.02,AVE-MD,Turista con enlace,53.25,Promo +,,{},2019-04-11 21:54:17
1409,renfe,MADRID,VALENCIA,2019-05-15 15:10:00,2019-05-15 16:52:00,1.7,AVE,Turista,21.95,Promo,,{},2019-04-11 21:54:17
1410,renfe,MADRID,VALENCIA,2019-05-15 15:40:00,2019-05-15 17:22:00,1.7,AVE,Turista,21.95,Promo,,{},2019-04-11 21:54:17
1411,renfe,MADRID,VALENCIA,2019-05-15 10:40:00,2019-05-15 12:20:00,1.67,AVE,Turista,33.65,Promo,,{},2019-04-11 21:54:17
1412,renfe,MADRID,VALENCIA,2019-05-15 16:05:00,2019-05-15 22:47:00,6.7,REGIONAL,Turista,28.35,Adulto ida,,{},2019-04-11 21:54:17
1413,renfe,MADRID,VALENCIA,2019-05-15 17:48:00,2019-05-15 21:58:00,4.17,INTERCITY,Turista,17.15,Promo,,{},2019-04-11 21:54:17
1414,renfe,MADRID,VALENCIA,2019-05-15 16:45:00,2019-05-15 18:50:00,2.08,ALVIA,Turista,21.3,Promo,,{},2019-04-11 21:54:17
1415,renfe,MADRID,VALENCIA,2019-05-15 21:10:00,2019-05-15 23:03:00,1.88,AVE,Turista,21.95,Promo,,{},2019-04-11 21:54:17
1416,renfe,MADRID,VALENCIA,2019-05-15 16:55:00,2019-05-15 21:58:00,5.05,AVE-LD,Turista con enlace,22.45,Promo,,{},2019-04-11 21:54:17
1417,renfe,MADRID,VALENCIA,2019-05-15 17:40:00,2019-05-15 19:20:00,1.67,AVE,Turista,21.95,Promo,,{},2019-04-11 21:54:17
1418,renfe,MADRID,VALENCIA,2019-05-15 17:48:00,2019-05-15 21:58:00,4.17,INTERCITY,Turista,17.15,Promo,,{},2019-04-11 21:54:17
1419,renfe,MADRID,VALENCIA,2019-05-15 18:40:00,2019-05-15 20:20:00,1.67,AVE,Turista,21.95,Promo,,{},2019-04-11 21:54:17
1420,renfe,MADRID,VALENCIA,2019-05-15 19:40:00,2019-05-15 21:29:00,1.82,AVE,Turista,39.45,Promo,,{},2019-04-11 21:54:17
1421,renfe,MADRID,VALENCIA,2019-05-15 20:40:00,2019-05-15 22:24:00,1.73,AVE,Turista,21.95,Promo,,{},2019-04-11 21:54:17
1422,renfe,MADRID,VALENCIA,2019-05-15 21:10:00,2019-05-15 23:03:00,1.88,AVE,Turista,21.95,Promo,,{},2019-04-11 21:54:17
1423,renfe,MADRID,VALENCIA,2019-05-15 16:45:00,2019-05-15 18:50:00,2.08,ALVIA,Turista,21.3,Promo,,{},2019-04-11 21:54:17
1424,renfe,MADRID,VALENCIA,2019-05-15 18:40:00,2019-05-15 20:20:00,1.67,AVE,Turista,21.95,Promo,,{},2019-04-11 21:54:17
1425,renfe,MADRID,VALENCIA,2019-05-15 06:45:00,2019-05-15 08:38:00,1.88,AVE,Turista,21.95,Promo,,{},2019-04-11 21:54:17
1426,renfe,MADRID,VALENCIA,2019-05-15 09:40:00,2019-05-15 11:24:00,1.73,AVE,Turista,39.45,Promo,,{},2019-04-11 21:54:17
1427,renfe,MADRID,VALENCIA,2019-05-15 15:30:00,2019-05-15 22:31:00,7.02,AVE-MD,Turista con enlace,53.25,Promo +,,{},2019-04-11 21:54:17
1428,renfe,MADRID,VALENCIA,2019-05-15 11:55:00,2019-05-15 13:35:00,1.67,AVE,Turista,21.95,Promo,,{},2019-04-11 21:54:17
1429,renfe,MADRID,VALENCIA,2019-04-28 20:40:00,2019-04-28 22:24:00,1.73,AVE,Preferente,66.55,Promo,,{},2019-04-11 21:54:33
1430,renfe,MADRID,VALENCIA,2019-04-28 06:20:00,2019-04-28 12:55:00,6.58,REGIONAL,Turista,28.35,Adulto ida,,{},2019-04-11 21:54:33
1431,renfe,MADRID,VALENCIA,2019-04-28 17:48:00,2019-04-28 21:58:00,4.17,INTERCITY,Turista Plus,36.05,Promo,,{},2019-04-11 21:54:33
1432,renfe,MADRID,VALENCIA,2019-04-28 08:40:00,2019-04-28 10:33:00,1.88,AVE,Turista,27.8,Promo,,{},2019-04-11 21:54:33
1433,renfe,MADRID,VALENCIA,2019-04-14 16:55:00,2019-04-14 21:58:00,5.05,AVE-LD,Turista,,Flexible,,{},2019-04-11 21:54:33
1434,renfe,MADRID,VALENCIA,2019-04-28 09:40:00,2019-04-28 11:24:00,1.73,AVE,Turista,39.45,Promo,,{},2019-04-11 21:54:33
1435,renfe,MADRID,VALENCIA,2019-04-28 12:42:00,2019-04-28 19:04:00,6.37,REGIONAL,Turista,28.35,Adulto ida,,{},2019-04-11 21:54:33
1436,renfe,MADRID,VALENCIA,2019-04-28 10:40:00,2019-04-28 12:20:00,1.67,AVE,Turista,39.45,Promo,,{},2019-04-11 21:54:33
1437,renfe,MADRID,VALENCIA,2019-04-14 11:55:00,2019-04-14 13:35:00,1.67,AVE,Turista,73.1,Flexible,,{},2019-04-11 21:54:33
1438,renfe,MADRID,VALENCIA,2019-04-28 11:10:00,2019-04-28 13:25:00,2.25,INTERCITY,Turista,38.8,Promo,,{},2019-04-11 21:54:33
1439,renfe,MADRID,VALENCIA,2019-04-14 15:30:00,2019-04-14 22:31:00,7.02,AVE-MD,Turista,,Flexible,,{},2019-04-11 21:54:33
1440,renfe,MADRID,VALENCIA,2019-04-28 11:55:00,2019-04-28 13:35:00,1.67,AVE,Turista,57.75,Promo,,{},2019-04-11 21:54:33
1441,renfe,MADRID,VALENCIA,2019-04-28 21:10:00,2019-04-28 23:03:00,1.88,AVE,Turista,51.15,Promo,,{},2019-04-11 21:54:33
1442,renfe,MADRID,VALENCIA,2019-04-28 12:42:00,2019-04-28 19:04:00,6.37,REGIONAL,Turista,28.35,Adulto ida,,{},2019-04-11 21:54:33
1443,renfe,MADRID,VALENCIA,2019-04-28 09:40:00,2019-04-28 11:24:00,1.73,AVE,Turista,39.45,Promo,,{},2019-04-11 21:54:33
1444,renfe,MADRID,VALENCIA,2019-04-28 14:10:00,2019-04-28 16:03:00,1.88,AVE,Turista,45.3,Promo,,{},2019-04-11 21:54:33
1445,renfe,MADRID,VALENCIA,2019-04-28 11:10:00,2019-04-28 13:25:00,2.25,INTERCITY,Turista,38.8,Promo,,{},2019-04-11 21:54:33
1446,renfe,MADRID,VALENCIA,2019-04-28 15:30:00,2019-04-28 22:31:00,7.02,AVE-MD,Turista con enlace,,Flexible,,{},2019-04-11 21:54:33
1447,renfe,MADRID,VALENCIA,2019-04-14 09:40:00,2019-04-14 11:24:00,1.73,AVE,Preferente,66.55,Promo,,{},2019-04-11 21:54:33
1448,renfe,MADRID,VALENCIA,2019-04-28 15:40:00,2019-04-28 17:22:00,1.7,AVE,Turista,45.3,Promo,,{},2019-04-11 21:54:33
1449,renfe,MADRID,VALENCIA,2019-04-28 11:55:00,2019-04-28 13:35:00,1.67,AVE,Turista,57.75,Promo,,{},2019-04-11 21:54:33
1450,renfe,MADRID,VALENCIA,2019-04-28 16:30:00,2019-04-28 22:47:00,6.28,REGIONAL,Turista,28.35,Adulto ida,,{},2019-04-11 21:54:33
1451,renfe,MADRID,VALENCIA,2019-04-28 17:10:00,2019-04-28 18:54:00,1.73,AVE,Turista,57.75,Promo,,{},2019-04-11 21:54:33
1452,renfe,MADRID,VALENCIA,2019-04-28 16:45:00,2019-04-28 18:50:00,2.08,ALVIA,Preferente,46.15,Promo,,{},2019-04-11 21:54:33
1453,renfe,MADRID,VALENCIA,2019-04-14 19:40:00,2019-04-14 21:29:00,1.82,AVE,Turista,73.1,Flexible,,{},2019-04-11 21:54:33
1454,renfe,MADRID,VALENCIA,2019-04-28 16:55:00,2019-04-28 21:58:00,5.05,AVE-LD,Turista con enlace,56.1,Flexible,,{},2019-04-11 21:54:33
1455,renfe,MADRID,VALENCIA,2019-04-28 18:40:00,2019-04-28 20:20:00,1.67,AVE,Turista,51.15,Promo,,{},2019-04-11 21:54:33
1456,renfe,MADRID,VALENCIA,2019-04-28 17:10:00,2019-04-28 18:54:00,1.73,AVE,Turista,57.75,Promo,,{},2019-04-11 21:54:33
1457,renfe,MADRID,VALENCIA,2019-04-14 12:42:00,2019-04-14 19:04:00,6.37,REGIONAL,Turista,28.35,Adulto ida,,{},2019-04-11 21:54:33
1458,renfe,MADRID,VALENCIA,2019-04-28 17:48:00,2019-04-28 21:58:00,4.17,INTERCITY,Turista Plus,36.05,Promo,,{},2019-04-11 21:54:33
1459,renfe,MADRID,VALENCIA,2019-04-14 14:10:00,2019-04-14 16:03:00,1.88,AVE,Preferente,66.55,Promo,,{},2019-04-11 21:54:33
1460,renfe,MADRID,VALENCIA,2019-04-28 18:40:00,2019-04-28 20:20:00,1.67,AVE,Turista,51.15,Promo,,{},2019-04-11 21:54:33
1461,renfe,MADRID,VALENCIA,2019-04-14 21:10:00,2019-04-14 23:03:00,1.88,AVE,Preferente,66.55,Promo,,{},2019-04-11 21:54:33
1462,renfe,MADRID,VALENCIA,2019-04-28 19:40:00,2019-04-28 21:29:00,1.82,AVE,Turista,39.45,Promo,,{},2019-04-11 21:54:33
1463,renfe,MADRID,VALENCIA,2019-04-28 15:40:00,2019-04-28 17:22:00,1.7,AVE,Turista,45.3,Promo,,{},2019-04-11 21:54:33
1464,renfe,MADRID,VALENCIA,2019-04-28 20:40:00,2019-04-28 22:24:00,1.73,AVE,Preferente,66.55,Promo,,{},2019-04-11 21:54:33
1465,renfe,MADRID,VALENCIA,2019-04-14 20:40:00,2019-04-14 22:24:00,1.73,AVE,Preferente,66.55,Promo,,{},2019-04-11 21:54:33
1466,renfe,MADRID,VALENCIA,2019-04-28 21:10:00,2019-04-28 23:03:00,1.88,AVE,Turista,51.15,Promo,,{},2019-04-11 21:54:33
1467,renfe,MADRID,VALENCIA,2019-04-14 08:40:00,2019-04-14 10:33:00,1.88,AVE,Turista,57.75,Promo,,{},2019-04-11 21:54:33
1468,renfe,MADRID,VALENCIA,2019-04-14 06:20:00,2019-04-14 12:55:00,6.58,REGIONAL,Turista,28.35,Adulto ida,,{},2019-04-11 21:54:33
1469,renfe,MADRID,VALENCIA,2019-04-28 10:40:00,2019-04-28 12:20:00,1.67,AVE,Turista,39.45,Promo,,{},2019-04-11 21:54:33
1470,renfe,MADRID,VALENCIA,2019-04-14 08:40:00,2019-04-14 10:33:00,1.88,AVE,Turista,57.75,Promo,,{},2019-04-11 21:54:33
1471,renfe,MADRID,VALENCIA,2019-04-14 18:40:00,2019-04-14 20:20:00,1.67,AVE,Turista,73.1,Flexible,,{},2019-04-11 21:54:33
1472,renfe,MADRID,VALENCIA,2019-04-14 09:40:00,2019-04-14 11:24:00,1.73,AVE,Preferente,66.55,Promo,,{},2019-04-11 21:54:33
1473,renfe,MADRID,VALENCIA,2019-04-28 16:45:00,2019-04-28 18:50:00,2.08,ALVIA,Preferente,46.15,Promo,,{},2019-04-11 21:54:33
1474,renfe,MADRID,VALENCIA,2019-04-14 10:40:00,2019-04-14 12:20:00,1.67,AVE,Preferente,66.55,Promo,,{},2019-04-11 21:54:33
1475,renfe,MADRID,VALENCIA,2019-04-28 14:10:00,2019-04-28 16:03:00,1.88,AVE,Turista,45.3,Promo,,{},2019-04-11 21:54:33
1476,renfe,MADRID,VALENCIA,2019-04-14 11:10:00,2019-04-14 13:25:00,2.25,INTERCITY,Turista,,Flexible,,{},2019-04-11 21:54:33
1477,renfe,MADRID,VALENCIA,2019-04-28 08:40:00,2019-04-28 10:33:00,1.88,AVE,Turista,27.8,Promo,,{},2019-04-11 21:54:33
1478,renfe,MADRID,VALENCIA,2019-04-14 11:55:00,2019-04-14 13:35:00,1.67,AVE,Turista,73.1,Flexible,,{},2019-04-11 21:54:33
1479,renfe,MADRID,VALENCIA,2019-04-14 16:45:00,2019-04-14 18:50:00,2.08,ALVIA,Turista,,Flexible,,{},2019-04-11 21:54:33
1480,renfe,MADRID,VALENCIA,2019-04-14 12:42:00,2019-04-14 19:04:00,6.37,REGIONAL,Turista,28.35,Adulto ida,,{},2019-04-11 21:54:33
1481,renfe,MADRID,VALENCIA,2019-04-14 14:10:00,2019-04-14 16:03:00,1.88,AVE,Preferente,66.55,Promo,,{},2019-04-11 21:54:33
1482,renfe,MADRID,VALENCIA,2019-04-14 15:30:00,2019-04-14 22:31:00,7.02,AVE-MD,Turista,,Flexible,,{},2019-04-11 21:54:33
1483,renfe,MADRID,VALENCIA,2019-04-14 15:40:00,2019-04-14 17:22:00,1.7,AVE,Turista,73.1,Flexible,,{},2019-04-11 21:54:33
1484,renfe,MADRID,VALENCIA,2019-04-14 16:30:00,2019-04-14 22:47:00,6.28,REGIONAL,Turista,28.35,Adulto ida,,{},2019-04-11 21:54:33
1485,renfe,MADRID,VALENCIA,2019-04-14 16:45:00,2019-04-14 18:50:00,2.08,ALVIA,Turista,,Flexible,,{},2019-04-11 21:54:33
1486,renfe,MADRID,VALENCIA,2019-04-14 16:55:00,2019-04-14 21:58:00,5.05,AVE-LD,Turista,,Flexible,,{},2019-04-11 21:54:33
1487,renfe,MADRID,VALENCIA,2019-04-14 17:10:00,2019-04-14 18:54:00,1.73,AVE,Turista,73.1,Flexible,,{},2019-04-11 21:54:33
1488,renfe,MADRID,VALENCIA,2019-04-14 17:48:00,2019-04-14 21:58:00,4.17,INTERCITY,Turista,42.9,Flexible,,{},2019-04-11 21:54:33
1489,renfe,MADRID,VALENCIA,2019-04-14 18:40:00,2019-04-14 20:20:00,1.67,AVE,Turista,73.1,Flexible,,{},2019-04-11 21:54:33
1490,renfe,MADRID,VALENCIA,2019-04-14 19:40:00,2019-04-14 21:29:00,1.82,AVE,Turista,73.1,Flexible,,{},2019-04-11 21:54:33
1491,renfe,MADRID,VALENCIA,2019-04-14 20:40:00,2019-04-14 22:24:00,1.73,AVE,Preferente,66.55,Promo,,{},2019-04-11 21:54:33
1492,renfe,MADRID,VALENCIA,2019-04-14 21:10:00,2019-04-14 23:03:00,1.88,AVE,Preferente,66.55,Promo,,{},2019-04-11 21:54:33
1493,renfe,MADRID,VALENCIA,2019-04-14 10:40:00,2019-04-14 12:20:00,1.67,AVE,Preferente,66.55,Promo,,{},2019-04-11 21:54:33
1494,renfe,MADRID,VALENCIA,2019-04-14 16:30:00,2019-04-14 22:47:00,6.28,REGIONAL,Turista,28.35,Adulto ida,,{},2019-04-11 21:54:33
1495,renfe,MADRID,VALENCIA,2019-04-28 19:40:00,2019-04-28 21:29:00,1.82,AVE,Turista,39.45,Promo,,{},2019-04-11 21:54:33
1496,renfe,MADRID,VALENCIA,2019-04-28 15:30:00,2019-04-28 22:31:00,7.02,AVE-MD,Turista con enlace,,Flexible,,{},2019-04-11 21:54:33
1497,renfe,MADRID,VALENCIA,2019-04-14 15:40:00,2019-04-14 17:22:00,1.7,AVE,Turista,73.1,Flexible,,{},2019-04-11 21:54:33
1498,renfe,MADRID,VALENCIA,2019-04-14 11:10:00,2019-04-14 13:25:00,2.25,INTERCITY,Turista,,Flexible,,{},2019-04-11 21:54:33
1499,renfe,MADRID,VALENCIA,2019-04-28 16:55:00,2019-04-28 21:58:00,5.05,AVE-LD,Turista con enlace,56.1,Flexible,,{},2019-04-11 21:54:33
1500,renfe,MADRID,VALENCIA,2019-04-28 16:30:00,2019-04-28 22:47:00,6.28,REGIONAL,Turista,28.35,Adulto ida,,{},2019-04-11 21:54:33
1501,renfe,MADRID,VALENCIA,2019-04-14 17:10:00,2019-04-14 18:54:00,1.73,AVE,Turista,73.1,Flexible,,{},2019-04-11 21:54:33
1502,renfe,MADRID,VALENCIA,2019-04-14 17:48:00,2019-04-14 21:58:00,4.17,INTERCITY,Turista,42.9,Flexible,,{},2019-04-11 21:54:33
1503,renfe,MADRID,VALENCIA,2019-04-28 06:20:00,2019-04-28 12:55:00,6.58,REGIONAL,Turista,28.35,Adulto ida,,{},2019-04-11 21:54:33
1504,renfe,MADRID,VALENCIA,2019-04-14 06:20:00,2019-04-14 12:55:00,6.58,REGIONAL,Turista,28.35,Adulto ida,,{},2019-04-11 21:54:33
1505,renfe,MADRID,SEVILLA,2019-05-01 10:00:00,2019-05-01 12:32:00,2.53,AVE,Turista,76.3,Flexible,,{},2019-04-11 21:54:49
1506,renfe,MADRID,SEVILLA,2019-04-29 06:20:00,2019-04-29 09:16:00,2.93,AV City,Turista,43.55,Promo,,{},2019-04-11 21:54:49
1507,renfe,MADRID,SEVILLA,2019-05-01 11:00:00,2019-05-01 13:32:00,2.53,AVE,Turista,76.3,Flexible,,{},2019-04-11 21:54:49
1508,renfe,MADRID,SEVILLA,2019-04-29 07:00:00,2019-04-29 09:32:00,2.53,AVE,Preferente,69.4,Promo,,{},2019-04-11 21:54:49
1509,renfe,MADRID,SEVILLA,2019-04-29 06:20:00,2019-04-29 09:16:00,2.93,AV City,Turista,43.55,Promo,,{},2019-04-11 21:54:49
1510,renfe,MADRID,SEVILLA,2019-04-29 07:30:00,2019-04-29 09:51:00,2.35,AVE,Turista,53.4,Promo,,{},2019-04-11 21:54:49
1511,renfe,MADRID,SEVILLA,2019-05-01 09:45:00,2019-05-01 12:27:00,2.7,INTERCITY,Turista,,Flexible,,{},2019-04-11 21:54:49
1512,renfe,MADRID,SEVILLA,2019-04-29 08:00:00,2019-04-29 10:32:00,2.53,AVE,Turista,76.3,Flexible,,{},2019-04-11 21:54:49
1513,renfe,MADRID,SEVILLA,2019-04-29 13:10:00,2019-04-29 20:51:00,7.68,MD-LD,Turista con enlace,27.5,Promo,,{},2019-04-11 21:54:49
1514,renfe,MADRID,SEVILLA,2019-04-29 08:30:00,2019-04-29 11:14:00,2.73,ALVIA,Turista,,Flexible,,{},2019-04-11 21:54:49
1515,renfe,MADRID,SEVILLA,2019-05-01 08:00:00,2019-05-01 10:32:00,2.53,AVE,Turista,76.3,Flexible,,{},2019-04-11 21:54:49
1516,renfe,MADRID,SEVILLA,2019-04-29 09:00:00,2019-04-29 11:38:00,2.63,AVE,Turista,76.3,Flexible,,{},2019-04-11 21:54:49
1517,renfe,MADRID,SEVILLA,2019-04-29 18:35:00,2019-04-29 21:08:00,2.55,ALVIA,Turista,67.2,Flexible,,{},2019-04-11 21:54:49
1518,renfe,MADRID,SEVILLA,2019-04-29 09:45:00,2019-04-29 12:27:00,2.7,INTERCITY,Turista,62.2,Flexible,,{},2019-04-11 21:54:49
1519,renfe,MADRID,SEVILLA,2019-05-01 12:00:00,2019-05-01 14:32:00,2.53,AVE,Turista,76.3,Flexible,,{},2019-04-11 21:54:49
1520,renfe,MADRID,SEVILLA,2019-04-29 10:00:00,2019-04-29 12:32:00,2.53,AVE,Turista,76.3,Flexible,,{},2019-04-11 21:54:49
1521,renfe,MADRID,SEVILLA,2019-04-29 07:30:00,2019-04-29 09:51:00,2.35,AVE,Turista,53.4,Promo,,{},2019-04-11 21:54:49
1522,renfe,MADRID,SEVILLA,2019-04-29 11:00:00,2019-04-29 13:32:00,2.53,AVE,Turista,60.3,Promo,,{},2019-04-11 21:54:49
1523,renfe,MADRID,SEVILLA,2019-05-01 13:30:00,2019-05-01 16:05:00,2.58,ALVIA,Turista,,Flexible,,{},2019-04-11 21:54:49
1524,renfe,MADRID,SEVILLA,2019-04-29 11:05:00,2019-04-29 13:41:00,2.6,ALVIA,Turista,,Promo,,{},2019-04-11 21:54:49
1525,renfe,MADRID,SEVILLA,2019-04-29 21:25:00,2019-04-30 00:10:00,2.75,AV City,Turista,49.15,Promo,,{},2019-04-11 21:54:49
1526,renfe,MADRID,SEVILLA,2019-04-29 12:00:00,2019-04-29 14:32:00,2.53,AVE,Turista,60.3,Promo,,{},2019-04-11 21:54:49
1527,renfe,MADRID,SEVILLA,2019-04-29 07:00:00,2019-04-29 09:32:00,2.53,AVE,Preferente,69.4,Promo,,{},2019-04-11 21:54:49
1528,renfe,MADRID,SEVILLA,2019-04-29 13:00:00,2019-04-29 15:40:00,2.67,AVE,Turista,53.4,Promo,,{},2019-04-11 21:54:49
1529,renfe,MADRID,SEVILLA,2019-05-01 09:00:00,2019-05-01 11:38:00,2.63,AVE,Turista,76.3,Flexible,,{},2019-04-11 21:54:49
1530,renfe,MADRID,SEVILLA,2019-04-29 13:10:00,2019-04-29 20:51:00,7.68,MD-LD,Turista con enlace,27.5,Promo,,{},2019-04-11 21:54:49
1531,renfe,MADRID,SEVILLA,2019-04-29 13:00:00,2019-04-29 15:40:00,2.67,AVE,Turista,53.4,Promo,,{},2019-04-11 21:54:49
1532,renfe,MADRID,SEVILLA,2019-04-29 13:30:00,2019-04-29 16:05:00,2.58,ALVIA,Turista,,Promo,,{},2019-04-11 21:54:49
1533,renfe,MADRID,SEVILLA,2019-04-29 20:35:00,2019-04-29 23:15:00,2.67,AVE,Turista,53.4,Promo,,{},2019-04-11 21:54:49
1534,renfe,MADRID,SEVILLA,2019-04-29 14:00:00,2019-04-29 16:32:00,2.53,AVE,Turista,47.3,Promo,,{},2019-04-11 21:54:49
1535,renfe,MADRID,SEVILLA,2019-04-29 11:00:00,2019-04-29 13:32:00,2.53,AVE,Turista,60.3,Promo,,{},2019-04-11 21:54:49
1536,renfe,MADRID,SEVILLA,2019-04-29 15:00:00,2019-04-29 17:21:00,2.35,AVE,Turista,47.3,Promo,,{},2019-04-11 21:54:49
1537,renfe,MADRID,SEVILLA,2019-04-29 13:30:00,2019-04-29 16:05:00,2.58,ALVIA,Turista,,Promo,,{},2019-04-11 21:54:49
1538,renfe,MADRID,SEVILLA,2019-04-29 16:00:00,2019-04-29 18:30:00,2.5,AVE,Turista,47.3,Promo,,{},2019-04-11 21:54:49
1539,renfe,MADRID,SEVILLA,2019-04-29 08:30:00,2019-04-29 11:14:00,2.73,ALVIA,Turista,,Flexible,,{},2019-04-11 21:54:49
1540,renfe,MADRID,SEVILLA,2019-04-29 16:30:00,2019-04-29 18:51:00,2.35,AVE,Turista,47.3,Promo,,{},2019-04-11 21:54:49
1541,renfe,MADRID,SEVILLA,2019-05-01 16:00:00,2019-05-01 18:30:00,2.5,AVE,Preferente,128.5,Flexible,,{},2019-04-11 21:54:49
1542,renfe,MADRID,SEVILLA,2019-04-29 17:00:00,2019-04-29 19:38:00,2.63,AVE,Turista,47.3,Promo,,{},2019-04-11 21:54:49
1543,renfe,MADRID,SEVILLA,2019-05-01 19:00:00,2019-05-01 21:38:00,2.63,AVE,Turista,76.3,Flexible,,{},2019-04-11 21:54:49
1544,renfe,MADRID,SEVILLA,2019-04-29 18:00:00,2019-04-29 20:32:00,2.53,AVE,Turista,53.4,Promo,,{},2019-04-11 21:54:49
1545,renfe,MADRID,SEVILLA,2019-05-01 08:30:00,2019-05-01 11:14:00,2.73,ALVIA,Turista,,Flexible,,{},2019-04-11 21:54:49
1546,renfe,MADRID,SEVILLA,2019-04-29 18:35:00,2019-04-29 21:08:00,2.55,ALVIA,Turista,67.2,Flexible,,{},2019-04-11 21:54:49
1547,renfe,MADRID,SEVILLA,2019-04-29 17:00:00,2019-04-29 19:38:00,2.63,AVE,Turista,47.3,Promo,,{},2019-04-11 21:54:49
1548,renfe,MADRID,SEVILLA,2019-04-29 19:00:00,2019-04-29 21:38:00,2.63,AVE,Preferente,69.4,Promo,,{},2019-04-11 21:54:49
1549,renfe,MADRID,SEVILLA,2019-04-29 16:00:00,2019-04-29 18:30:00,2.5,AVE,Turista,47.3,Promo,,{},2019-04-11 21:54:49
1550,renfe,MADRID,SEVILLA,2019-04-29 20:35:00,2019-04-29 23:15:00,2.67,AVE,Turista,53.4,Promo,,{},2019-04-11 21:54:49
1551,renfe,MADRID,SEVILLA,2019-05-01 18:00:00,2019-05-01 20:32:00,2.53,AVE,Turista,76.3,Flexible,,{},2019-04-11 21:54:49
1552,renfe,MADRID,SEVILLA,2019-04-29 21:25:00,2019-04-30 00:10:00,2.75,AV City,Turista,49.15,Promo,,{},2019-04-11 21:54:49
1553,renfe,MADRID,SEVILLA,2019-04-29 09:45:00,2019-04-29 12:27:00,2.7,INTERCITY,Turista,62.2,Flexible,,{},2019-04-11 21:54:49
1554,renfe,MADRID,SEVILLA,2019-05-01 07:00:00,2019-05-01 09:55:00,2.92,AV City,Turista,,Flexible,,{},2019-04-11 21:54:49
1555,renfe,MADRID,SEVILLA,2019-04-29 12:00:00,2019-04-29 14:32:00,2.53,AVE,Turista,60.3,Promo,,{},2019-04-11 21:54:49
1556,renfe,MADRID,SEVILLA,2019-05-01 08:00:00,2019-05-01 10:32:00,2.53,AVE,Turista,76.3,Flexible,,{},2019-04-11 21:54:49
1557,renfe,MADRID,SEVILLA,2019-05-01 20:35:00,2019-05-01 23:15:00,2.67,AVE,Turista,76.3,Flexible,,{},2019-04-11 21:54:49
1558,renfe,MADRID,SEVILLA,2019-05-01 08:30:00,2019-05-01 11:14:00,2.73,ALVIA,Turista,,Flexible,,{},2019-04-11 21:54:49
1559,renfe,MADRID,SEVILLA,2019-05-01 14:00:00,2019-05-01 16:32:00,2.53,AVE,Turista,,Flexible,,{},2019-04-11 21:54:49
1560,renfe,MADRID,SEVILLA,2019-05-01 09:00:00,2019-05-01 11:38:00,2.63,AVE,Turista,76.3,Flexible,,{},2019-04-11 21:54:49
1561,renfe,MADRID,SEVILLA,2019-04-29 14:00:00,2019-04-29 16:32:00,2.53,AVE,Turista,47.3,Promo,,{},2019-04-11 21:54:49
1562,renfe,MADRID,SEVILLA,2019-05-01 09:45:00,2019-05-01 12:27:00,2.7,INTERCITY,Turista,,Flexible,,{},2019-04-11 21:54:49
1563,renfe,MADRID,SEVILLA,2019-05-01 15:00:00,2019-05-01 17:21:00,2.35,AVE,Turista,76.3,Flexible,,{},2019-04-11 21:54:49
1564,renfe,MADRID,SEVILLA,2019-05-01 10:00:00,2019-05-01 12:32:00,2.53,AVE,Turista,76.3,Flexible,,{},2019-04-11 21:54:49
1565,renfe,MADRID,SEVILLA,2019-05-01 13:00:00,2019-05-01 15:40:00,2.67,AVE,Turista,76.3,Flexible,,{},2019-04-11 21:54:49
1566,renfe,MADRID,SEVILLA,2019-05-01 11:00:00,2019-05-01 13:32:00,2.53,AVE,Turista,76.3,Flexible,,{},2019-04-11 21:54:49
1567,renfe,MADRID,SEVILLA,2019-05-01 11:05:00,2019-05-01 13:41:00,2.6,ALVIA,Turista,,Flexible,,{},2019-04-11 21:54:49
1568,renfe,MADRID,SEVILLA,2019-05-01 12:00:00,2019-05-01 14:32:00,2.53,AVE,Turista,76.3,Flexible,,{},2019-04-11 21:54:49
1569,renfe,MADRID,SEVILLA,2019-05-01 13:00:00,2019-05-01 15:40:00,2.67,AVE,Turista,76.3,Flexible,,{},2019-04-11 21:54:49
1570,renfe,MADRID,SEVILLA,2019-05-01 13:10:00,2019-05-01 20:51:00,7.68,MD-LD,Turista con enlace,45.8,Flexible,,{},2019-04-11 21:54:49
1571,renfe,MADRID,SEVILLA,2019-05-01 13:30:00,2019-05-01 16:05:00,2.58,ALVIA,Turista,,Flexible,,{},2019-04-11 21:54:49
1572,renfe,MADRID,SEVILLA,2019-05-01 14:00:00,2019-05-01 16:32:00,2.53,AVE,Turista,,Flexible,,{},2019-04-11 21:54:49
1573,renfe,MADRID,SEVILLA,2019-05-01 15:00:00,2019-05-01 17:21:00,2.35,AVE,Turista,76.3,Flexible,,{},2019-04-11 21:54:49
1574,renfe,MADRID,SEVILLA,2019-05-01 16:00:00,2019-05-01 18:30:00,2.5,AVE,Preferente,128.5,Flexible,,{},2019-04-11 21:54:49
1575,renfe,MADRID,SEVILLA,2019-05-01 17:00:00,2019-05-01 19:38:00,2.63,AVE,Turista,76.3,Flexible,,{},2019-04-11 21:54:49
1576,renfe,MADRID,SEVILLA,2019-05-01 18:00:00,2019-05-01 20:32:00,2.53,AVE,Turista,76.3,Flexible,,{},2019-04-11 21:54:49
1577,renfe,MADRID,SEVILLA,2019-05-01 19:00:00,2019-05-01 21:38:00,2.63,AVE,Turista,76.3,Flexible,,{},2019-04-11 21:54:49
1578,renfe,MADRID,SEVILLA,2019-05-01 20:35:00,2019-05-01 23:15:00,2.67,AVE,Turista,76.3,Flexible,,{},2019-04-11 21:54:49
1579,renfe,MADRID,SEVILLA,2019-05-01 21:25:00,2019-05-02 00:10:00,2.75,AV City,Turista,49.15,Promo,,{},2019-04-11 21:54:49
1580,renfe,MADRID,SEVILLA,2019-05-01 21:25:00,2019-05-02 00:10:00,2.75,AV City,Turista,49.15,Promo,,{},2019-04-11 21:54:49
1581,renfe,MADRID,SEVILLA,2019-04-29 08:00:00,2019-04-29 10:32:00,2.53,AVE,Turista,76.3,Flexible,,{},2019-04-11 21:54:49
1582,renfe,MADRID,SEVILLA,2019-04-29 18:00:00,2019-04-29 20:32:00,2.53,AVE,Turista,53.4,Promo,,{},2019-04-11 21:54:49
1583,renfe,MADRID,SEVILLA,2019-04-29 11:05:00,2019-04-29 13:41:00,2.6,ALVIA,Turista,,Promo,,{},2019-04-11 21:54:49
1584,renfe,MADRID,SEVILLA,2019-05-01 11:05:00,2019-05-01 13:41:00,2.6,ALVIA,Turista,,Flexible,,{},2019-04-11 21:54:49
1585,renfe,MADRID,SEVILLA,2019-05-01 13:10:00,2019-05-01 20:51:00,7.68,MD-LD,Turista con enlace,45.8,Flexible,,{},2019-04-11 21:54:49
1586,renfe,MADRID,SEVILLA,2019-04-29 09:00:00,2019-04-29 11:38:00,2.63,AVE,Turista,76.3,Flexible,,{},2019-04-11 21:54:49
1587,renfe,MADRID,SEVILLA,2019-04-29 19:00:00,2019-04-29 21:38:00,2.63,AVE,Preferente,69.4,Promo,,{},2019-04-11 21:54:49
1588,renfe,MADRID,SEVILLA,2019-04-29 15:00:00,2019-04-29 17:21:00,2.35,AVE,Turista,47.3,Promo,,{},2019-04-11 21:54:49
1589,renfe,MADRID,SEVILLA,2019-04-29 16:30:00,2019-04-29 18:51:00,2.35,AVE,Turista,47.3,Promo,,{},2019-04-11 21:54:49
1590,renfe,MADRID,SEVILLA,2019-05-01 07:00:00,2019-05-01 09:55:00,2.92,AV City,Turista,,Flexible,,{},2019-04-11 21:54:49
1591,renfe,MADRID,SEVILLA,2019-05-01 17:00:00,2019-05-01 19:38:00,2.63,AVE,Turista,76.3,Flexible,,{},2019-04-11 21:54:49
1592,renfe,MADRID,SEVILLA,2019-04-29 10:00:00,2019-04-29 12:32:00,2.53,AVE,Turista,76.3,Flexible,,{},2019-04-11 21:54:49
1593,renfe,MADRID,BARCELONA,2019-05-17 19:00:00,2019-05-17 21:30:00,2.5,AVE,Turista,88.95,Promo,,{},2019-04-11 21:55:05
1594,renfe,MADRID,SEVILLA,2019-05-12 07:00:00,2019-05-12 09:55:00,2.92,AV City,Turista,43.55,Promo,,{},2019-04-11 21:55:05
1595,renfe,MADRID,BARCELONA,2019-05-17 17:00:00,2019-05-17 19:30:00,2.5,AVE,Turista,127.1,Flexible,,{},2019-04-11 21:55:05
1596,renfe,MADRID,SEVILLA,2019-05-12 08:30:00,2019-05-12 11:14:00,2.73,ALVIA,Turista,,Promo,,{},2019-04-11 21:55:05
1597,renfe,MADRID,BARCELONA,2019-05-17 10:30:00,2019-05-17 13:15:00,2.75,AVE,Turista,75.4,Promo,,{},2019-04-11 21:55:05
1598,renfe,MADRID,SEVILLA,2019-05-12 09:00:00,2019-05-12 11:38:00,2.63,AVE,Turista,60.3,Promo,,{},2019-04-11 21:55:05
1599,renfe,MADRID,BARCELONA,2019-05-17 20:30:00,2019-05-17 23:40:00,3.17,AVE,Turista,66.75,Promo,,{},2019-04-11 21:55:05
1600,renfe,MADRID,SEVILLA,2019-05-12 11:00:00,2019-05-12 13:32:00,2.53,AVE,Turista,76.3,Flexible,,{},2019-04-11 21:55:05
1601,renfe,MADRID,BARCELONA,2019-05-17 06:30:00,2019-05-17 09:20:00,2.83,AVE,Turista,40.95,Promo,,{},2019-04-11 21:55:05
1602,renfe,MADRID,SEVILLA,2019-05-12 11:05:00,2019-05-12 13:41:00,2.6,ALVIA,Turista,,Promo,,{},2019-04-11 21:55:05
1603,renfe,MADRID,BARCELONA,2019-05-17 18:00:00,2019-05-17 20:30:00,2.5,AVE,Turista,78.8,Promo,,{},2019-04-11 21:55:05
1604,renfe,MADRID,SEVILLA,2019-05-12 12:00:00,2019-05-12 14:32:00,2.53,AVE,Turista,60.3,Promo,,{},2019-04-11 21:55:05
1605,renfe,MADRID,BARCELONA,2019-05-17 13:25:00,2019-05-17 16:24:00,2.98,AVE-TGV,Turista,85.1,Promo,,{},2019-04-11 21:55:05
1606,renfe,MADRID,SEVILLA,2019-05-12 13:00:00,2019-05-12 15:40:00,2.67,AVE,Turista,60.3,Promo,,{},2019-04-11 21:55:05
1607,renfe,MADRID,BARCELONA,2019-05-17 16:00:00,2019-05-17 18:30:00,2.5,AVE,Turista Plus,82.35,Promo,,{},2019-04-11 21:55:05
1608,renfe,MADRID,SEVILLA,2019-05-12 13:10:00,2019-05-12 20:51:00,7.68,MD-LD,Turista,,Promo,,{},2019-04-11 21:55:05
1609,renfe,MADRID,SEVILLA,2019-05-12 11:00:00,2019-05-12 13:32:00,2.53,AVE,Turista,76.3,Flexible,,{},2019-04-11 21:55:05
1610,renfe,MADRID,SEVILLA,2019-05-12 13:30:00,2019-05-12 16:05:00,2.58,ALVIA,Turista,,Promo,,{},2019-04-11 21:55:05
1611,renfe,MADRID,BARCELONA,2019-05-17 08:00:00,2019-05-17 10:30:00,2.5,AVE,Turista,78.8,Promo,,{},2019-04-11 21:55:05
1612,renfe,MADRID,SEVILLA,2019-05-12 14:00:00,2019-05-12 16:32:00,2.53,AVE,Turista,60.3,Promo,,{},2019-04-11 21:55:05
1613,renfe,MADRID,SEVILLA,2019-05-12 17:00:00,2019-05-12 19:38:00,2.63,AVE,Preferente,69.4,Promo,,{},2019-04-11 21:55:05
1614,renfe,MADRID,SEVILLA,2019-05-12 15:00:00,2019-05-12 17:21:00,2.35,AVE,Turista,76.3,Flexible,,{},2019-04-11 21:55:05
1615,renfe,MADRID,SEVILLA,2019-05-12 19:00:00,2019-05-12 21:38:00,2.63,AVE,Turista,76.3,Flexible,,{},2019-04-11 21:55:05
1616,renfe,MADRID,SEVILLA,2019-05-12 16:00:00,2019-05-12 18:30:00,2.5,AVE,Turista,76.3,Flexible,,{},2019-04-11 21:55:05
1617,renfe,MADRID,BARCELONA,2019-05-17 08:30:00,2019-05-17 11:15:00,2.75,AVE,Turista,85.1,Promo,,{},2019-04-11 21:55:05
1618,renfe,MADRID,SEVILLA,2019-05-12 16:30:00,2019-05-12 18:51:00,2.35,AVE,Turista,76.3,Flexible,,{},2019-04-11 21:55:05
1619,renfe,MADRID,BARCELONA,2019-05-17 07:15:00,2019-05-17 16:37:00,9.37,R. EXPRES,Turista,43.25,Adulto ida,,{},2019-04-11 21:55:05
1620,renfe,MADRID,SEVILLA,2019-05-12 17:00:00,2019-05-12 19:38:00,2.63,AVE,Preferente,69.4,Promo,,{},2019-04-11 21:55:05
1621,renfe,MADRID,SEVILLA,2019-05-12 19:30:00,2019-05-12 22:05:00,2.58,AVE,Turista,76.3,Flexible,,{},2019-04-11 21:55:05
1622,renfe,MADRID,SEVILLA,2019-05-12 18:00:00,2019-05-12 20:32:00,2.53,AVE,Turista,76.3,Flexible,,{},2019-04-11 21:55:05
1623,renfe,MADRID,SEVILLA,2019-05-12 21:25:00,2019-05-13 00:10:00,2.75,AV City,Turista,49.15,Promo,,{},2019-04-11 21:55:05
1624,renfe,MADRID,SEVILLA,2019-05-12 18:35:00,2019-05-12 21:08:00,2.55,ALVIA,Turista,,Flexible,,{},2019-04-11 21:55:05
1625,renfe,MADRID,SEVILLA,2019-05-12 18:35:00,2019-05-12 21:08:00,2.55,ALVIA,Turista,,Flexible,,{},2019-04-11 21:55:05
1626,renfe,MADRID,SEVILLA,2019-05-12 19:00:00,2019-05-12 21:38:00,2.63,AVE,Turista,76.3,Flexible,,{},2019-04-11 21:55:05
1627,renfe,MADRID,SEVILLA,2019-05-12 20:35:00,2019-05-12 23:15:00,2.67,AVE,Turista,76.3,Flexible,,{},2019-04-11 21:55:05
1628,renfe,MADRID,SEVILLA,2019-05-12 19:30:00,2019-05-12 22:05:00,2.58,AVE,Turista,76.3,Flexible,,{},2019-04-11 21:55:05
1629,renfe,MADRID,BARCELONA,2019-05-17 05:50:00,2019-05-17 08:55:00,3.08,AVE,Turista,49.55,Promo,,{},2019-04-11 21:55:05
1630,renfe,MADRID,SEVILLA,2019-05-12 20:00:00,2019-05-12 22:21:00,2.35,AVE,Turista,76.3,Flexible,,{},2019-04-11 21:55:05
1631,renfe,MADRID,SEVILLA,2019-05-12 08:30:00,2019-05-12 11:14:00,2.73,ALVIA,Turista,,Promo,,{},2019-04-11 21:55:05
1632,renfe,MADRID,SEVILLA,2019-05-12 20:35:00,2019-05-12 23:15:00,2.67,AVE,Turista,76.3,Flexible,,{},2019-04-11 21:55:05
1633,renfe,MADRID,BARCELONA,2019-05-17 12:30:00,2019-05-17 15:30:00,3.0,AVE,Turista,85.1,Promo,,{},2019-04-11 21:55:05
1634,renfe,MADRID,SEVILLA,2019-05-12 21:25:00,2019-05-13 00:10:00,2.75,AV City,Turista,49.15,Promo,,{},2019-04-11 21:55:05
1635,renfe,MADRID,SEVILLA,2019-05-12 16:30:00,2019-05-12 18:51:00,2.35,AVE,Turista,76.3,Flexible,,{},2019-04-11 21:55:05
1636,renfe,MADRID,BARCELONA,2019-05-17 05:50:00,2019-05-17 08:55:00,3.08,AVE,Turista,49.55,Promo,,{},2019-04-11 21:55:05
1637,renfe,MADRID,BARCELONA,2019-05-17 16:30:00,2019-05-17 19:15:00,2.75,AVE,Turista,107.7,Flexible,,{},2019-04-11 21:55:05
1638,renfe,MADRID,BARCELONA,2019-05-17 06:30:00,2019-05-17 09:20:00,2.83,AVE,Turista,40.95,Promo,,{},2019-04-11 21:55:05
1639,renfe,MADRID,SEVILLA,2019-05-12 11:05:00,2019-05-12 13:41:00,2.6,ALVIA,Turista,,Promo,,{},2019-04-11 21:55:05
1640,renfe,MADRID,BARCELONA,2019-05-17 07:00:00,2019-05-17 09:30:00,2.5,AVE,Turista,78.8,Promo,,{},2019-04-11 21:55:05
1641,renfe,MADRID,SEVILLA,2019-05-12 15:00:00,2019-05-12 17:21:00,2.35,AVE,Turista,76.3,Flexible,,{},2019-04-11 21:55:05
1642,renfe,MADRID,BARCELONA,2019-05-17 07:15:00,2019-05-17 16:37:00,9.37,R. EXPRES,Turista,43.25,Adulto ida,,{},2019-04-11 21:55:05
1643,renfe,MADRID,BARCELONA,2019-05-17 17:30:00,2019-05-17 20:40:00,3.17,AVE,Preferente,,Promo,,{},2019-04-11 21:55:05
1644,renfe,MADRID,BARCELONA,2019-05-17 07:30:00,2019-05-17 10:40:00,3.17,AVE,Turista,75.4,Promo,,{},2019-04-11 21:55:05
1645,renfe,MADRID,BARCELONA,2019-05-17 09:30:00,2019-05-17 12:34:00,3.07,AVE,Turista Plus,80.15,Promo,,{},2019-04-11 21:55:05
1646,renfe,MADRID,BARCELONA,2019-05-17 08:00:00,2019-05-17 10:30:00,2.5,AVE,Turista,78.8,Promo,,{},2019-04-11 21:55:05
1647,renfe,MADRID,SEVILLA,2019-05-12 13:30:00,2019-05-12 16:05:00,2.58,ALVIA,Turista,,Promo,,{},2019-04-11 21:55:05
1648,renfe,MADRID,BARCELONA,2019-05-17 08:30:00,2019-05-17 11:15:00,2.75,AVE,Turista,85.1,Promo,,{},2019-04-11 21:55:05
1649,renfe,MADRID,BARCELONA,2019-05-17 15:00:00,2019-05-17 17:30:00,2.5,AVE,Turista,100.4,Promo,,{},2019-04-11 21:55:05
1650,renfe,MADRID,BARCELONA,2019-05-17 09:30:00,2019-05-17 12:34:00,3.07,AVE,Turista Plus,80.15,Promo,,{},2019-04-11 21:55:05
1651,renfe,MADRID,SEVILLA,2019-05-12 13:00:00,2019-05-12 15:40:00,2.67,AVE,Turista,60.3,Promo,,{},2019-04-11 21:55:05
1652,renfe,MADRID,BARCELONA,2019-05-17 10:30:00,2019-05-17 13:15:00,2.75,AVE,Turista,75.4,Promo,,{},2019-04-11 21:55:05
1653,renfe,MADRID,BARCELONA,2019-05-17 07:00:00,2019-05-17 09:30:00,2.5,AVE,Turista,78.8,Promo,,{},2019-04-11 21:55:05
1654,renfe,MADRID,BARCELONA,2019-05-17 11:30:00,2019-05-17 14:40:00,3.17,AVE,Turista,85.1,Promo,,{},2019-04-11 21:55:05
1655,renfe,MADRID,SEVILLA,2019-05-12 20:00:00,2019-05-12 22:21:00,2.35,AVE,Turista,76.3,Flexible,,{},2019-04-11 21:55:05
1656,renfe,MADRID,BARCELONA,2019-05-17 12:30:00,2019-05-17 15:30:00,3.0,AVE,Turista,85.1,Promo,,{},2019-04-11 21:55:05
1657,renfe,MADRID,SEVILLA,2019-05-12 12:00:00,2019-05-12 14:32:00,2.53,AVE,Turista,60.3,Promo,,{},2019-04-11 21:55:05
1658,renfe,MADRID,BARCELONA,2019-05-17 13:25:00,2019-05-17 16:24:00,2.98,AVE-TGV,Turista,85.1,Promo,,{},2019-04-11 21:55:05
1659,renfe,MADRID,BARCELONA,2019-05-17 19:30:00,2019-05-17 22:40:00,3.17,AVE,Turista,75.4,Promo,,{},2019-04-11 21:55:05
1660,renfe,MADRID,BARCELONA,2019-05-17 14:00:00,2019-05-17 16:30:00,2.5,AVE,Turista,68.65,Promo,,{},2019-04-11 21:55:05
1661,renfe,MADRID,BARCELONA,2019-05-17 14:30:00,2019-05-17 17:21:00,2.85,AVE,Turista,85.1,Promo,,{},2019-04-11 21:55:05
1662,renfe,MADRID,BARCELONA,2019-05-17 15:00:00,2019-05-17 17:30:00,2.5,AVE,Turista,100.4,Promo,,{},2019-04-11 21:55:05
1663,renfe,MADRID,BARCELONA,2019-05-17 15:30:00,2019-05-17 18:40:00,3.17,AVE,Turista,107.7,Flexible,,{},2019-04-11 21:55:05
1664,renfe,MADRID,BARCELONA,2019-05-17 16:00:00,2019-05-17 18:30:00,2.5,AVE,Turista Plus,82.35,Promo,,{},2019-04-11 21:55:05
1665,renfe,MADRID,BARCELONA,2019-05-17 16:30:00,2019-05-17 19:15:00,2.75,AVE,Turista,107.7,Flexible,,{},2019-04-11 21:55:05
1666,renfe,MADRID,BARCELONA,2019-05-17 17:00:00,2019-05-17 19:30:00,2.5,AVE,Turista,127.1,Flexible,,{},2019-04-11 21:55:05
1667,renfe,MADRID,BARCELONA,2019-05-17 17:30:00,2019-05-17 20:40:00,3.17,AVE,Preferente,,Promo,,{},2019-04-11 21:55:05
1668,renfe,MADRID,BARCELONA,2019-05-17 18:00:00,2019-05-17 20:30:00,2.5,AVE,Turista,78.8,Promo,,{},2019-04-11 21:55:05
1669,renfe,MADRID,BARCELONA,2019-05-17 18:30:00,2019-05-17 21:20:00,2.83,AVE,Preferente,,Promo,,{},2019-04-11 21:55:05
1670,renfe,MADRID,BARCELONA,2019-05-17 19:00:00,2019-05-17 21:30:00,2.5,AVE,Turista,88.95,Promo,,{},2019-04-11 21:55:05
1671,renfe,MADRID,BARCELONA,2019-05-17 19:30:00,2019-05-17 22:40:00,3.17,AVE,Turista,75.4,Promo,,{},2019-04-11 21:55:05
1672,renfe,MADRID,BARCELONA,2019-05-17 20:00:00,2019-05-17 22:30:00,2.5,AVE,Turista,78.8,Promo,,{},2019-04-11 21:55:05
1673,renfe,MADRID,BARCELONA,2019-05-17 20:30:00,2019-05-17 23:40:00,3.17,AVE,Turista,66.75,Promo,,{},2019-04-11 21:55:05
1674,renfe,MADRID,BARCELONA,2019-05-17 21:25:00,2019-05-17 23:55:00,2.5,AVE,Turista,75.4,Promo,,{},2019-04-11 21:55:05
1675,renfe,MADRID,BARCELONA,2019-05-17 15:30:00,2019-05-17 18:40:00,3.17,AVE,Turista,107.7,Flexible,,{},2019-04-11 21:55:05
1676,renfe,MADRID,SEVILLA,2019-05-12 16:00:00,2019-05-12 18:30:00,2.5,AVE,Turista,76.3,Flexible,,{},2019-04-11 21:55:05
1677,renfe,MADRID,SEVILLA,2019-05-12 09:00:00,2019-05-12 11:38:00,2.63,AVE,Turista,60.3,Promo,,{},2019-04-11 21:55:05
1678,renfe,MADRID,SEVILLA,2019-05-12 13:10:00,2019-05-12 20:51:00,7.68,MD-LD,Turista,,Promo,,{},2019-04-11 21:55:05
1679,renfe,MADRID,BARCELONA,2019-05-17 14:00:00,2019-05-17 16:30:00,2.5,AVE,Turista,68.65,Promo,,{},2019-04-11 21:55:05
1680,renfe,MADRID,BARCELONA,2019-05-17 20:00:00,2019-05-17 22:30:00,2.5,AVE,Turista,78.8,Promo,,{},2019-04-11 21:55:05
1681,renfe,MADRID,BARCELONA,2019-05-17 14:30:00,2019-05-17 17:21:00,2.85,AVE,Turista,85.1,Promo,,{},2019-04-11 21:55:05
1682,renfe,MADRID,SEVILLA,2019-05-12 18:00:00,2019-05-12 20:32:00,2.53,AVE,Turista,76.3,Flexible,,{},2019-04-11 21:55:05
1683,renfe,MADRID,BARCELONA,2019-05-17 21:25:00,2019-05-17 23:55:00,2.5,AVE,Turista,75.4,Promo,,{},2019-04-11 21:55:05
1684,renfe,MADRID,SEVILLA,2019-05-12 14:00:00,2019-05-12 16:32:00,2.53,AVE,Turista,60.3,Promo,,{},2019-04-11 21:55:05
1685,renfe,MADRID,BARCELONA,2019-05-17 07:30:00,2019-05-17 10:40:00,3.17,AVE,Turista,75.4,Promo,,{},2019-04-11 21:55:05
1686,renfe,MADRID,BARCELONA,2019-05-17 11:30:00,2019-05-17 14:40:00,3.17,AVE,Turista,85.1,Promo,,{},2019-04-11 21:55:05
1687,renfe,MADRID,SEVILLA,2019-05-12 07:00:00,2019-05-12 09:55:00,2.92,AV City,Turista,43.55,Promo,,{},2019-04-11 21:55:05
1688,renfe,MADRID,BARCELONA,2019-05-17 18:30:00,2019-05-17 21:20:00,2.83,AVE,Preferente,,Promo,,{},2019-04-11 21:55:05
1689,renfe,MADRID,BARCELONA,2019-05-01 17:30:00,2019-05-01 20:40:00,3.17,AVE,Turista Plus,90.5,Promo,,{},2019-04-11 21:55:21
1690,renfe,MADRID,BARCELONA,2019-05-01 06:30:00,2019-05-01 09:20:00,2.83,AVE,Preferente,,Promo,,{},2019-04-11 21:55:21
1691,renfe,MADRID,BARCELONA,2019-05-01 20:30:00,2019-05-01 23:40:00,3.17,AVE,Turista Plus,69.8,Promo,,{},2019-04-11 21:55:21
1692,renfe,MADRID,BARCELONA,2019-05-01 07:00:00,2019-05-01 09:30:00,2.5,AVE,Turista,127.1,Flexible,,{},2019-04-11 21:55:21
1693,renfe,MADRID,VALENCIA,2019-05-29 10:40:00,2019-05-29 12:20:00,1.67,AVE,Turista,27.8,Promo,,{},2019-04-11 21:55:21
1694,renfe,MADRID,BARCELONA,2019-05-01 07:30:00,2019-05-01 10:40:00,3.17,AVE,Turista Plus,102.15,Promo,,{},2019-04-11 21:55:21
1695,renfe,MADRID,VALENCIA,2019-05-29 20:40:00,2019-05-29 22:24:00,1.73,AVE,Turista,33.65,Promo,,{},2019-04-11 21:55:21
1696,renfe,MADRID,BARCELONA,2019-05-01 08:30:00,2019-05-01 11:15:00,2.75,AVE,Turista,107.7,Flexible,,{},2019-04-11 21:55:21
1697,renfe,MADRID,VALENCIA,2019-05-29 11:10:00,2019-05-29 13:25:00,2.25,INTERCITY,Turista,29.9,Promo,,{},2019-04-11 21:55:21
1698,renfe,MADRID,BARCELONA,2019-05-01 09:30:00,2019-05-01 12:34:00,3.07,AVE,Turista,107.7,Flexible,,{},2019-04-11 21:55:21
1699,renfe,MADRID,BARCELONA,2019-05-01 20:00:00,2019-05-01 22:30:00,2.5,AVE,Turista,78.8,Promo,,{},2019-04-11 21:55:21
1700,renfe,MADRID,BARCELONA,2019-05-01 10:30:00,2019-05-01 13:15:00,2.75,AVE,Turista Plus,90.5,Promo,,{},2019-04-11 21:55:21
1701,renfe,MADRID,BARCELONA,2019-05-01 11:30:00,2019-05-01 14:40:00,3.17,AVE,Turista,107.7,Flexible,,{},2019-04-11 21:55:21
1702,renfe,MADRID,BARCELONA,2019-05-01 11:30:00,2019-05-01 14:40:00,3.17,AVE,Turista,107.7,Flexible,,{},2019-04-11 21:55:21
1703,renfe,MADRID,VALENCIA,2019-05-29 15:10:00,2019-05-29 16:52:00,1.7,AVE,Turista,21.95,Promo,,{},2019-04-11 21:55:21
1704,renfe,MADRID,BARCELONA,2019-05-01 12:30:00,2019-05-01 15:30:00,3.0,AVE,Turista Plus,90.5,Promo,,{},2019-04-11 21:55:21
1705,renfe,MADRID,VALENCIA,2019-05-29 06:45:00,2019-05-29 08:38:00,1.88,AVE,Turista,33.65,Promo,,{},2019-04-11 21:55:21
1706,renfe,MADRID,BARCELONA,2019-05-01 13:25:00,2019-05-01 16:24:00,2.98,AVE-TGV,Turista Plus,129.3,Flexible,,{},2019-04-11 21:55:21
1707,renfe,MADRID,BARCELONA,2019-05-01 07:00:00,2019-05-01 09:30:00,2.5,AVE,Turista,127.1,Flexible,,{},2019-04-11 21:55:21
1708,renfe,MADRID,BARCELONA,2019-05-01 14:30:00,2019-05-01 17:21:00,2.85,AVE,Turista,107.7,Flexible,,{},2019-04-11 21:55:21
1709,renfe,MADRID,VALENCIA,2019-05-29 09:40:00,2019-05-29 11:24:00,1.73,AVE,Turista,39.45,Promo,,{},2019-04-11 21:55:21
1710,renfe,MADRID,BARCELONA,2019-05-01 15:30:00,2019-05-01 18:40:00,3.17,AVE,Preferente,,Promo,,{},2019-04-11 21:55:21
1711,renfe,MADRID,VALENCIA,2019-05-29 18:40:00,2019-05-29 20:20:00,1.67,AVE,Turista,45.3,Promo,,{},2019-04-11 21:55:21
1712,renfe,MADRID,BARCELONA,2019-05-01 16:00:00,2019-05-01 18:30:00,2.5,AVE,Turista,88.95,Promo,,{},2019-04-11 21:55:21
1713,renfe,MADRID,BARCELONA,2019-05-01 06:30:00,2019-05-01 09:20:00,2.83,AVE,Preferente,,Promo,,{},2019-04-11 21:55:21
1714,renfe,MADRID,BARCELONA,2019-05-01 16:30:00,2019-05-01 19:15:00,2.75,AVE,Preferente,83.5,Promo,,{},2019-04-11 21:55:21
1715,renfe,MADRID,BARCELONA,2019-05-01 09:30:00,2019-05-01 12:34:00,3.07,AVE,Turista,107.7,Flexible,,{},2019-04-11 21:55:21
1716,renfe,MADRID,BARCELONA,2019-05-01 17:00:00,2019-05-01 19:30:00,2.5,AVE,Turista,78.8,Promo,,{},2019-04-11 21:55:21
1717,renfe,MADRID,BARCELONA,2019-05-01 14:30:00,2019-05-01 17:21:00,2.85,AVE,Turista,107.7,Flexible,,{},2019-04-11 21:55:21
1718,renfe,MADRID,BARCELONA,2019-05-01 17:30:00,2019-05-01 20:40:00,3.17,AVE,Turista Plus,90.5,Promo,,{},2019-04-11 21:55:21
1719,renfe,MADRID,BARCELONA,2019-05-01 19:00:00,2019-05-01 21:30:00,2.5,AVE,Turista,78.8,Promo,,{},2019-04-11 21:55:21
1720,renfe,MADRID,BARCELONA,2019-05-01 18:00:00,2019-05-01 20:30:00,2.5,AVE,Turista,78.8,Promo,,{},2019-04-11 21:55:21
1721,renfe,MADRID,BARCELONA,2019-05-01 10:30:00,2019-05-01 13:15:00,2.75,AVE,Turista Plus,90.5,Promo,,{},2019-04-11 21:55:21
1722,renfe,MADRID,BARCELONA,2019-05-01 18:30:00,2019-05-01 21:20:00,2.83,AVE,Turista Plus,90.5,Promo,,{},2019-04-11 21:55:21
1723,renfe,MADRID,VALENCIA,2019-05-29 15:40:00,2019-05-29 17:22:00,1.7,AVE,Turista,45.3,Promo,,{},2019-04-11 21:55:21
1724,renfe,MADRID,BARCELONA,2019-05-01 19:00:00,2019-05-01 21:30:00,2.5,AVE,Turista,78.8,Promo,,{},2019-04-11 21:55:21
1725,renfe,MADRID,VALENCIA,2019-05-29 09:10:00,2019-05-29 10:58:00,1.8,AVE,Turista,51.15,Promo,,{},2019-04-11 21:55:21
1726,renfe,MADRID,BARCELONA,2019-05-01 19:30:00,2019-05-01 22:40:00,3.17,AVE,Turista Plus,90.5,Promo,,{},2019-04-11 21:55:21
1727,renfe,MADRID,VALENCIA,2019-05-29 17:40:00,2019-05-29 19:20:00,1.67,AVE,Turista,45.3,Promo,,{},2019-04-11 21:55:21
1728,renfe,MADRID,BARCELONA,2019-05-01 20:00:00,2019-05-01 22:30:00,2.5,AVE,Turista,78.8,Promo,,{},2019-04-11 21:55:21
1729,renfe,MADRID,VALENCIA,2019-05-29 14:10:00,2019-05-29 16:03:00,1.88,AVE,Turista,21.95,Promo,,{},2019-04-11 21:55:21
1730,renfe,MADRID,BARCELONA,2019-05-01 20:30:00,2019-05-01 23:40:00,3.17,AVE,Turista Plus,69.8,Promo,,{},2019-04-11 21:55:21
1731,renfe,MADRID,BARCELONA,2019-05-01 16:00:00,2019-05-01 18:30:00,2.5,AVE,Turista,88.95,Promo,,{},2019-04-11 21:55:21
1732,renfe,MADRID,BARCELONA,2019-05-01 21:25:00,2019-05-01 23:55:00,2.5,AVE,Turista,58.15,Promo,,{},2019-04-11 21:55:21
1733,renfe,MADRID,VALENCIA,2019-05-29 07:40:00,2019-05-29 09:20:00,1.67,AVE,Turista,57.75,Promo,,{},2019-04-11 21:55:21
1734,renfe,MADRID,VALENCIA,2019-05-29 06:08:00,2019-05-29 12:55:00,6.78,REGIONAL,Turista,28.35,Adulto ida,,{},2019-04-11 21:55:21
1735,renfe,MADRID,VALENCIA,2019-05-29 17:48:00,2019-05-29 21:58:00,4.17,INTERCITY,Turista,17.15,Promo,,{},2019-04-11 21:55:21
1736,renfe,MADRID,VALENCIA,2019-05-29 06:45:00,2019-05-29 08:38:00,1.88,AVE,Turista,33.65,Promo,,{},2019-04-11 21:55:21
1737,renfe,MADRID,BARCELONA,2019-05-01 08:30:00,2019-05-01 11:15:00,2.75,AVE,Turista,107.7,Flexible,,{},2019-04-11 21:55:21
1738,renfe,MADRID,VALENCIA,2019-05-29 07:40:00,2019-05-29 09:20:00,1.67,AVE,Turista,57.75,Promo,,{},2019-04-11 21:55:21
1739,renfe,MADRID,VALENCIA,2019-05-29 21:10:00,2019-05-29 23:03:00,1.88,AVE,Turista,27.8,Promo,,{},2019-04-11 21:55:21
1740,renfe,MADRID,VALENCIA,2019-05-29 09:10:00,2019-05-29 10:58:00,1.8,AVE,Turista,51.15,Promo,,{},2019-04-11 21:55:21
1741,renfe,MADRID,BARCELONA,2019-05-01 21:25:00,2019-05-01 23:55:00,2.5,AVE,Turista,58.15,Promo,,{},2019-04-11 21:55:21
1742,renfe,MADRID,VALENCIA,2019-05-29 09:40:00,2019-05-29 11:24:00,1.73,AVE,Turista,39.45,Promo,,{},2019-04-11 21:55:21
1743,renfe,MADRID,BARCELONA,2019-05-01 19:30:00,2019-05-01 22:40:00,3.17,AVE,Turista Plus,90.5,Promo,,{},2019-04-11 21:55:21
1744,renfe,MADRID,VALENCIA,2019-05-29 10:40:00,2019-05-29 12:20:00,1.67,AVE,Turista,27.8,Promo,,{},2019-04-11 21:55:21
1745,renfe,MADRID,VALENCIA,2019-05-29 11:10:00,2019-05-29 13:25:00,2.25,INTERCITY,Turista,29.9,Promo,,{},2019-04-11 21:55:21
1746,renfe,MADRID,VALENCIA,2019-05-29 11:55:00,2019-05-29 13:35:00,1.67,AVE,Turista,21.95,Promo,,{},2019-04-11 21:55:21
1747,renfe,MADRID,VALENCIA,2019-05-29 12:21:00,2019-05-29 19:04:00,6.72,REGIONAL,Turista,28.35,Adulto ida,,{},2019-04-11 21:55:21
1748,renfe,MADRID,VALENCIA,2019-05-29 12:40:00,2019-05-29 14:20:00,1.67,AVE,Turista,27.8,Promo,,{},2019-04-11 21:55:21
1749,renfe,MADRID,VALENCIA,2019-05-29 14:10:00,2019-05-29 16:03:00,1.88,AVE,Turista,21.95,Promo,,{},2019-04-11 21:55:21
1750,renfe,MADRID,VALENCIA,2019-05-29 15:10:00,2019-05-29 16:52:00,1.7,AVE,Turista,21.95,Promo,,{},2019-04-11 21:55:21
1751,renfe,MADRID,VALENCIA,2019-05-29 15:30:00,2019-05-29 22:31:00,7.02,AVE-MD,Turista,,Promo,,{},2019-04-11 21:55:21
1752,renfe,MADRID,VALENCIA,2019-05-29 15:40:00,2019-05-29 17:22:00,1.7,AVE,Turista,45.3,Promo,,{},2019-04-11 21:55:21
1753,renfe,MADRID,VALENCIA,2019-05-29 16:05:00,2019-05-29 22:47:00,6.7,REGIONAL,Turista,28.35,Adulto ida,,{},2019-04-11 21:55:21
1754,renfe,MADRID,VALENCIA,2019-05-29 16:45:00,2019-05-29 18:50:00,2.08,ALVIA,Preferente,46.15,Promo,,{},2019-04-11 21:55:21
1755,renfe,MADRID,VALENCIA,2019-05-29 16:55:00,2019-05-29 21:58:00,5.05,AVE-LD,Turista con enlace,28.05,Promo,,{},2019-04-11 21:55:21
1756,renfe,MADRID,VALENCIA,2019-05-29 17:40:00,2019-05-29 19:20:00,1.67,AVE,Turista,45.3,Promo,,{},2019-04-11 21:55:21
1757,renfe,MADRID,VALENCIA,2019-05-29 17:48:00,2019-05-29 21:58:00,4.17,INTERCITY,Turista,17.15,Promo,,{},2019-04-11 21:55:21
1758,renfe,MADRID,VALENCIA,2019-05-29 18:40:00,2019-05-29 20:20:00,1.67,AVE,Turista,45.3,Promo,,{},2019-04-11 21:55:21
1759,renfe,MADRID,VALENCIA,2019-05-29 19:40:00,2019-05-29 21:29:00,1.82,AVE,Turista,39.45,Promo,,{},2019-04-11 21:55:21
1760,renfe,MADRID,VALENCIA,2019-05-29 20:40:00,2019-05-29 22:24:00,1.73,AVE,Turista,33.65,Promo,,{},2019-04-11 21:55:21
1761,renfe,MADRID,VALENCIA,2019-05-29 21:10:00,2019-05-29 23:03:00,1.88,AVE,Turista,27.8,Promo,,{},2019-04-11 21:55:21
1762,renfe,MADRID,BARCELONA,2019-05-01 17:00:00,2019-05-01 19:30:00,2.5,AVE,Turista,78.8,Promo,,{},2019-04-11 21:55:21
1763,renfe,MADRID,VALENCIA,2019-05-29 15:30:00,2019-05-29 22:31:00,7.02,AVE-MD,Turista,,Promo,,{},2019-04-11 21:55:21
1764,renfe,MADRID,VALENCIA,2019-05-29 16:55:00,2019-05-29 21:58:00,5.05,AVE-LD,Turista con enlace,28.05,Promo,,{},2019-04-11 21:55:21
1765,renfe,MADRID,BARCELONA,2019-05-01 13:25:00,2019-05-01 16:24:00,2.98,AVE-TGV,Turista Plus,129.3,Flexible,,{},2019-04-11 21:55:21
1766,renfe,MADRID,BARCELONA,2019-05-01 16:30:00,2019-05-01 19:15:00,2.75,AVE,Preferente,83.5,Promo,,{},2019-04-11 21:55:21
1767,renfe,MADRID,VALENCIA,2019-05-29 12:40:00,2019-05-29 14:20:00,1.67,AVE,Turista,27.8,Promo,,{},2019-04-11 21:55:21
1768,renfe,MADRID,BARCELONA,2019-05-01 07:30:00,2019-05-01 10:40:00,3.17,AVE,Turista Plus,102.15,Promo,,{},2019-04-11 21:55:21
1769,renfe,MADRID,VALENCIA,2019-05-29 11:55:00,2019-05-29 13:35:00,1.67,AVE,Turista,21.95,Promo,,{},2019-04-11 21:55:21
1770,renfe,MADRID,BARCELONA,2019-05-01 18:00:00,2019-05-01 20:30:00,2.5,AVE,Turista,78.8,Promo,,{},2019-04-11 21:55:21
1771,renfe,MADRID,VALENCIA,2019-05-29 12:21:00,2019-05-29 19:04:00,6.72,REGIONAL,Turista,28.35,Adulto ida,,{},2019-04-11 21:55:21
1772,renfe,MADRID,BARCELONA,2019-05-01 15:30:00,2019-05-01 18:40:00,3.17,AVE,Preferente,,Promo,,{},2019-04-11 21:55:21
1773,renfe,MADRID,BARCELONA,2019-05-01 18:30:00,2019-05-01 21:20:00,2.83,AVE,Turista Plus,90.5,Promo,,{},2019-04-11 21:55:21
1774,renfe,MADRID,VALENCIA,2019-05-29 16:45:00,2019-05-29 18:50:00,2.08,ALVIA,Preferente,46.15,Promo,,{},2019-04-11 21:55:21
1775,renfe,MADRID,BARCELONA,2019-05-01 12:30:00,2019-05-01 15:30:00,3.0,AVE,Turista Plus,90.5,Promo,,{},2019-04-11 21:55:21
1776,renfe,MADRID,VALENCIA,2019-05-29 19:40:00,2019-05-29 21:29:00,1.82,AVE,Turista,39.45,Promo,,{},2019-04-11 21:55:21
1777,renfe,MADRID,VALENCIA,2019-05-29 06:08:00,2019-05-29 12:55:00,6.78,REGIONAL,Turista,28.35,Adulto ida,,{},2019-04-11 21:55:21
1778,renfe,MADRID,VALENCIA,2019-05-29 16:05:00,2019-05-29 22:47:00,6.7,REGIONAL,Turista,28.35,Adulto ida,,{},2019-04-11 21:55:21
1779,renfe,MADRID,SEVILLA,2019-04-27 21:25:00,2019-04-28 00:10:00,2.75,AV City,Turista,43.55,Promo,,{},2019-04-11 21:55:37
1780,renfe,MADRID,VALENCIA,2019-06-01 08:00:00,2019-06-01 14:10:00,6.17,REGIONAL,Turista,28.35,Adulto ida,,{},2019-04-11 21:55:37
1781,renfe,MADRID,SEVILLA,2019-04-27 20:35:00,2019-04-27 23:15:00,2.67,AVE,Turista,47.3,Promo,,{},2019-04-11 21:55:37
1782,renfe,MADRID,VALENCIA,2019-06-01 08:40:00,2019-06-01 10:33:00,1.88,AVE,Turista,45.3,Promo,,{},2019-04-11 21:55:37
1783,renfe,MADRID,SEVILLA,2019-04-27 08:00:00,2019-04-27 10:32:00,2.53,AVE,Turista,60.3,Promo,,{},2019-04-11 21:55:37
1784,renfe,MADRID,VALENCIA,2019-06-01 09:40:00,2019-06-01 11:24:00,1.73,AVE,Preferente,36.15,Promo,,{},2019-04-11 21:55:37
1785,renfe,MADRID,SEVILLA,2019-04-27 07:00:00,2019-04-27 09:55:00,2.92,AV City,Turista,49.15,Promo,,{},2019-04-11 21:55:37
1786,renfe,MADRID,VALENCIA,2019-06-01 10:40:00,2019-06-01 12:20:00,1.67,AVE,Turista,33.65,Promo,,{},2019-04-11 21:55:37
1787,renfe,MADRID,VALENCIA,2019-06-01 08:40:00,2019-06-01 10:33:00,1.88,AVE,Turista,45.3,Promo,,{},2019-04-11 21:55:37
1788,renfe,MADRID,VALENCIA,2019-06-01 11:10:00,2019-06-01 13:25:00,2.25,INTERCITY,Turista,29.9,Promo,,{},2019-04-11 21:55:37
1789,renfe,MADRID,VALENCIA,2019-06-01 17:40:00,2019-06-01 19:20:00,1.67,AVE,Turista,33.65,Promo,,{},2019-04-11 21:55:37
1790,renfe,MADRID,VALENCIA,2019-06-01 11:55:00,2019-06-01 13:35:00,1.67,AVE,Turista,27.8,Promo,,{},2019-04-11 21:55:37
1791,renfe,MADRID,VALENCIA,2019-06-01 08:00:00,2019-06-01 14:10:00,6.17,REGIONAL,Turista,28.35,Adulto ida,,{},2019-04-11 21:55:37
1792,renfe,MADRID,VALENCIA,2019-06-01 14:10:00,2019-06-01 16:03:00,1.88,AVE,Turista,39.45,Promo,,{},2019-04-11 21:55:37
1793,renfe,MADRID,SEVILLA,2019-04-27 09:45:00,2019-04-27 12:27:00,2.7,INTERCITY,Turista,62.2,Flexible,,{},2019-04-11 21:55:37
1794,renfe,MADRID,VALENCIA,2019-06-01 15:30:00,2019-06-01 22:31:00,7.02,AVE-MD,Turista con enlace,,Flexible,,{},2019-04-11 21:55:37
1795,renfe,MADRID,VALENCIA,2019-06-01 11:55:00,2019-06-01 13:35:00,1.67,AVE,Turista,27.8,Promo,,{},2019-04-11 21:55:37
1796,renfe,MADRID,VALENCIA,2019-06-01 15:40:00,2019-06-01 17:22:00,1.7,AVE,Turista,33.65,Promo,,{},2019-04-11 21:55:37
1797,renfe,MADRID,VALENCIA,2019-06-01 10:40:00,2019-06-01 12:20:00,1.67,AVE,Turista,33.65,Promo,,{},2019-04-11 21:55:37
1798,renfe,MADRID,VALENCIA,2019-06-01 16:30:00,2019-06-01 22:47:00,6.28,REGIONAL,Turista,28.35,Adulto ida,,{},2019-04-11 21:55:37
1799,renfe,MADRID,SEVILLA,2019-04-27 12:00:00,2019-04-27 14:32:00,2.53,AVE,Turista,53.4,Promo,,{},2019-04-11 21:55:37
1800,renfe,MADRID,VALENCIA,2019-06-01 17:40:00,2019-06-01 19:20:00,1.67,AVE,Turista,33.65,Promo,,{},2019-04-11 21:55:37
1801,renfe,MADRID,VALENCIA,2019-06-01 16:30:00,2019-06-01 22:47:00,6.28,REGIONAL,Turista,28.35,Adulto ida,,{},2019-04-11 21:55:37
1802,renfe,MADRID,VALENCIA,2019-06-01 19:40:00,2019-06-01 21:29:00,1.82,AVE,Turista,45.3,Promo,,{},2019-04-11 21:55:37
1803,renfe,MADRID,SEVILLA,2019-04-27 13:30:00,2019-04-27 16:05:00,2.58,ALVIA,Turista,,Promo,,{},2019-04-11 21:55:37
1804,renfe,MADRID,VALENCIA,2019-06-01 21:10:00,2019-06-01 23:03:00,1.88,AVE,Turista,33.65,Promo,,{},2019-04-11 21:55:37
1805,renfe,MADRID,SEVILLA,2019-04-27 11:05:00,2019-04-27 13:41:00,2.6,ALVIA,Turista,,Promo,,{},2019-04-11 21:55:37
1806,renfe,MADRID,SEVILLA,2019-04-27 07:00:00,2019-04-27 09:55:00,2.92,AV City,Turista,49.15,Promo,,{},2019-04-11 21:55:37
1807,renfe,MADRID,VALENCIA,2019-06-01 21:10:00,2019-06-01 23:03:00,1.88,AVE,Turista,33.65,Promo,,{},2019-04-11 21:55:37
1808,renfe,MADRID,SEVILLA,2019-04-27 08:00:00,2019-04-27 10:32:00,2.53,AVE,Turista,60.3,Promo,,{},2019-04-11 21:55:37
1809,renfe,MADRID,SEVILLA,2019-04-27 11:00:00,2019-04-27 13:32:00,2.53,AVE,Turista,60.3,Promo,,{},2019-04-11 21:55:37
1810,renfe,MADRID,SEVILLA,2019-04-27 08:30:00,2019-04-27 11:14:00,2.73,ALVIA,Turista,,Flexible,,{},2019-04-11 21:55:37
1811,renfe,MADRID,VALENCIA,2019-06-01 09:40:00,2019-06-01 11:24:00,1.73,AVE,Preferente,36.15,Promo,,{},2019-04-11 21:55:37
1812,renfe,MADRID,SEVILLA,2019-04-27 09:00:00,2019-04-27 11:38:00,2.63,AVE,Turista,76.3,Flexible,,{},2019-04-11 21:55:37
1813,renfe,MADRID,SEVILLA,2019-04-27 08:30:00,2019-04-27 11:14:00,2.73,ALVIA,Turista,,Flexible,,{},2019-04-11 21:55:37
1814,renfe,MADRID,SEVILLA,2019-04-27 09:45:00,2019-04-27 12:27:00,2.7,INTERCITY,Turista,62.2,Flexible,,{},2019-04-11 21:55:37
1815,renfe,MADRID,VALENCIA,2019-06-01 19:40:00,2019-06-01 21:29:00,1.82,AVE,Turista,45.3,Promo,,{},2019-04-11 21:55:37
1816,renfe,MADRID,SEVILLA,2019-04-27 10:00:00,2019-04-27 12:32:00,2.53,AVE,Turista Plus,64.05,Promo,,{},2019-04-11 21:55:37
1817,renfe,MADRID,SEVILLA,2019-04-27 16:00:00,2019-04-27 18:30:00,2.5,AVE,Turista,53.4,Promo,,{},2019-04-11 21:55:37
1818,renfe,MADRID,SEVILLA,2019-04-27 11:00:00,2019-04-27 13:32:00,2.53,AVE,Turista,60.3,Promo,,{},2019-04-11 21:55:37
1819,renfe,MADRID,VALENCIA,2019-06-01 11:10:00,2019-06-01 13:25:00,2.25,INTERCITY,Turista,29.9,Promo,,{},2019-04-11 21:55:37
1820,renfe,MADRID,SEVILLA,2019-04-27 11:05:00,2019-04-27 13:41:00,2.6,ALVIA,Turista,,Promo,,{},2019-04-11 21:55:37
1821,renfe,MADRID,SEVILLA,2019-04-27 18:00:00,2019-04-27 20:32:00,2.53,AVE,Turista,53.4,Promo,,{},2019-04-11 21:55:37
1822,renfe,MADRID,SEVILLA,2019-04-27 12:00:00,2019-04-27 14:32:00,2.53,AVE,Turista,53.4,Promo,,{},2019-04-11 21:55:37
1823,renfe,MADRID,SEVILLA,2019-04-27 13:10:00,2019-04-27 20:51:00,7.68,MD-LD,Turista con enlace,27.5,Promo,,{},2019-04-11 21:55:37
1824,renfe,MADRID,SEVILLA,2019-04-27 13:30:00,2019-04-27 16:05:00,2.58,ALVIA,Turista,,Promo,,{},2019-04-11 21:55:37
1825,renfe,MADRID,SEVILLA,2019-04-27 14:00:00,2019-04-27 16:32:00,2.53,AVE,Turista,53.4,Promo,,{},2019-04-11 21:55:37
1826,renfe,MADRID,SEVILLA,2019-04-27 16:00:00,2019-04-27 18:30:00,2.5,AVE,Turista,53.4,Promo,,{},2019-04-11 21:55:37
1827,renfe,MADRID,SEVILLA,2019-04-27 17:00:00,2019-04-27 19:38:00,2.63,AVE,Turista,53.4,Promo,,{},2019-04-11 21:55:37
1828,renfe,MADRID,SEVILLA,2019-04-27 18:00:00,2019-04-27 20:32:00,2.53,AVE,Turista,53.4,Promo,,{},2019-04-11 21:55:37
1829,renfe,MADRID,SEVILLA,2019-04-27 19:00:00,2019-04-27 21:38:00,2.63,AVE,Turista,47.3,Promo,,{},2019-04-11 21:55:37
1830,renfe,MADRID,SEVILLA,2019-04-27 20:35:00,2019-04-27 23:15:00,2.67,AVE,Turista,47.3,Promo,,{},2019-04-11 21:55:37
1831,renfe,MADRID,SEVILLA,2019-04-27 21:25:00,2019-04-28 00:10:00,2.75,AV City,Turista,43.55,Promo,,{},2019-04-11 21:55:37
1832,renfe,MADRID,VALENCIA,2019-06-01 15:30:00,2019-06-01 22:31:00,7.02,AVE-MD,Turista con enlace,,Flexible,,{},2019-04-11 21:55:37
1833,renfe,MADRID,VALENCIA,2019-06-01 15:40:00,2019-06-01 17:22:00,1.7,AVE,Turista,33.65,Promo,,{},2019-04-11 21:55:37
1834,renfe,MADRID,SEVILLA,2019-04-27 19:00:00,2019-04-27 21:38:00,2.63,AVE,Turista,47.3,Promo,,{},2019-04-11 21:55:37
1835,renfe,MADRID,SEVILLA,2019-04-27 14:00:00,2019-04-27 16:32:00,2.53,AVE,Turista,53.4,Promo,,{},2019-04-11 21:55:37
1836,renfe,MADRID,SEVILLA,2019-04-27 10:00:00,2019-04-27 12:32:00,2.53,AVE,Turista Plus,64.05,Promo,,{},2019-04-11 21:55:37
1837,renfe,MADRID,SEVILLA,2019-04-27 17:00:00,2019-04-27 19:38:00,2.63,AVE,Turista,53.4,Promo,,{},2019-04-11 21:55:37
1838,renfe,MADRID,SEVILLA,2019-04-27 09:00:00,2019-04-27 11:38:00,2.63,AVE,Turista,76.3,Flexible,,{},2019-04-11 21:55:37
1839,renfe,MADRID,SEVILLA,2019-04-27 13:10:00,2019-04-27 20:51:00,7.68,MD-LD,Turista con enlace,27.5,Promo,,{},2019-04-11 21:55:37
1840,renfe,MADRID,VALENCIA,2019-06-01 14:10:00,2019-06-01 16:03:00,1.88,AVE,Turista,39.45,Promo,,{},2019-04-11 21:55:37
1841,renfe,MADRID,BARCELONA,2019-05-19 19:00:00,2019-05-19 21:30:00,2.5,AVE,Preferente,115.65,Promo,,{},2019-04-11 21:55:53
1842,renfe,MADRID,VALENCIA,2019-05-27 17:48:00,2019-05-27 21:58:00,4.17,INTERCITY,Turista Plus,15.45,Promo,,{},2019-04-11 21:55:53
1843,renfe,MADRID,VALENCIA,2019-05-27 10:40:00,2019-05-27 12:20:00,1.67,AVE,Turista,21.95,Promo,,{},2019-04-11 21:55:53
1844,renfe,MADRID,VALENCIA,2019-05-27 18:40:00,2019-05-27 20:20:00,1.67,AVE,Turista,27.8,Promo,,{},2019-04-11 21:55:53
1845,renfe,MADRID,BARCELONA,2019-05-19 17:30:00,2019-05-19 20:40:00,3.17,AVE,Turista,107.7,Flexible,,{},2019-04-11 21:55:53
1846,renfe,MADRID,VALENCIA,2019-05-27 19:40:00,2019-05-27 21:29:00,1.82,AVE,Turista,39.45,Promo,,{},2019-04-11 21:55:53
1847,renfe,MADRID,VALENCIA,2019-05-27 17:40:00,2019-05-27 19:20:00,1.67,AVE,Turista,21.95,Promo,,{},2019-04-11 21:55:53
1848,renfe,MADRID,VALENCIA,2019-05-27 20:40:00,2019-05-27 22:24:00,1.73,AVE,Turista,21.95,Promo,,{},2019-04-11 21:55:53
1849,renfe,MADRID,VALENCIA,2019-05-27 16:05:00,2019-05-27 22:47:00,6.7,REGIONAL,Turista,28.35,Adulto ida,,{},2019-04-11 21:55:53
1850,renfe,MADRID,VALENCIA,2019-05-27 21:10:00,2019-05-27 23:03:00,1.88,AVE,Turista,21.95,Promo,,{},2019-04-11 21:55:53
1851,renfe,MADRID,BARCELONA,2019-05-19 18:30:00,2019-05-19 21:20:00,2.83,AVE,Turista Plus,102.15,Promo,,{},2019-04-11 21:55:53
1852,renfe,MADRID,BARCELONA,2019-05-19 06:20:00,2019-05-19 09:29:00,3.15,AVE,Turista,58.15,Promo,,{},2019-04-11 21:55:53
1853,renfe,MADRID,VALENCIA,2019-05-27 16:55:00,2019-05-27 21:58:00,5.05,AVE-LD,Turista con enlace,39.25,Promo,,{},2019-04-11 21:55:53
1854,renfe,MADRID,BARCELONA,2019-05-19 07:30:00,2019-05-19 10:40:00,3.17,AVE,Turista,66.75,Promo,,{},2019-04-11 21:55:53
1855,renfe,MADRID,BARCELONA,2019-05-19 07:30:00,2019-05-19 10:40:00,3.17,AVE,Turista,66.75,Promo,,{},2019-04-11 21:55:53
1856,renfe,MADRID,BARCELONA,2019-05-19 08:30:00,2019-05-19 11:15:00,2.75,AVE,Turista,85.1,Promo,,{},2019-04-11 21:55:53
1857,renfe,MADRID,VALENCIA,2019-05-27 06:45:00,2019-05-27 08:38:00,1.88,AVE,Turista,21.95,Promo,,{},2019-04-11 21:55:53
1858,renfe,MADRID,BARCELONA,2019-05-19 09:30:00,2019-05-19 12:34:00,3.07,AVE,Turista,85.1,Promo,,{},2019-04-11 21:55:53
1859,renfe,MADRID,BARCELONA,2019-05-19 21:25:00,2019-05-19 23:55:00,2.5,AVE,Turista Plus,80.15,Promo,,{},2019-04-11 21:55:53
1860,renfe,MADRID,BARCELONA,2019-05-19 10:30:00,2019-05-19 13:15:00,2.75,AVE,Turista,85.1,Promo,,{},2019-04-11 21:55:53
1861,renfe,MADRID,BARCELONA,2019-05-19 14:00:00,2019-05-19 16:30:00,2.5,AVE,Turista,88.95,Promo,,{},2019-04-11 21:55:53
1862,renfe,MADRID,BARCELONA,2019-05-19 11:30:00,2019-05-19 14:40:00,3.17,AVE,Turista,107.7,Flexible,,{},2019-04-11 21:55:53
1863,renfe,MADRID,BARCELONA,2019-05-19 12:30:00,2019-05-19 15:30:00,3.0,AVE,Turista,85.1,Promo,,{},2019-04-11 21:55:53
1864,renfe,MADRID,BARCELONA,2019-05-19 12:30:00,2019-05-19 15:30:00,3.0,AVE,Turista,85.1,Promo,,{},2019-04-11 21:55:53
1865,renfe,MADRID,VALENCIA,2019-05-27 16:45:00,2019-05-27 18:50:00,2.08,ALVIA,Preferente,27.7,Promo,,{},2019-04-11 21:55:53
1866,renfe,MADRID,BARCELONA,2019-05-19 13:25:00,2019-05-19 16:24:00,2.98,AVE-TGV,Turista Plus,102.15,Promo,,{},2019-04-11 21:55:53
1867,renfe,MADRID,VALENCIA,2019-05-27 11:10:00,2019-05-27 13:25:00,2.25,INTERCITY,Turista,29.9,Promo,,{},2019-04-11 21:55:53
1868,renfe,MADRID,BARCELONA,2019-05-19 14:00:00,2019-05-19 16:30:00,2.5,AVE,Turista,88.95,Promo,,{},2019-04-11 21:55:53
1869,renfe,MADRID,VALENCIA,2019-05-27 19:40:00,2019-05-27 21:29:00,1.82,AVE,Turista,39.45,Promo,,{},2019-04-11 21:55:53
1870,renfe,MADRID,BARCELONA,2019-05-19 14:30:00,2019-05-19 17:21:00,2.85,AVE,Preferente,,Promo,,{},2019-04-11 21:55:53
1871,renfe,MADRID,BARCELONA,2019-05-19 19:30:00,2019-05-19 22:40:00,3.17,AVE,Turista Plus,102.15,Promo,,{},2019-04-11 21:55:53
1872,renfe,MADRID,BARCELONA,2019-05-19 15:30:00,2019-05-19 18:40:00,3.17,AVE,Turista Plus,90.5,Promo,,{},2019-04-11 21:55:53
1873,renfe,MADRID,VALENCIA,2019-05-27 15:10:00,2019-05-27 16:52:00,1.7,AVE,Turista,21.95,Promo,,{},2019-04-11 21:55:53
1874,renfe,MADRID,BARCELONA,2019-05-19 16:00:00,2019-05-19 18:30:00,2.5,AVE,Turista,100.4,Promo,,{},2019-04-11 21:55:53
1875,renfe,MADRID,BARCELONA,2019-05-19 15:30:00,2019-05-19 18:40:00,3.17,AVE,Turista Plus,90.5,Promo,,{},2019-04-11 21:55:53
1876,renfe,MADRID,BARCELONA,2019-05-19 16:30:00,2019-05-19 19:15:00,2.75,AVE,Turista,107.7,Flexible,,{},2019-04-11 21:55:53
1877,renfe,MADRID,BARCELONA,2019-05-19 11:30:00,2019-05-19 14:40:00,3.17,AVE,Turista,107.7,Flexible,,{},2019-04-11 21:55:53
1878,renfe,MADRID,BARCELONA,2019-05-19 17:00:00,2019-05-19 19:30:00,2.5,AVE,Turista,100.4,Promo,,{},2019-04-11 21:55:53
1879,renfe,MADRID,BARCELONA,2019-05-19 09:30:00,2019-05-19 12:34:00,3.07,AVE,Turista,85.1,Promo,,{},2019-04-11 21:55:53
1880,renfe,MADRID,BARCELONA,2019-05-19 17:30:00,2019-05-19 20:40:00,3.17,AVE,Turista,107.7,Flexible,,{},2019-04-11 21:55:53
1881,renfe,MADRID,BARCELONA,2019-05-19 16:00:00,2019-05-19 18:30:00,2.5,AVE,Turista,100.4,Promo,,{},2019-04-11 21:55:53
1882,renfe,MADRID,BARCELONA,2019-05-19 18:00:00,2019-05-19 20:30:00,2.5,AVE,Preferente,115.65,Promo,,{},2019-04-11 21:55:53
1883,renfe,MADRID,VALENCIA,2019-05-27 06:08:00,2019-05-27 12:55:00,6.78,REGIONAL,Turista,28.35,Adulto ida,,{},2019-04-11 21:55:53
1884,renfe,MADRID,BARCELONA,2019-05-19 18:30:00,2019-05-19 21:20:00,2.83,AVE,Turista Plus,102.15,Promo,,{},2019-04-11 21:55:53
1885,renfe,MADRID,VALENCIA,2019-05-27 15:30:00,2019-05-27 22:31:00,7.02,AVE-MD,Turista con enlace,,Flexible,,{},2019-04-11 21:55:53
1886,renfe,MADRID,BARCELONA,2019-05-19 19:00:00,2019-05-19 21:30:00,2.5,AVE,Preferente,115.65,Promo,,{},2019-04-11 21:55:53
1887,renfe,MADRID,BARCELONA,2019-05-19 10:30:00,2019-05-19 13:15:00,2.75,AVE,Turista,85.1,Promo,,{},2019-04-11 21:55:53
1888,renfe,MADRID,BARCELONA,2019-05-19 19:30:00,2019-05-19 22:40:00,3.17,AVE,Turista Plus,102.15,Promo,,{},2019-04-11 21:55:53
1889,renfe,MADRID,VALENCIA,2019-05-27 18:40:00,2019-05-27 20:20:00,1.67,AVE,Turista,27.8,Promo,,{},2019-04-11 21:55:53
1890,renfe,MADRID,BARCELONA,2019-05-19 20:00:00,2019-05-19 22:30:00,2.5,AVE,Preferente,98.55,Promo,,{},2019-04-11 21:55:53
1891,renfe,MADRID,VALENCIA,2019-05-27 14:10:00,2019-05-27 16:03:00,1.88,AVE,Turista,33.65,Promo,,{},2019-04-11 21:55:53
1892,renfe,MADRID,BARCELONA,2019-05-19 20:30:00,2019-05-19 23:40:00,3.17,AVE,Turista Plus,90.5,Promo,,{},2019-04-11 21:55:53
1893,renfe,MADRID,VALENCIA,2019-05-27 12:21:00,2019-05-27 19:04:00,6.72,REGIONAL,Turista,28.35,Adulto ida,,{},2019-04-11 21:55:53
1894,renfe,MADRID,BARCELONA,2019-05-19 21:25:00,2019-05-19 23:55:00,2.5,AVE,Turista Plus,80.15,Promo,,{},2019-04-11 21:55:53
1895,renfe,MADRID,VALENCIA,2019-05-27 12:40:00,2019-05-27 14:20:00,1.67,AVE,Turista,33.65,Promo,,{},2019-04-11 21:55:53
1896,renfe,MADRID,VALENCIA,2019-05-27 06:08:00,2019-05-27 12:55:00,6.78,REGIONAL,Turista,28.35,Adulto ida,,{},2019-04-11 21:55:53
1897,renfe,MADRID,BARCELONA,2019-05-19 08:30:00,2019-05-19 11:15:00,2.75,AVE,Turista,85.1,Promo,,{},2019-04-11 21:55:53
1898,renfe,MADRID,VALENCIA,2019-05-27 06:45:00,2019-05-27 08:38:00,1.88,AVE,Turista,21.95,Promo,,{},2019-04-11 21:55:53
1899,renfe,MADRID,VALENCIA,2019-05-27 09:10:00,2019-05-27 10:58:00,1.8,AVE,Turista,39.45,Promo,,{},2019-04-11 21:55:53
1900,renfe,MADRID,VALENCIA,2019-05-27 07:40:00,2019-05-27 09:20:00,1.67,AVE,Turista,57.75,Promo,,{},2019-04-11 21:55:53
1901,renfe,MADRID,BARCELONA,2019-05-19 16:30:00,2019-05-19 19:15:00,2.75,AVE,Turista,107.7,Flexible,,{},2019-04-11 21:55:53
1902,renfe,MADRID,VALENCIA,2019-05-27 09:10:00,2019-05-27 10:58:00,1.8,AVE,Turista,39.45,Promo,,{},2019-04-11 21:55:53
1903,renfe,MADRID,VALENCIA,2019-05-27 09:40:00,2019-05-27 11:24:00,1.73,AVE,Turista,21.95,Promo,,{},2019-04-11 21:55:53
1904,renfe,MADRID,VALENCIA,2019-05-27 09:40:00,2019-05-27 11:24:00,1.73,AVE,Turista,21.95,Promo,,{},2019-04-11 21:55:53
1905,renfe,MADRID,BARCELONA,2019-05-19 20:30:00,2019-05-19 23:40:00,3.17,AVE,Turista Plus,90.5,Promo,,{},2019-04-11 21:55:53
1906,renfe,MADRID,VALENCIA,2019-05-27 10:40:00,2019-05-27 12:20:00,1.67,AVE,Turista,21.95,Promo,,{},2019-04-11 21:55:53
1907,renfe,MADRID,BARCELONA,2019-05-19 20:00:00,2019-05-19 22:30:00,2.5,AVE,Preferente,98.55,Promo,,{},2019-04-11 21:55:53
1908,renfe,MADRID,VALENCIA,2019-05-27 11:10:00,2019-05-27 13:25:00,2.25,INTERCITY,Turista,29.9,Promo,,{},2019-04-11 21:55:53
1909,renfe,MADRID,VALENCIA,2019-05-27 17:48:00,2019-05-27 21:58:00,4.17,INTERCITY,Turista Plus,15.45,Promo,,{},2019-04-11 21:55:53
1910,renfe,MADRID,VALENCIA,2019-05-27 11:55:00,2019-05-27 13:35:00,1.67,AVE,Turista,21.95,Promo,,{},2019-04-11 21:55:53
1911,renfe,MADRID,BARCELONA,2019-05-19 18:00:00,2019-05-19 20:30:00,2.5,AVE,Preferente,115.65,Promo,,{},2019-04-11 21:55:53
1912,renfe,MADRID,VALENCIA,2019-05-27 12:21:00,2019-05-27 19:04:00,6.72,REGIONAL,Turista,28.35,Adulto ida,,{},2019-04-11 21:55:53
1913,renfe,MADRID,BARCELONA,2019-05-19 13:25:00,2019-05-19 16:24:00,2.98,AVE-TGV,Turista Plus,102.15,Promo,,{},2019-04-11 21:55:53
1914,renfe,MADRID,VALENCIA,2019-05-27 12:40:00,2019-05-27 14:20:00,1.67,AVE,Turista,33.65,Promo,,{},2019-04-11 21:55:53
1915,renfe,MADRID,VALENCIA,2019-05-27 14:10:00,2019-05-27 16:03:00,1.88,AVE,Turista,33.65,Promo,,{},2019-04-11 21:55:53
1916,renfe,MADRID,VALENCIA,2019-05-27 15:10:00,2019-05-27 16:52:00,1.7,AVE,Turista,21.95,Promo,,{},2019-04-11 21:55:53
1917,renfe,MADRID,VALENCIA,2019-05-27 15:30:00,2019-05-27 22:31:00,7.02,AVE-MD,Turista con enlace,,Flexible,,{},2019-04-11 21:55:53
1918,renfe,MADRID,VALENCIA,2019-05-27 15:40:00,2019-05-27 17:22:00,1.7,AVE,Turista,21.95,Promo,,{},2019-04-11 21:55:53
1919,renfe,MADRID,VALENCIA,2019-05-27 16:05:00,2019-05-27 22:47:00,6.7,REGIONAL,Turista,28.35,Adulto ida,,{},2019-04-11 21:55:53
1920,renfe,MADRID,VALENCIA,2019-05-27 16:45:00,2019-05-27 18:50:00,2.08,ALVIA,Preferente,27.7,Promo,,{},2019-04-11 21:55:53
1921,renfe,MADRID,VALENCIA,2019-05-27 16:55:00,2019-05-27 21:58:00,5.05,AVE-LD,Turista con enlace,39.25,Promo,,{},2019-04-11 21:55:53
1922,renfe,MADRID,VALENCIA,2019-05-27 17:40:00,2019-05-27 19:20:00,1.67,AVE,Turista,21.95,Promo,,{},2019-04-11 21:55:53
1923,renfe,MADRID,VALENCIA,2019-05-27 15:40:00,2019-05-27 17:22:00,1.7,AVE,Turista,21.95,Promo,,{},2019-04-11 21:55:53
1924,renfe,MADRID,VALENCIA,2019-05-27 07:40:00,2019-05-27 09:20:00,1.67,AVE,Turista,57.75,Promo,,{},2019-04-11 21:55:53
1925,renfe,MADRID,BARCELONA,2019-05-19 17:00:00,2019-05-19 19:30:00,2.5,AVE,Turista,100.4,Promo,,{},2019-04-11 21:55:53
1926,renfe,MADRID,BARCELONA,2019-05-19 06:20:00,2019-05-19 09:29:00,3.15,AVE,Turista,58.15,Promo,,{},2019-04-11 21:55:53
1927,renfe,MADRID,VALENCIA,2019-05-27 20:40:00,2019-05-27 22:24:00,1.73,AVE,Turista,21.95,Promo,,{},2019-04-11 21:55:53
1928,renfe,MADRID,VALENCIA,2019-05-27 11:55:00,2019-05-27 13:35:00,1.67,AVE,Turista,21.95,Promo,,{},2019-04-11 21:55:53
1929,renfe,MADRID,BARCELONA,2019-05-19 14:30:00,2019-05-19 17:21:00,2.85,AVE,Preferente,,Promo,,{},2019-04-11 21:55:53
1930,renfe,MADRID,VALENCIA,2019-05-27 21:10:00,2019-05-27 23:03:00,1.88,AVE,Turista,21.95,Promo,,{},2019-04-11 21:55:53
1931,renfe,MADRID,BARCELONA,2019-05-02 05:50:00,2019-05-02 08:55:00,3.08,AVE,Turista,49.55,Promo,,{},2019-04-11 21:56:09
1932,renfe,MADRID,BARCELONA,2019-05-02 05:50:00,2019-05-02 08:55:00,3.08,AVE,Turista,49.55,Promo,,{},2019-04-11 21:56:09
1933,renfe,MADRID,BARCELONA,2019-05-02 19:00:00,2019-05-02 21:30:00,2.5,AVE,Turista,58.45,Promo,,{},2019-04-11 21:56:09
1934,renfe,MADRID,BARCELONA,2019-05-02 06:30:00,2019-05-02 09:20:00,2.83,AVE,Turista,49.55,Promo,,{},2019-04-11 21:56:09
1935,renfe,MADRID,BARCELONA,2019-05-02 07:15:00,2019-05-02 16:37:00,9.37,R. EXPRES,Turista,43.25,Adulto ida,,{},2019-04-11 21:56:09
1936,renfe,MADRID,BARCELONA,2019-05-02 07:00:00,2019-05-02 09:30:00,2.5,AVE,Turista Plus,94.55,Promo,,{},2019-04-11 21:56:09
1937,renfe,MADRID,BARCELONA,2019-04-30 18:00:00,2019-04-30 20:30:00,2.5,AVE,Turista,127.1,Flexible,,{},2019-04-11 21:56:09
1938,renfe,MADRID,BARCELONA,2019-05-02 07:15:00,2019-05-02 16:37:00,9.37,R. EXPRES,Turista,43.25,Adulto ida,,{},2019-04-11 21:56:09
1939,renfe,MADRID,BARCELONA,2019-04-30 07:00:00,2019-04-30 09:30:00,2.5,AVE,Turista Plus,94.55,Promo,,{},2019-04-11 21:56:09
1940,renfe,MADRID,BARCELONA,2019-05-02 07:30:00,2019-05-02 10:40:00,3.17,AVE,Turista,85.1,Promo,,{},2019-04-11 21:56:09
1941,renfe,MADRID,BARCELONA,2019-04-30 14:00:00,2019-04-30 16:30:00,2.5,AVE,Turista,88.95,Promo,,{},2019-04-11 21:56:09
1942,renfe,MADRID,BARCELONA,2019-05-02 08:30:00,2019-05-02 11:15:00,2.75,AVE,Turista,85.1,Promo,,{},2019-04-11 21:56:09
1943,renfe,MADRID,BARCELONA,2019-05-02 16:30:00,2019-05-02 19:15:00,2.75,AVE,Turista,66.75,Promo,,{},2019-04-11 21:56:09
1944,renfe,MADRID,BARCELONA,2019-05-02 09:30:00,2019-05-02 12:34:00,3.07,AVE,Turista,85.08,Promo,,{},2019-04-11 21:56:09
1945,renfe,MADRID,BARCELONA,2019-04-30 08:00:00,2019-04-30 10:30:00,2.5,AVE,Turista,88.95,Promo,,{},2019-04-11 21:56:09
1946,renfe,MADRID,BARCELONA,2019-05-02 10:30:00,2019-05-02 13:15:00,2.75,AVE,Turista,85.1,Promo,,{},2019-04-11 21:56:09
1947,renfe,MADRID,BARCELONA,2019-05-02 21:25:00,2019-05-02 23:55:00,2.5,AVE,Turista,49.55,Promo,,{},2019-04-11 21:56:09
1948,renfe,MADRID,BARCELONA,2019-05-02 11:30:00,2019-05-02 14:40:00,3.17,AVE,Turista,75.4,Promo,,{},2019-04-11 21:56:09
1949,renfe,MADRID,BARCELONA,2019-04-30 06:10:00,2019-04-30 08:40:00,2.5,AVE,Turista,49.55,Promo,,{},2019-04-11 21:56:09
1950,renfe,MADRID,BARCELONA,2019-05-02 12:30:00,2019-05-02 15:30:00,3.0,AVE,Turista,66.75,Promo,,{},2019-04-11 21:56:09
1951,renfe,MADRID,BARCELONA,2019-05-02 17:30:00,2019-05-02 20:40:00,3.17,AVE,Preferente,54.45,Promo,,{},2019-04-11 21:56:09
1952,renfe,MADRID,BARCELONA,2019-05-02 13:25:00,2019-05-02 16:24:00,2.98,AVE-TGV,Turista,66.75,Promo,,{},2019-04-11 21:56:09
1953,renfe,MADRID,BARCELONA,2019-04-30 20:30:00,2019-04-30 23:40:00,3.17,AVE,Turista Plus,90.5,Promo,,{},2019-04-11 21:56:09
1954,renfe,MADRID,BARCELONA,2019-05-02 14:30:00,2019-05-02 17:21:00,2.85,AVE,Turista,85.1,Promo,,{},2019-04-11 21:56:09
1955,renfe,MADRID,BARCELONA,2019-04-30 12:30:00,2019-04-30 15:30:00,3.0,AVE,Turista Plus,90.5,Promo,,{},2019-04-11 21:56:09
1956,renfe,MADRID,BARCELONA,2019-05-02 15:30:00,2019-05-02 18:40:00,3.17,AVE,Turista Plus,80.15,Promo,,{},2019-04-11 21:56:09
1957,renfe,MADRID,BARCELONA,2019-04-30 08:20:00,2019-04-30 11:05:00,2.75,AVE,Turista,85.1,Promo,,{},2019-04-11 21:56:09
1958,renfe,MADRID,BARCELONA,2019-05-02 16:30:00,2019-05-02 19:15:00,2.75,AVE,Turista,66.75,Promo,,{},2019-04-11 21:56:09
1959,renfe,MADRID,BARCELONA,2019-04-30 13:25:00,2019-04-30 16:24:00,2.98,AVE-TGV,Turista,75.4,Promo,,{},2019-04-11 21:56:09
1960,renfe,MADRID,BARCELONA,2019-05-02 17:00:00,2019-05-02 19:30:00,2.5,AVE,Turista,58.45,Promo,,{},2019-04-11 21:56:09
1961,renfe,MADRID,BARCELONA,2019-04-30 16:00:00,2019-04-30 18:30:00,2.5,AVE,Turista,88.95,Promo,,{},2019-04-11 21:56:09
1962,renfe,MADRID,BARCELONA,2019-05-02 17:30:00,2019-05-02 20:40:00,3.17,AVE,Preferente,54.45,Promo,,{},2019-04-11 21:56:09
1963,renfe,MADRID,BARCELONA,2019-05-02 18:30:00,2019-05-02 21:20:00,2.83,AVE,Turista,58.15,Promo,,{},2019-04-11 21:56:09
1964,renfe,MADRID,BARCELONA,2019-05-02 18:30:00,2019-05-02 21:20:00,2.83,AVE,Turista,58.15,Promo,,{},2019-04-11 21:56:09
1965,renfe,MADRID,BARCELONA,2019-04-30 16:30:00,2019-04-30 19:15:00,2.75,AVE,Turista Plus,90.5,Promo,,{},2019-04-11 21:56:09
1966,renfe,MADRID,BARCELONA,2019-05-02 19:00:00,2019-05-02 21:30:00,2.5,AVE,Turista,58.45,Promo,,{},2019-04-11 21:56:09
1967,renfe,MADRID,BARCELONA,2019-05-02 14:30:00,2019-05-02 17:21:00,2.85,AVE,Turista,85.1,Promo,,{},2019-04-11 21:56:09
1968,renfe,MADRID,BARCELONA,2019-05-02 19:30:00,2019-05-02 22:40:00,3.17,AVE,Turista,49.55,Promo,,{},2019-04-11 21:56:09
1969,renfe,MADRID,BARCELONA,2019-04-30 14:30:00,2019-04-30 17:21:00,2.85,AVE,Turista,75.4,Promo,,{},2019-04-11 21:56:09
1970,renfe,MADRID,BARCELONA,2019-05-02 20:30:00,2019-05-02 23:40:00,3.17,AVE,Turista,49.55,Promo,,{},2019-04-11 21:56:09
1971,renfe,MADRID,BARCELONA,2019-05-02 06:30:00,2019-05-02 09:20:00,2.83,AVE,Turista,49.55,Promo,,{},2019-04-11 21:56:09
1972,renfe,MADRID,BARCELONA,2019-05-02 21:25:00,2019-05-02 23:55:00,2.5,AVE,Turista,49.55,Promo,,{},2019-04-11 21:56:09
1973,renfe,MADRID,BARCELONA,2019-05-02 07:00:00,2019-05-02 09:30:00,2.5,AVE,Turista Plus,94.55,Promo,,{},2019-04-11 21:56:09
1974,renfe,MADRID,BARCELONA,2019-04-30 06:10:00,2019-04-30 08:40:00,2.5,AVE,Turista,49.55,Promo,,{},2019-04-11 21:56:09
1975,renfe,MADRID,BARCELONA,2019-04-30 07:15:00,2019-04-30 16:37:00,9.37,R. EXPRES,Turista,43.25,Adulto ida,,{},2019-04-11 21:56:09
1976,renfe,MADRID,BARCELONA,2019-04-30 06:30:00,2019-04-30 09:20:00,2.83,AVE,Turista,75.4,Promo,,{},2019-04-11 21:56:09
1977,renfe,MADRID,BARCELONA,2019-04-30 20:00:00,2019-04-30 22:30:00,2.5,AVE,Turista,88.95,Promo,,{},2019-04-11 21:56:09
1978,renfe,MADRID,BARCELONA,2019-04-30 07:00:00,2019-04-30 09:30:00,2.5,AVE,Turista Plus,94.55,Promo,,{},2019-04-11 21:56:09
1979,renfe,MADRID,BARCELONA,2019-05-02 15:30:00,2019-05-02 18:40:00,3.17,AVE,Turista Plus,80.15,Promo,,{},2019-04-11 21:56:09
1980,renfe,MADRID,BARCELONA,2019-04-30 07:15:00,2019-04-30 16:37:00,9.37,R. EXPRES,Turista,43.25,Adulto ida,,{},2019-04-11 21:56:09
1981,renfe,MADRID,BARCELONA,2019-04-30 09:30:00,2019-04-30 12:34:00,3.07,AVE,Turista,75.4,Promo,,{},2019-04-11 21:56:09
1982,renfe,MADRID,BARCELONA,2019-04-30 07:20:00,2019-04-30 09:50:00,2.5,AVE,Turista,58.45,Promo,,{},2019-04-11 21:56:09
1983,renfe,MADRID,BARCELONA,2019-05-02 12:30:00,2019-05-02 15:30:00,3.0,AVE,Turista,66.75,Promo,,{},2019-04-11 21:56:09
1984,renfe,MADRID,BARCELONA,2019-04-30 07:30:00,2019-04-30 10:40:00,3.17,AVE,Turista,85.1,Promo,,{},2019-04-11 21:56:09
1985,renfe,MADRID,BARCELONA,2019-05-02 08:30:00,2019-05-02 11:15:00,2.75,AVE,Turista,85.1,Promo,,{},2019-04-11 21:56:09
1986,renfe,MADRID,BARCELONA,2019-04-30 08:00:00,2019-04-30 10:30:00,2.5,AVE,Turista,88.95,Promo,,{},2019-04-11 21:56:09
1987,renfe,MADRID,BARCELONA,2019-04-30 11:30:00,2019-04-30 14:40:00,3.17,AVE,Turista,85.1,Promo,,{},2019-04-11 21:56:09
1988,renfe,MADRID,BARCELONA,2019-04-30 08:20:00,2019-04-30 11:05:00,2.75,AVE,Turista,85.1,Promo,,{},2019-04-11 21:56:09
1989,renfe,MADRID,BARCELONA,2019-04-30 15:00:00,2019-04-30 17:30:00,2.5,AVE,Turista,78.8,Promo,,{},2019-04-11 21:56:09
1990,renfe,MADRID,BARCELONA,2019-04-30 08:30:00,2019-04-30 11:15:00,2.75,AVE,Turista Plus,80.15,Promo,,{},2019-04-11 21:56:09
1991,renfe,MADRID,BARCELONA,2019-04-30 18:30:00,2019-04-30 21:20:00,2.83,AVE,Turista,107.7,Flexible,,{},2019-04-11 21:56:09
1992,renfe,MADRID,BARCELONA,2019-04-30 09:00:00,2019-04-30 11:45:00,2.75,AVE,Preferente,,Promo,,{},2019-04-11 21:56:09
1993,renfe,MADRID,BARCELONA,2019-05-02 20:30:00,2019-05-02 23:40:00,3.17,AVE,Turista,49.55,Promo,,{},2019-04-11 21:56:09
1994,renfe,MADRID,BARCELONA,2019-04-30 09:30:00,2019-04-30 12:34:00,3.07,AVE,Turista,75.4,Promo,,{},2019-04-11 21:56:09
1995,renfe,MADRID,BARCELONA,2019-04-30 19:00:00,2019-04-30 21:30:00,2.5,AVE,Turista Plus,106.75,Promo,,{},2019-04-11 21:56:09
1996,renfe,MADRID,BARCELONA,2019-04-30 10:30:00,2019-04-30 13:15:00,2.75,AVE,Turista,85.1,Promo,,{},2019-04-11 21:56:09
1997,renfe,MADRID,BARCELONA,2019-04-30 09:00:00,2019-04-30 11:45:00,2.75,AVE,Preferente,,Promo,,{},2019-04-11 21:56:09
1998,renfe,MADRID,BARCELONA,2019-04-30 11:30:00,2019-04-30 14:40:00,3.17,AVE,Turista,85.1,Promo,,{},2019-04-11 21:56:09
1999,renfe,MADRID,BARCELONA,2019-04-30 19:30:00,2019-04-30 22:40:00,3.17,AVE,Turista,85.1,Promo,,{},2019-04-11 21:56:09
2000,renfe,MADRID,BARCELONA,2019-04-30 12:30:00,2019-04-30 15:30:00,3.0,AVE,Turista Plus,90.5,Promo,,{},2019-04-11 21:56:09
2001,renfe,MADRID,BARCELONA,2019-04-30 07:20:00,2019-04-30 09:50:00,2.5,AVE,Turista,58.45,Promo,,{},2019-04-11 21:56:09
2002,renfe,MADRID,BARCELONA,2019-04-30 13:25:00,2019-04-30 16:24:00,2.98,AVE-TGV,Turista,75.4,Promo,,{},2019-04-11 21:56:09
2003,renfe,MADRID,BARCELONA,2019-04-30 17:30:00,2019-04-30 20:40:00,3.17,AVE,Turista Plus,102.15,Promo,,{},2019-04-11 21:56:09
2004,renfe,MADRID,BARCELONA,2019-04-30 14:00:00,2019-04-30 16:30:00,2.5,AVE,Turista,88.95,Promo,,{},2019-04-11 21:56:09
2005,renfe,MADRID,BARCELONA,2019-04-30 14:30:00,2019-04-30 17:21:00,2.85,AVE,Turista,75.4,Promo,,{},2019-04-11 21:56:09
2006,renfe,MADRID,BARCELONA,2019-04-30 15:00:00,2019-04-30 17:30:00,2.5,AVE,Turista,78.8,Promo,,{},2019-04-11 21:56:09
2007,renfe,MADRID,BARCELONA,2019-04-30 15:30:00,2019-04-30 18:40:00,3.17,AVE,Turista,85.1,Promo,,{},2019-04-11 21:56:09
2008,renfe,MADRID,BARCELONA,2019-04-30 16:00:00,2019-04-30 18:30:00,2.5,AVE,Turista,88.95,Promo,,{},2019-04-11 21:56:09
2009,renfe,MADRID,BARCELONA,2019-04-30 16:30:00,2019-04-30 19:15:00,2.75,AVE,Turista Plus,90.5,Promo,,{},2019-04-11 21:56:09
2010,renfe,MADRID,BARCELONA,2019-04-30 17:00:00,2019-04-30 19:30:00,2.5,AVE,Turista Plus,94.55,Promo,,{},2019-04-11 21:56:09
2011,renfe,MADRID,BARCELONA,2019-04-30 17:30:00,2019-04-30 20:40:00,3.17,AVE,Turista Plus,102.15,Promo,,{},2019-04-11 21:56:09
2012,renfe,MADRID,BARCELONA,2019-04-30 18:00:00,2019-04-30 20:30:00,2.5,AVE,Turista,127.1,Flexible,,{},2019-04-11 21:56:09
2013,renfe,MADRID,BARCELONA,2019-04-30 18:30:00,2019-04-30 21:20:00,2.83,AVE,Turista,107.7,Flexible,,{},2019-04-11 21:56:09
2014,renfe,MADRID,BARCELONA,2019-04-30 19:00:00,2019-04-30 21:30:00,2.5,AVE,Turista Plus,106.75,Promo,,{},2019-04-11 21:56:09
2015,renfe,MADRID,BARCELONA,2019-04-30 19:30:00,2019-04-30 22:40:00,3.17,AVE,Turista,85.1,Promo,,{},2019-04-11 21:56:09
2016,renfe,MADRID,BARCELONA,2019-04-30 20:00:00,2019-04-30 22:30:00,2.5,AVE,Turista,88.95,Promo,,{},2019-04-11 21:56:09
2017,renfe,MADRID,BARCELONA,2019-04-30 20:30:00,2019-04-30 23:40:00,3.17,AVE,Turista Plus,90.5,Promo,,{},2019-04-11 21:56:09
2018,renfe,MADRID,BARCELONA,2019-04-30 21:25:00,2019-04-30 23:55:00,2.5,AVE,Turista Plus,80.15,Promo,,{},2019-04-11 21:56:09
2019,renfe,MADRID,BARCELONA,2019-05-02 07:30:00,2019-05-02 10:40:00,3.17,AVE,Turista,85.1,Promo,,{},2019-04-11 21:56:09
2020,renfe,MADRID,BARCELONA,2019-04-30 15:30:00,2019-04-30 18:40:00,3.17,AVE,Turista,85.1,Promo,,{},2019-04-11 21:56:09
2021,renfe,MADRID,BARCELONA,2019-04-30 21:25:00,2019-04-30 23:55:00,2.5,AVE,Turista Plus,80.15,Promo,,{},2019-04-11 21:56:09
2022,renfe,MADRID,BARCELONA,2019-05-02 11:30:00,2019-05-02 14:40:00,3.17,AVE,Turista,75.4,Promo,,{},2019-04-11 21:56:09
2023,renfe,MADRID,BARCELONA,2019-05-02 13:25:00,2019-05-02 16:24:00,2.98,AVE-TGV,Turista,66.75,Promo,,{},2019-04-11 21:56:09
2024,renfe,MADRID,BARCELONA,2019-04-30 06:30:00,2019-04-30 09:20:00,2.83,AVE,Turista,75.4,Promo,,{},2019-04-11 21:56:09
2025,renfe,MADRID,BARCELONA,2019-05-02 10:30:00,2019-05-02 13:15:00,2.75,AVE,Turista,85.1,Promo,,{},2019-04-11 21:56:09
2026,renfe,MADRID,BARCELONA,2019-05-02 19:30:00,2019-05-02 22:40:00,3.17,AVE,Turista,49.55,Promo,,{},2019-04-11 21:56:09
2027,renfe,MADRID,BARCELONA,2019-04-30 08:30:00,2019-04-30 11:15:00,2.75,AVE,Turista Plus,80.15,Promo,,{},2019-04-11 21:56:09
2028,renfe,MADRID,BARCELONA,2019-04-30 17:00:00,2019-04-30 19:30:00,2.5,AVE,Turista Plus,94.55,Promo,,{},2019-04-11 21:56:09
2029,renfe,MADRID,BARCELONA,2019-04-30 07:30:00,2019-04-30 10:40:00,3.17,AVE,Turista,85.1,Promo,,{},2019-04-11 21:56:09
2030,renfe,MADRID,BARCELONA,2019-05-02 09:30:00,2019-05-02 12:34:00,3.07,AVE,Turista,85.08,Promo,,{},2019-04-11 21:56:09
2031,renfe,MADRID,BARCELONA,2019-04-30 10:30:00,2019-04-30 13:15:00,2.75,AVE,Turista,85.1,Promo,,{},2019-04-11 21:56:09
2032,renfe,MADRID,BARCELONA,2019-05-02 17:00:00,2019-05-02 19:30:00,2.5,AVE,Turista,58.45,Promo,,{},2019-04-11 21:56:09
2033,renfe,MADRID,BARCELONA,2019-05-03 08:30:00,2019-05-03 11:15:00,2.75,AVE,Turista,85.1,Promo,,{},2019-04-11 21:56:25
2034,renfe,MADRID,BARCELONA,2019-06-07 07:15:00,2019-06-07 16:37:00,9.37,R. EXPRES,Turista,43.25,Adulto ida,,{},2019-04-11 21:56:25
2035,renfe,MADRID,BARCELONA,2019-05-03 20:30:00,2019-05-03 23:40:00,3.17,AVE,Turista,66.75,Promo,,{},2019-04-11 21:56:25
2036,renfe,MADRID,BARCELONA,2019-05-03 05:50:00,2019-05-03 08:55:00,3.08,AVE,Turista,49.55,Promo,,{},2019-04-11 21:56:25
2037,renfe,MADRID,BARCELONA,2019-05-03 09:30:00,2019-05-03 12:34:00,3.07,AVE,Turista,85.1,Promo,,{},2019-04-11 21:56:25
2038,renfe,MADRID,BARCELONA,2019-05-03 06:30:00,2019-05-03 09:20:00,2.83,AVE,Turista,49.55,Promo,,{},2019-04-11 21:56:25
2039,renfe,MADRID,BARCELONA,2019-05-03 16:30:00,2019-05-03 19:15:00,2.75,AVE,Turista,107.7,Flexible,,{},2019-04-11 21:56:25
2040,renfe,MADRID,BARCELONA,2019-05-03 07:00:00,2019-05-03 09:30:00,2.5,AVE,Turista,78.8,Promo,,{},2019-04-11 21:56:25
2041,renfe,MADRID,BARCELONA,2019-05-03 05:50:00,2019-05-03 08:55:00,3.08,AVE,Turista,49.55,Promo,,{},2019-04-11 21:56:25
2042,renfe,MADRID,BARCELONA,2019-05-03 07:15:00,2019-05-03 16:37:00,9.37,R. EXPRES,Turista,43.25,Adulto ida,,{},2019-04-11 21:56:25
2043,renfe,MADRID,BARCELONA,2019-05-03 11:30:00,2019-05-03 14:40:00,3.17,AVE,Turista,85.1,Promo,,{},2019-04-11 21:56:25
2044,renfe,MADRID,BARCELONA,2019-05-03 07:30:00,2019-05-03 10:40:00,3.17,AVE,Turista,75.4,Promo,,{},2019-04-11 21:56:25
2045,renfe,MADRID,BARCELONA,2019-05-03 13:25:00,2019-05-03 16:24:00,2.98,AVE-TGV,Turista,85.1,Promo,,{},2019-04-11 21:56:25
2046,renfe,MADRID,BARCELONA,2019-05-03 08:30:00,2019-05-03 11:15:00,2.75,AVE,Turista,85.1,Promo,,{},2019-04-11 21:56:25
2047,renfe,MADRID,BARCELONA,2019-05-03 14:30:00,2019-05-03 17:21:00,2.85,AVE,Turista,85.1,Promo,,{},2019-04-11 21:56:25
2048,renfe,MADRID,BARCELONA,2019-05-03 09:30:00,2019-05-03 12:34:00,3.07,AVE,Turista,85.1,Promo,,{},2019-04-11 21:56:25
2049,renfe,MADRID,BARCELONA,2019-05-03 16:00:00,2019-05-03 18:30:00,2.5,AVE,Turista,127.1,Flexible,,{},2019-04-11 21:56:25
2050,renfe,MADRID,BARCELONA,2019-05-03 10:30:00,2019-05-03 13:15:00,2.75,AVE,Turista,75.4,Promo,,{},2019-04-11 21:56:25
2051,renfe,MADRID,BARCELONA,2019-05-03 17:30:00,2019-05-03 20:40:00,3.17,AVE,Preferente,,Promo,,{},2019-04-11 21:56:25
2052,renfe,MADRID,BARCELONA,2019-05-03 11:30:00,2019-05-03 14:40:00,3.17,AVE,Turista,85.1,Promo,,{},2019-04-11 21:56:25
2053,renfe,MADRID,BARCELONA,2019-06-07 07:15:00,2019-06-07 16:37:00,9.37,R. EXPRES,Turista,43.25,Adulto ida,,{},2019-04-11 21:56:25
2054,renfe,MADRID,BARCELONA,2019-05-03 12:30:00,2019-05-03 15:30:00,3.0,AVE,Turista,85.1,Promo,,{},2019-04-11 21:56:25
2055,renfe,MADRID,BARCELONA,2019-05-03 18:30:00,2019-05-03 21:20:00,2.83,AVE,Preferente,,Promo,,{},2019-04-11 21:56:25
2056,renfe,MADRID,BARCELONA,2019-05-03 13:25:00,2019-05-03 16:24:00,2.98,AVE-TGV,Turista,85.1,Promo,,{},2019-04-11 21:56:25
2057,renfe,MADRID,BARCELONA,2019-05-03 18:00:00,2019-05-03 20:30:00,2.5,AVE,Turista,100.4,Promo,,{},2019-04-11 21:56:25
2058,renfe,MADRID,BARCELONA,2019-05-03 14:30:00,2019-05-03 17:21:00,2.85,AVE,Turista,85.1,Promo,,{},2019-04-11 21:56:25
2059,renfe,MADRID,BARCELONA,2019-05-03 07:30:00,2019-05-03 10:40:00,3.17,AVE,Turista,75.4,Promo,,{},2019-04-11 21:56:25
2060,renfe,MADRID,BARCELONA,2019-05-03 15:00:00,2019-05-03 17:30:00,2.5,AVE,Turista,100.4,Promo,,{},2019-04-11 21:56:25
2061,renfe,MADRID,BARCELONA,2019-05-03 21:25:00,2019-05-03 23:55:00,2.5,AVE,Turista,75.4,Promo,,{},2019-04-11 21:56:25
2062,renfe,MADRID,BARCELONA,2019-05-03 15:30:00,2019-05-03 18:40:00,3.17,AVE,Turista Plus,90.5,Promo,,{},2019-04-11 21:56:25
2063,renfe,MADRID,BARCELONA,2019-05-03 07:00:00,2019-05-03 09:30:00,2.5,AVE,Turista,78.8,Promo,,{},2019-04-11 21:56:25
2064,renfe,MADRID,BARCELONA,2019-05-03 16:00:00,2019-05-03 18:30:00,2.5,AVE,Turista,127.1,Flexible,,{},2019-04-11 21:56:25
2065,renfe,MADRID,BARCELONA,2019-05-03 19:30:00,2019-05-03 22:40:00,3.17,AVE,Turista,75.4,Promo,,{},2019-04-11 21:56:25
2066,renfe,MADRID,BARCELONA,2019-05-03 16:30:00,2019-05-03 19:15:00,2.75,AVE,Turista,107.7,Flexible,,{},2019-04-11 21:56:25
2067,renfe,MADRID,BARCELONA,2019-05-03 19:00:00,2019-05-03 21:30:00,2.5,AVE,Turista,88.95,Promo,,{},2019-04-11 21:56:25
2068,renfe,MADRID,BARCELONA,2019-05-03 17:00:00,2019-05-03 19:30:00,2.5,AVE,Turista,127.1,Flexible,,{},2019-04-11 21:56:25
2069,renfe,MADRID,BARCELONA,2019-05-03 12:30:00,2019-05-03 15:30:00,3.0,AVE,Turista,85.1,Promo,,{},2019-04-11 21:56:25
2070,renfe,MADRID,BARCELONA,2019-05-03 17:30:00,2019-05-03 20:40:00,3.17,AVE,Preferente,,Promo,,{},2019-04-11 21:56:25
2071,renfe,MADRID,BARCELONA,2019-05-03 18:00:00,2019-05-03 20:30:00,2.5,AVE,Turista,100.4,Promo,,{},2019-04-11 21:56:25
2072,renfe,MADRID,BARCELONA,2019-05-03 18:30:00,2019-05-03 21:20:00,2.83,AVE,Preferente,,Promo,,{},2019-04-11 21:56:25
2073,renfe,MADRID,BARCELONA,2019-05-03 19:00:00,2019-05-03 21:30:00,2.5,AVE,Turista,88.95,Promo,,{},2019-04-11 21:56:25
2074,renfe,MADRID,BARCELONA,2019-05-03 19:30:00,2019-05-03 22:40:00,3.17,AVE,Turista,75.4,Promo,,{},2019-04-11 21:56:25
2075,renfe,MADRID,BARCELONA,2019-05-03 20:30:00,2019-05-03 23:40:00,3.17,AVE,Turista,66.75,Promo,,{},2019-04-11 21:56:25
2076,renfe,MADRID,BARCELONA,2019-05-03 21:25:00,2019-05-03 23:55:00,2.5,AVE,Turista,75.4,Promo,,{},2019-04-11 21:56:25
2077,renfe,MADRID,BARCELONA,2019-05-03 10:30:00,2019-05-03 13:15:00,2.75,AVE,Turista,75.4,Promo,,{},2019-04-11 21:56:25
2078,renfe,MADRID,BARCELONA,2019-05-03 15:30:00,2019-05-03 18:40:00,3.17,AVE,Turista Plus,90.5,Promo,,{},2019-04-11 21:56:25
2079,renfe,MADRID,BARCELONA,2019-05-03 15:00:00,2019-05-03 17:30:00,2.5,AVE,Turista,100.4,Promo,,{},2019-04-11 21:56:25
2080,renfe,MADRID,BARCELONA,2019-05-03 17:00:00,2019-05-03 19:30:00,2.5,AVE,Turista,127.1,Flexible,,{},2019-04-11 21:56:25
2081,renfe,MADRID,BARCELONA,2019-05-03 06:30:00,2019-05-03 09:20:00,2.83,AVE,Turista,49.55,Promo,,{},2019-04-11 21:56:25
2082,renfe,MADRID,BARCELONA,2019-05-03 07:15:00,2019-05-03 16:37:00,9.37,R. EXPRES,Turista,43.25,Adulto ida,,{},2019-04-11 21:56:25
2083,renfe,MADRID,BARCELONA,2019-05-06 20:00:00,2019-05-06 22:30:00,2.5,AVE,Turista,68.65,Promo,,{},2019-04-11 21:56:41
2084,renfe,MADRID,BARCELONA,2019-05-06 05:50:00,2019-05-06 08:55:00,3.08,AVE,Turista,58.15,Promo,,{},2019-04-11 21:56:41
2085,renfe,MADRID,BARCELONA,2019-05-06 07:30:00,2019-05-06 10:40:00,3.17,AVE,Turista,85.1,Promo,,{},2019-04-11 21:56:41
2086,renfe,MADRID,BARCELONA,2019-05-06 06:10:00,2019-05-06 08:40:00,2.5,AVE,Turista Plus,80.15,Promo,,{},2019-04-11 21:56:41
2087,renfe,MADRID,BARCELONA,2019-05-06 08:20:00,2019-05-06 11:05:00,2.75,AVE,Turista,85.1,Promo,,{},2019-04-11 21:56:41
2088,renfe,MADRID,BARCELONA,2019-05-06 06:30:00,2019-05-06 09:20:00,2.83,AVE,Turista,85.1,Promo,,{},2019-04-11 21:56:41
2089,renfe,MADRID,BARCELONA,2019-05-06 09:30:00,2019-05-06 12:34:00,3.07,AVE,Turista,85.1,Promo,,{},2019-04-11 21:56:41
2090,renfe,MADRID,BARCELONA,2019-05-06 07:00:00,2019-05-06 09:30:00,2.5,AVE,Turista,100.4,Promo,,{},2019-04-11 21:56:41
2091,renfe,MADRID,BARCELONA,2019-05-06 07:00:00,2019-05-06 09:30:00,2.5,AVE,Turista,100.4,Promo,,{},2019-04-11 21:56:41
2092,renfe,MADRID,BARCELONA,2019-05-06 07:15:00,2019-05-06 16:37:00,9.37,R. EXPRES,Turista,43.25,Adulto ida,,{},2019-04-11 21:56:41
2093,renfe,MADRID,BARCELONA,2019-05-06 14:00:00,2019-05-06 16:30:00,2.5,AVE,Turista,78.8,Promo,,{},2019-04-11 21:56:41
2094,renfe,MADRID,BARCELONA,2019-05-06 07:20:00,2019-05-06 09:50:00,2.5,AVE,Turista,100.4,Promo,,{},2019-04-11 21:56:41
2095,renfe,MADRID,BARCELONA,2019-05-06 15:00:00,2019-05-06 17:30:00,2.5,AVE,Turista,78.8,Promo,,{},2019-04-11 21:56:41
2096,renfe,MADRID,BARCELONA,2019-05-06 07:30:00,2019-05-06 10:40:00,3.17,AVE,Turista,85.1,Promo,,{},2019-04-11 21:56:41
2097,renfe,MADRID,BARCELONA,2019-05-06 18:30:00,2019-05-06 21:20:00,2.83,AVE,Turista Plus,69.8,Promo,,{},2019-04-11 21:56:41
2098,renfe,MADRID,BARCELONA,2019-05-06 08:00:00,2019-05-06 10:30:00,2.5,AVE,Turista,100.4,Promo,,{},2019-04-11 21:56:41
2099,renfe,MADRID,BARCELONA,2019-05-06 15:30:00,2019-05-06 18:40:00,3.17,AVE,Turista Plus,80.15,Promo,,{},2019-04-11 21:56:41
2100,renfe,MADRID,BARCELONA,2019-05-06 08:20:00,2019-05-06 11:05:00,2.75,AVE,Turista,85.1,Promo,,{},2019-04-11 21:56:41
2101,renfe,MADRID,BARCELONA,2019-05-06 14:30:00,2019-05-06 17:21:00,2.85,AVE,Turista,75.4,Promo,,{},2019-04-11 21:56:41
2102,renfe,MADRID,BARCELONA,2019-05-06 08:30:00,2019-05-06 11:15:00,2.75,AVE,Turista,85.1,Promo,,{},2019-04-11 21:56:41
2103,renfe,MADRID,BARCELONA,2019-05-06 08:00:00,2019-05-06 10:30:00,2.5,AVE,Turista,100.4,Promo,,{},2019-04-11 21:56:41
2104,renfe,MADRID,BARCELONA,2019-05-06 09:30:00,2019-05-06 12:34:00,3.07,AVE,Turista,85.1,Promo,,{},2019-04-11 21:56:41
2105,renfe,MADRID,BARCELONA,2019-05-06 21:25:00,2019-05-06 23:55:00,2.5,AVE,Turista Plus,49.15,Promo,,{},2019-04-11 21:56:41
2106,renfe,MADRID,BARCELONA,2019-05-06 10:30:00,2019-05-06 13:15:00,2.75,AVE,Turista Plus,80.15,Promo,,{},2019-04-11 21:56:41
2107,renfe,MADRID,BARCELONA,2019-05-06 05:50:00,2019-05-06 08:55:00,3.08,AVE,Turista,58.15,Promo,,{},2019-04-11 21:56:41
2108,renfe,MADRID,BARCELONA,2019-05-06 11:30:00,2019-05-06 14:40:00,3.17,AVE,Turista,107.7,Flexible,,{},2019-04-11 21:56:41
2109,renfe,MADRID,BARCELONA,2019-05-06 10:30:00,2019-05-06 13:15:00,2.75,AVE,Turista Plus,80.15,Promo,,{},2019-04-11 21:56:41
2110,renfe,MADRID,BARCELONA,2019-05-06 12:30:00,2019-05-06 15:30:00,3.0,AVE,Turista Plus,90.5,Promo,,{},2019-04-11 21:56:41
2111,renfe,MADRID,BARCELONA,2019-05-06 06:10:00,2019-05-06 08:40:00,2.5,AVE,Turista Plus,80.15,Promo,,{},2019-04-11 21:56:41
2112,renfe,MADRID,BARCELONA,2019-05-06 13:25:00,2019-05-06 16:24:00,2.98,AVE-TGV,Turista Plus,90.5,Promo,,{},2019-04-11 21:56:41
2113,renfe,MADRID,BARCELONA,2019-05-06 20:30:00,2019-05-06 23:40:00,3.17,AVE,Turista,58.15,Promo,,{},2019-04-11 21:56:41
2114,renfe,MADRID,BARCELONA,2019-05-06 14:00:00,2019-05-06 16:30:00,2.5,AVE,Turista,78.8,Promo,,{},2019-04-11 21:56:41
2115,renfe,MADRID,BARCELONA,2019-05-06 11:30:00,2019-05-06 14:40:00,3.17,AVE,Turista,107.7,Flexible,,{},2019-04-11 21:56:41
2116,renfe,MADRID,BARCELONA,2019-05-06 14:30:00,2019-05-06 17:21:00,2.85,AVE,Turista,75.4,Promo,,{},2019-04-11 21:56:41
2117,renfe,MADRID,BARCELONA,2019-05-06 17:00:00,2019-05-06 19:30:00,2.5,AVE,Turista,88.95,Promo,,{},2019-04-11 21:56:41
2118,renfe,MADRID,BARCELONA,2019-05-06 15:00:00,2019-05-06 17:30:00,2.5,AVE,Turista,78.8,Promo,,{},2019-04-11 21:56:41
2119,renfe,MADRID,BARCELONA,2019-05-06 19:00:00,2019-05-06 21:30:00,2.5,AVE,Turista,100.4,Promo,,{},2019-04-11 21:56:41
2120,renfe,MADRID,BARCELONA,2019-05-06 15:30:00,2019-05-06 18:40:00,3.17,AVE,Turista Plus,80.15,Promo,,{},2019-04-11 21:56:41
2121,renfe,MADRID,BARCELONA,2019-05-06 06:30:00,2019-05-06 09:20:00,2.83,AVE,Turista,85.1,Promo,,{},2019-04-11 21:56:41
2122,renfe,MADRID,BARCELONA,2019-05-06 16:00:00,2019-05-06 18:30:00,2.5,AVE,Turista,88.95,Promo,,{},2019-04-11 21:56:41
2123,renfe,MADRID,BARCELONA,2019-05-06 16:30:00,2019-05-06 19:15:00,2.75,AVE,Preferente,83.5,Promo,,{},2019-04-11 21:56:41
2124,renfe,MADRID,BARCELONA,2019-05-06 17:00:00,2019-05-06 19:30:00,2.5,AVE,Turista,88.95,Promo,,{},2019-04-11 21:56:41
2125,renfe,MADRID,BARCELONA,2019-05-06 17:30:00,2019-05-06 20:40:00,3.17,AVE,Preferente,,Promo,,{},2019-04-11 21:56:41
2126,renfe,MADRID,BARCELONA,2019-05-06 18:00:00,2019-05-06 20:30:00,2.5,AVE,Turista,88.95,Promo,,{},2019-04-11 21:56:41
2127,renfe,MADRID,BARCELONA,2019-05-06 18:30:00,2019-05-06 21:20:00,2.83,AVE,Turista Plus,69.8,Promo,,{},2019-04-11 21:56:41
2128,renfe,MADRID,BARCELONA,2019-05-06 19:00:00,2019-05-06 21:30:00,2.5,AVE,Turista,100.4,Promo,,{},2019-04-11 21:56:41
2129,renfe,MADRID,BARCELONA,2019-05-06 19:30:00,2019-05-06 22:40:00,3.17,AVE,Turista Plus,59.5,Promo,,{},2019-04-11 21:56:41
2130,renfe,MADRID,BARCELONA,2019-05-06 20:00:00,2019-05-06 22:30:00,2.5,AVE,Turista,68.65,Promo,,{},2019-04-11 21:56:41
2131,renfe,MADRID,BARCELONA,2019-05-06 20:30:00,2019-05-06 23:40:00,3.17,AVE,Turista,58.15,Promo,,{},2019-04-11 21:56:41
2132,renfe,MADRID,BARCELONA,2019-05-06 21:25:00,2019-05-06 23:55:00,2.5,AVE,Turista Plus,49.15,Promo,,{},2019-04-11 21:56:41
2133,renfe,MADRID,BARCELONA,2019-05-06 19:30:00,2019-05-06 22:40:00,3.17,AVE,Turista Plus,59.5,Promo,,{},2019-04-11 21:56:41
2134,renfe,MADRID,BARCELONA,2019-05-06 08:30:00,2019-05-06 11:15:00,2.75,AVE,Turista,85.1,Promo,,{},2019-04-11 21:56:41
2135,renfe,MADRID,BARCELONA,2019-05-06 17:30:00,2019-05-06 20:40:00,3.17,AVE,Preferente,,Promo,,{},2019-04-11 21:56:41
2136,renfe,MADRID,BARCELONA,2019-05-06 13:25:00,2019-05-06 16:24:00,2.98,AVE-TGV,Turista Plus,90.5,Promo,,{},2019-04-11 21:56:41
2137,renfe,MADRID,BARCELONA,2019-05-06 07:15:00,2019-05-06 16:37:00,9.37,R. EXPRES,Turista,43.25,Adulto ida,,{},2019-04-11 21:56:41
2138,renfe,MADRID,BARCELONA,2019-05-06 18:00:00,2019-05-06 20:30:00,2.5,AVE,Turista,88.95,Promo,,{},2019-04-11 21:56:41
2139,renfe,MADRID,BARCELONA,2019-05-06 16:00:00,2019-05-06 18:30:00,2.5,AVE,Turista,88.95,Promo,,{},2019-04-11 21:56:41
2140,renfe,MADRID,BARCELONA,2019-05-06 12:30:00,2019-05-06 15:30:00,3.0,AVE,Turista Plus,90.5,Promo,,{},2019-04-11 21:56:41
2141,renfe,MADRID,BARCELONA,2019-05-06 07:20:00,2019-05-06 09:50:00,2.5,AVE,Turista,100.4,Promo,,{},2019-04-11 21:56:41
2142,renfe,MADRID,BARCELONA,2019-05-06 16:30:00,2019-05-06 19:15:00,2.75,AVE,Preferente,83.5,Promo,,{},2019-04-11 21:56:41
2143,renfe,MADRID,VALENCIA,2019-05-04 19:40:00,2019-05-04 21:29:00,1.82,AVE,Preferente,43.75,Promo,,{},2019-04-11 21:56:57
2144,renfe,MADRID,VALENCIA,2019-05-04 10:40:00,2019-05-04 12:20:00,1.67,AVE,Turista,33.65,Promo,,{},2019-04-11 21:56:57
2145,renfe,MADRID,VALENCIA,2019-05-04 11:55:00,2019-05-04 13:35:00,1.67,AVE,Turista,51.15,Promo,,{},2019-04-11 21:56:57
2146,renfe,MADRID,VALENCIA,2019-05-04 11:10:00,2019-05-04 13:25:00,2.25,INTERCITY,Turista,29.9,Promo,,{},2019-04-11 21:56:57
2147,renfe,MADRID,VALENCIA,2019-05-04 11:10:00,2019-05-04 13:25:00,2.25,INTERCITY,Turista,29.9,Promo,,{},2019-04-11 21:56:57
2148,renfe,MADRID,VALENCIA,2019-05-04 11:55:00,2019-05-04 13:35:00,1.67,AVE,Turista,51.15,Promo,,{},2019-04-11 21:56:57
2149,renfe,MADRID,VALENCIA,2019-05-04 10:40:00,2019-05-04 12:20:00,1.67,AVE,Turista,33.65,Promo,,{},2019-04-11 21:56:57
2150,renfe,MADRID,VALENCIA,2019-05-04 14:10:00,2019-05-04 16:03:00,1.88,AVE,Preferente,43.75,Promo,,{},2019-04-11 21:56:57
2151,renfe,MADRID,VALENCIA,2019-05-04 14:10:00,2019-05-04 16:03:00,1.88,AVE,Preferente,43.75,Promo,,{},2019-04-11 21:56:57
2152,renfe,MADRID,VALENCIA,2019-05-04 15:30:00,2019-05-04 22:31:00,7.02,AVE-MD,Turista con enlace,,Flexible,,{},2019-04-11 21:56:57
2153,renfe,MADRID,VALENCIA,2019-05-04 15:30:00,2019-05-04 22:31:00,7.02,AVE-MD,Turista con enlace,,Flexible,,{},2019-04-11 21:56:57
2154,renfe,MADRID,VALENCIA,2019-05-04 15:40:00,2019-05-04 17:22:00,1.7,AVE,Turista,45.3,Promo,,{},2019-04-11 21:56:57
2155,renfe,MADRID,VALENCIA,2019-05-04 21:10:00,2019-05-04 23:03:00,1.88,AVE,Turista,51.15,Promo,,{},2019-04-11 21:56:57
2156,renfe,MADRID,VALENCIA,2019-05-04 16:30:00,2019-05-04 22:47:00,6.28,REGIONAL,Turista,28.35,Adulto ida,,{},2019-04-11 21:56:57
2157,renfe,MADRID,VALENCIA,2019-05-04 16:30:00,2019-05-04 22:47:00,6.28,REGIONAL,Turista,28.35,Adulto ida,,{},2019-04-11 21:56:57
2158,renfe,MADRID,VALENCIA,2019-05-04 17:40:00,2019-05-04 19:20:00,1.67,AVE,Turista,51.15,Promo,,{},2019-04-11 21:56:57
2159,renfe,MADRID,VALENCIA,2019-05-04 08:40:00,2019-05-04 10:33:00,1.88,AVE,Turista,45.3,Promo,,{},2019-04-11 21:56:57
2160,renfe,MADRID,VALENCIA,2019-05-04 19:40:00,2019-05-04 21:29:00,1.82,AVE,Preferente,43.75,Promo,,{},2019-04-11 21:56:57
2161,renfe,MADRID,VALENCIA,2019-05-04 17:40:00,2019-05-04 19:20:00,1.67,AVE,Turista,51.15,Promo,,{},2019-04-11 21:56:57
2162,renfe,MADRID,VALENCIA,2019-05-04 21:10:00,2019-05-04 23:03:00,1.88,AVE,Turista,51.15,Promo,,{},2019-04-11 21:56:57
2163,renfe,MADRID,VALENCIA,2019-05-04 08:00:00,2019-05-04 14:10:00,6.17,REGIONAL,Turista,28.35,Adulto ida,,{},2019-04-11 21:56:57
2164,renfe,MADRID,VALENCIA,2019-05-04 08:40:00,2019-05-04 10:33:00,1.88,AVE,Turista,45.3,Promo,,{},2019-04-11 21:56:57
2165,renfe,MADRID,VALENCIA,2019-05-04 09:40:00,2019-05-04 11:24:00,1.73,AVE,Preferente,36.15,Promo,,{},2019-04-11 21:56:57
2166,renfe,MADRID,VALENCIA,2019-05-04 09:40:00,2019-05-04 11:24:00,1.73,AVE,Preferente,36.15,Promo,,{},2019-04-11 21:56:57
2167,renfe,MADRID,VALENCIA,2019-05-04 15:40:00,2019-05-04 17:22:00,1.7,AVE,Turista,45.3,Promo,,{},2019-04-11 21:56:57
2168,renfe,MADRID,VALENCIA,2019-05-04 08:00:00,2019-05-04 14:10:00,6.17,REGIONAL,Turista,28.35,Adulto ida,,{},2019-04-11 21:56:57
2169,renfe,MADRID,SEVILLA,2019-05-07 10:00:00,2019-05-07 12:32:00,2.53,AVE,Turista,76.3,Flexible,,{},2019-04-11 21:57:13
2170,renfe,MADRID,VALENCIA,2019-05-08 06:08:00,2019-05-08 12:55:00,6.78,REGIONAL,Turista,28.35,Adulto ida,,{},2019-04-11 21:57:13
2171,renfe,MADRID,VALENCIA,2019-05-08 07:40:00,2019-05-08 09:20:00,1.67,AVE,Preferente,66.55,Promo,,{},2019-04-11 21:57:13
2172,renfe,MADRID,VALENCIA,2019-05-08 06:45:00,2019-05-08 08:38:00,1.88,AVE,Turista,33.65,Promo,,{},2019-04-11 21:57:13
2173,renfe,MADRID,SEVILLA,2019-05-07 20:35:00,2019-05-07 23:15:00,2.67,AVE,Turista,53.4,Promo,,{},2019-04-11 21:57:13
2174,renfe,MADRID,VALENCIA,2019-05-08 07:40:00,2019-05-08 09:20:00,1.67,AVE,Preferente,66.55,Promo,,{},2019-04-11 21:57:13
2175,renfe,MADRID,VALENCIA,2019-05-08 11:10:00,2019-05-08 13:25:00,2.25,INTERCITY,Turista,29.9,Promo,,{},2019-04-11 21:57:13
2176,renfe,MADRID,VALENCIA,2019-05-08 09:10:00,2019-05-08 10:58:00,1.8,AVE,Turista,51.15,Promo,,{},2019-04-11 21:57:13
2177,renfe,MADRID,SEVILLA,2019-05-07 13:30:00,2019-05-07 16:05:00,2.58,ALVIA,Turista,,Promo,,{},2019-04-11 21:57:13
2178,renfe,MADRID,VALENCIA,2019-05-08 09:40:00,2019-05-08 11:24:00,1.73,AVE,Turista,39.45,Promo,,{},2019-04-11 21:57:13
2179,renfe,MADRID,SEVILLA,2019-05-07 17:00:00,2019-05-07 19:38:00,2.63,AVE,Turista,47.3,Promo,,{},2019-04-11 21:57:13
2180,renfe,MADRID,VALENCIA,2019-05-08 10:40:00,2019-05-08 12:20:00,1.67,AVE,Turista,39.45,Promo,,{},2019-04-11 21:57:13
2181,renfe,MADRID,SEVILLA,2019-05-07 06:20:00,2019-05-07 09:16:00,2.93,AV City,Turista,43.55,Promo,,{},2019-04-11 21:57:13
2182,renfe,MADRID,VALENCIA,2019-05-08 11:10:00,2019-05-08 13:25:00,2.25,INTERCITY,Turista,29.9,Promo,,{},2019-04-11 21:57:13
2183,renfe,MADRID,SEVILLA,2019-05-07 16:30:00,2019-05-07 18:51:00,2.35,AVE,Turista,47.3,Promo,,{},2019-04-11 21:57:13
2184,renfe,MADRID,VALENCIA,2019-05-08 11:55:00,2019-05-08 13:35:00,1.67,AVE,Turista,27.8,Promo,,{},2019-04-11 21:57:13
2185,renfe,MADRID,SEVILLA,2019-05-07 13:10:00,2019-05-07 20:51:00,7.68,MD-LD,Turista,,Promo,,{},2019-04-11 21:57:13
2186,renfe,MADRID,VALENCIA,2019-05-08 12:21:00,2019-05-08 19:04:00,6.72,REGIONAL,Turista,28.35,Adulto ida,,{},2019-04-11 21:57:13
2187,renfe,MADRID,SEVILLA,2019-05-07 15:00:00,2019-05-07 17:21:00,2.35,AVE,Turista,47.3,Promo,,{},2019-04-11 21:57:13
2188,renfe,MADRID,VALENCIA,2019-05-08 12:40:00,2019-05-08 14:20:00,1.67,AVE,Turista,21.95,Promo,,{},2019-04-11 21:57:13
2189,renfe,MADRID,VALENCIA,2019-05-08 15:10:00,2019-05-08 16:52:00,1.7,AVE,Turista,27.8,Promo,,{},2019-04-11 21:57:13
2190,renfe,MADRID,VALENCIA,2019-05-08 14:10:00,2019-05-08 16:03:00,1.88,AVE,Turista,33.65,Promo,,{},2019-04-11 21:57:13
2191,renfe,MADRID,SEVILLA,2019-05-07 09:00:00,2019-05-07 11:38:00,2.63,AVE,Turista,76.3,Flexible,,{},2019-04-11 21:57:13
2192,renfe,MADRID,VALENCIA,2019-05-08 15:10:00,2019-05-08 16:52:00,1.7,AVE,Turista,27.8,Promo,,{},2019-04-11 21:57:13
2193,renfe,MADRID,SEVILLA,2019-05-07 12:00:00,2019-05-07 14:32:00,2.53,AVE,Turista,53.4,Promo,,{},2019-04-11 21:57:13
2194,renfe,MADRID,VALENCIA,2019-05-08 15:30:00,2019-05-08 22:31:00,7.02,AVE-MD,Turista con enlace,,Flexible,,{},2019-04-11 21:57:13
2195,renfe,MADRID,VALENCIA,2019-05-08 18:40:00,2019-05-08 20:20:00,1.67,AVE,Turista,51.15,Promo,,{},2019-04-11 21:57:13
2196,renfe,MADRID,VALENCIA,2019-05-08 15:40:00,2019-05-08 17:22:00,1.7,AVE,Turista,45.3,Promo,,{},2019-04-11 21:57:13
2197,renfe,MADRID,VALENCIA,2019-05-08 12:40:00,2019-05-08 14:20:00,1.67,AVE,Turista,21.95,Promo,,{},2019-04-11 21:57:13
2198,renfe,MADRID,VALENCIA,2019-05-08 16:05:00,2019-05-08 22:47:00,6.7,REGIONAL,Turista,28.35,Adulto ida,,{},2019-04-11 21:57:13
2199,renfe,MADRID,VALENCIA,2019-05-08 15:40:00,2019-05-08 17:22:00,1.7,AVE,Turista,45.3,Promo,,{},2019-04-11 21:57:13
2200,renfe,MADRID,VALENCIA,2019-05-08 16:45:00,2019-05-08 18:50:00,2.08,ALVIA,Preferente,46.15,Promo,,{},2019-04-11 21:57:13
2201,renfe,MADRID,VALENCIA,2019-05-08 17:40:00,2019-05-08 19:20:00,1.67,AVE,Turista,51.15,Promo,,{},2019-04-11 21:57:13
2202,renfe,MADRID,VALENCIA,2019-05-08 16:55:00,2019-05-08 21:58:00,5.05,AVE-LD,Turista con enlace,33.65,Promo,,{},2019-04-11 21:57:13
2203,renfe,MADRID,SEVILLA,2019-05-07 08:30:00,2019-05-07 11:14:00,2.73,ALVIA,Turista,,Flexible,,{},2019-04-11 21:57:13
2204,renfe,MADRID,VALENCIA,2019-05-08 17:40:00,2019-05-08 19:20:00,1.67,AVE,Turista,51.15,Promo,,{},2019-04-11 21:57:13
2205,renfe,MADRID,SEVILLA,2019-05-07 18:35:00,2019-05-07 21:08:00,2.55,ALVIA,Turista,67.2,Flexible,,{},2019-04-11 21:57:13
2206,renfe,MADRID,VALENCIA,2019-05-08 17:48:00,2019-05-08 21:58:00,4.17,INTERCITY,Turista,17.15,Promo,,{},2019-04-11 21:57:13
2207,renfe,MADRID,VALENCIA,2019-05-08 17:48:00,2019-05-08 21:58:00,4.17,INTERCITY,Turista,17.15,Promo,,{},2019-04-11 21:57:13
2208,renfe,MADRID,VALENCIA,2019-05-08 18:40:00,2019-05-08 20:20:00,1.67,AVE,Turista,51.15,Promo,,{},2019-04-11 21:57:13
2209,renfe,MADRID,VALENCIA,2019-05-08 16:05:00,2019-05-08 22:47:00,6.7,REGIONAL,Turista,28.35,Adulto ida,,{},2019-04-11 21:57:13
2210,renfe,MADRID,VALENCIA,2019-05-08 19:40:00,2019-05-08 21:29:00,1.82,AVE,Turista,45.3,Promo,,{},2019-04-11 21:57:13
2211,renfe,MADRID,SEVILLA,2019-05-07 11:05:00,2019-05-07 13:41:00,2.6,ALVIA,Turista,,Promo,,{},2019-04-11 21:57:13
2212,renfe,MADRID,VALENCIA,2019-05-08 20:40:00,2019-05-08 22:24:00,1.73,AVE,Turista,33.65,Promo,,{},2019-04-11 21:57:13
2213,renfe,MADRID,VALENCIA,2019-05-08 19:40:00,2019-05-08 21:29:00,1.82,AVE,Turista,45.3,Promo,,{},2019-04-11 21:57:13
2214,renfe,MADRID,VALENCIA,2019-05-08 21:10:00,2019-05-08 23:03:00,1.88,AVE,Turista,27.8,Promo,,{},2019-04-11 21:57:13
2215,renfe,MADRID,SEVILLA,2019-05-07 14:00:00,2019-05-07 16:32:00,2.53,AVE,Turista,47.3,Promo,,{},2019-04-11 21:57:13
2216,renfe,MADRID,SEVILLA,2019-05-07 06:20:00,2019-05-07 09:16:00,2.93,AV City,Turista,43.55,Promo,,{},2019-04-11 21:57:13
2217,renfe,MADRID,SEVILLA,2019-05-07 21:25:00,2019-05-08 00:10:00,2.75,AV City,Turista,43.55,Promo,,{},2019-04-11 21:57:13
2218,renfe,MADRID,SEVILLA,2019-05-07 08:00:00,2019-05-07 10:32:00,2.53,AVE,Turista,76.3,Flexible,,{},2019-04-11 21:57:13
2219,renfe,MADRID,VALENCIA,2019-05-08 06:45:00,2019-05-08 08:38:00,1.88,AVE,Turista,33.65,Promo,,{},2019-04-11 21:57:13
2220,renfe,MADRID,SEVILLA,2019-05-07 08:30:00,2019-05-07 11:14:00,2.73,ALVIA,Turista,,Flexible,,{},2019-04-11 21:57:13
2221,renfe,MADRID,VALENCIA,2019-05-08 14:10:00,2019-05-08 16:03:00,1.88,AVE,Turista,33.65,Promo,,{},2019-04-11 21:57:13
2222,renfe,MADRID,SEVILLA,2019-05-07 09:00:00,2019-05-07 11:38:00,2.63,AVE,Turista,76.3,Flexible,,{},2019-04-11 21:57:13
2223,renfe,MADRID,VALENCIA,2019-05-08 20:40:00,2019-05-08 22:24:00,1.73,AVE,Turista,33.65,Promo,,{},2019-04-11 21:57:13
2224,renfe,MADRID,SEVILLA,2019-05-07 09:45:00,2019-05-07 12:27:00,2.7,INTERCITY,Turista,62.2,Flexible,,{},2019-04-11 21:57:13
2225,renfe,MADRID,VALENCIA,2019-05-08 11:55:00,2019-05-08 13:35:00,1.67,AVE,Turista,27.8,Promo,,{},2019-04-11 21:57:13
2226,renfe,MADRID,SEVILLA,2019-05-07 10:00:00,2019-05-07 12:32:00,2.53,AVE,Turista,76.3,Flexible,,{},2019-04-11 21:57:13
2227,renfe,MADRID,SEVILLA,2019-05-07 09:45:00,2019-05-07 12:27:00,2.7,INTERCITY,Turista,62.2,Flexible,,{},2019-04-11 21:57:13
2228,renfe,MADRID,SEVILLA,2019-05-07 11:00:00,2019-05-07 13:32:00,2.53,AVE,Turista,60.3,Promo,,{},2019-04-11 21:57:13
2229,renfe,MADRID,VALENCIA,2019-05-08 10:40:00,2019-05-08 12:20:00,1.67,AVE,Turista,39.45,Promo,,{},2019-04-11 21:57:13
2230,renfe,MADRID,SEVILLA,2019-05-07 11:05:00,2019-05-07 13:41:00,2.6,ALVIA,Turista,,Promo,,{},2019-04-11 21:57:13
2231,renfe,MADRID,VALENCIA,2019-05-08 16:55:00,2019-05-08 21:58:00,5.05,AVE-LD,Turista con enlace,33.65,Promo,,{},2019-04-11 21:57:13
2232,renfe,MADRID,SEVILLA,2019-05-07 12:00:00,2019-05-07 14:32:00,2.53,AVE,Turista,53.4,Promo,,{},2019-04-11 21:57:13
2233,renfe,MADRID,SEVILLA,2019-05-07 08:00:00,2019-05-07 10:32:00,2.53,AVE,Turista,76.3,Flexible,,{},2019-04-11 21:57:13
2234,renfe,MADRID,SEVILLA,2019-05-07 13:00:00,2019-05-07 15:40:00,2.67,AVE,Turista,47.3,Promo,,{},2019-04-11 21:57:13
2235,renfe,MADRID,VALENCIA,2019-05-08 15:30:00,2019-05-08 22:31:00,7.02,AVE-MD,Turista con enlace,,Flexible,,{},2019-04-11 21:57:13
2236,renfe,MADRID,SEVILLA,2019-05-07 13:10:00,2019-05-07 20:51:00,7.68,MD-LD,Turista,,Promo,,{},2019-04-11 21:57:13
2237,renfe,MADRID,SEVILLA,2019-05-07 13:00:00,2019-05-07 15:40:00,2.67,AVE,Turista,47.3,Promo,,{},2019-04-11 21:57:13
2238,renfe,MADRID,SEVILLA,2019-05-07 13:30:00,2019-05-07 16:05:00,2.58,ALVIA,Turista,,Promo,,{},2019-04-11 21:57:13
2239,renfe,MADRID,VALENCIA,2019-05-08 21:10:00,2019-05-08 23:03:00,1.88,AVE,Turista,27.8,Promo,,{},2019-04-11 21:57:13
2240,renfe,MADRID,SEVILLA,2019-05-07 14:00:00,2019-05-07 16:32:00,2.53,AVE,Turista,47.3,Promo,,{},2019-04-11 21:57:13
2241,renfe,MADRID,SEVILLA,2019-05-07 15:00:00,2019-05-07 17:21:00,2.35,AVE,Turista,47.3,Promo,,{},2019-04-11 21:57:13
2242,renfe,MADRID,SEVILLA,2019-05-07 16:00:00,2019-05-07 18:30:00,2.5,AVE,Preferente,69.4,Promo,,{},2019-04-11 21:57:13
2243,renfe,MADRID,SEVILLA,2019-05-07 16:30:00,2019-05-07 18:51:00,2.35,AVE,Turista,47.3,Promo,,{},2019-04-11 21:57:13
2244,renfe,MADRID,SEVILLA,2019-05-07 17:00:00,2019-05-07 19:38:00,2.63,AVE,Turista,47.3,Promo,,{},2019-04-11 21:57:13
2245,renfe,MADRID,SEVILLA,2019-05-07 18:00:00,2019-05-07 20:32:00,2.53,AVE,Turista,60.3,Promo,,{},2019-04-11 21:57:13
2246,renfe,MADRID,SEVILLA,2019-05-07 18:35:00,2019-05-07 21:08:00,2.55,ALVIA,Turista,67.2,Flexible,,{},2019-04-11 21:57:13
2247,renfe,MADRID,SEVILLA,2019-05-07 19:00:00,2019-05-07 21:38:00,2.63,AVE,Preferente,69.4,Promo,,{},2019-04-11 21:57:13
2248,renfe,MADRID,SEVILLA,2019-05-07 20:35:00,2019-05-07 23:15:00,2.67,AVE,Turista,53.4,Promo,,{},2019-04-11 21:57:13
2249,renfe,MADRID,SEVILLA,2019-05-07 21:25:00,2019-05-08 00:10:00,2.75,AV City,Turista,43.55,Promo,,{},2019-04-11 21:57:13
2250,renfe,MADRID,VALENCIA,2019-05-08 09:10:00,2019-05-08 10:58:00,1.8,AVE,Turista,51.15,Promo,,{},2019-04-11 21:57:13
2251,renfe,MADRID,SEVILLA,2019-05-07 19:00:00,2019-05-07 21:38:00,2.63,AVE,Preferente,69.4,Promo,,{},2019-04-11 21:57:13
2252,renfe,MADRID,VALENCIA,2019-05-08 06:08:00,2019-05-08 12:55:00,6.78,REGIONAL,Turista,28.35,Adulto ida,,{},2019-04-11 21:57:13
2253,renfe,MADRID,VALENCIA,2019-05-08 12:21:00,2019-05-08 19:04:00,6.72,REGIONAL,Turista,28.35,Adulto ida,,{},2019-04-11 21:57:13
2254,renfe,MADRID,SEVILLA,2019-05-07 18:00:00,2019-05-07 20:32:00,2.53,AVE,Turista,60.3,Promo,,{},2019-04-11 21:57:13
2255,renfe,MADRID,SEVILLA,2019-05-07 11:00:00,2019-05-07 13:32:00,2.53,AVE,Turista,60.3,Promo,,{},2019-04-11 21:57:13
2256,renfe,MADRID,SEVILLA,2019-05-07 16:00:00,2019-05-07 18:30:00,2.5,AVE,Preferente,69.4,Promo,,{},2019-04-11 21:57:13
2257,renfe,MADRID,VALENCIA,2019-05-08 09:40:00,2019-05-08 11:24:00,1.73,AVE,Turista,39.45,Promo,,{},2019-04-11 21:57:13
2258,renfe,MADRID,VALENCIA,2019-05-08 16:45:00,2019-05-08 18:50:00,2.08,ALVIA,Preferente,46.15,Promo,,{},2019-04-11 21:57:13
2259,renfe,MADRID,VALENCIA,2019-05-16 18:40:00,2019-05-16 20:20:00,1.67,AVE,Turista,57.75,Promo,,{},2019-04-11 21:57:29
2260,renfe,MADRID,VALENCIA,2019-05-16 06:08:00,2019-05-16 12:55:00,6.78,REGIONAL,Turista,28.35,Adulto ida,,{},2019-04-11 21:57:29
2261,renfe,MADRID,VALENCIA,2019-05-16 21:10:00,2019-05-16 23:03:00,1.88,AVE,Turista,33.65,Promo,,{},2019-04-11 21:57:29
2262,renfe,MADRID,VALENCIA,2019-05-16 06:45:00,2019-05-16 08:38:00,1.88,AVE,Turista,21.95,Promo,,{},2019-04-11 21:57:29
2263,renfe,MADRID,VALENCIA,2019-05-16 15:10:00,2019-05-16 16:52:00,1.7,AVE,Turista,33.65,Promo,,{},2019-04-11 21:57:29
2264,renfe,MADRID,VALENCIA,2019-05-16 07:40:00,2019-05-16 09:20:00,1.67,AVE,Turista,57.75,Promo,,{},2019-04-11 21:57:29
2265,renfe,MADRID,VALENCIA,2019-05-16 12:21:00,2019-05-16 19:04:00,6.72,REGIONAL,Turista,28.35,Adulto ida,,{},2019-04-11 21:57:29
2266,renfe,MADRID,VALENCIA,2019-05-16 09:10:00,2019-05-16 10:58:00,1.8,AVE,Turista,51.15,Promo,,{},2019-04-11 21:57:29
2267,renfe,MADRID,VALENCIA,2019-05-16 16:55:00,2019-05-16 21:58:00,5.05,AVE-LD,Turista con enlace,39.25,Promo,,{},2019-04-11 21:57:29
2268,renfe,MADRID,VALENCIA,2019-05-16 09:40:00,2019-05-16 11:24:00,1.73,AVE,Turista,39.45,Promo,,{},2019-04-11 21:57:29
2269,renfe,MADRID,VALENCIA,2019-05-16 11:10:00,2019-05-16 13:25:00,2.25,INTERCITY,Turista,29.9,Promo,,{},2019-04-11 21:57:29
2270,renfe,MADRID,VALENCIA,2019-05-16 10:40:00,2019-05-16 12:20:00,1.67,AVE,Turista,21.95,Promo,,{},2019-04-11 21:57:29
2271,renfe,MADRID,VALENCIA,2019-05-16 20:40:00,2019-05-16 22:24:00,1.73,AVE,Turista,57.75,Promo,,{},2019-04-11 21:57:29
2272,renfe,MADRID,VALENCIA,2019-05-16 11:10:00,2019-05-16 13:25:00,2.25,INTERCITY,Turista,29.9,Promo,,{},2019-04-11 21:57:29
2273,renfe,MADRID,VALENCIA,2019-05-16 07:40:00,2019-05-16 09:20:00,1.67,AVE,Turista,57.75,Promo,,{},2019-04-11 21:57:29
2274,renfe,MADRID,VALENCIA,2019-05-16 11:55:00,2019-05-16 13:35:00,1.67,AVE,Turista,21.95,Promo,,{},2019-04-11 21:57:29
2275,renfe,MADRID,VALENCIA,2019-05-16 15:30:00,2019-05-16 22:31:00,7.02,AVE-MD,Turista con enlace,,Flexible,,{},2019-04-11 21:57:29
2276,renfe,MADRID,VALENCIA,2019-05-16 12:21:00,2019-05-16 19:04:00,6.72,REGIONAL,Turista,28.35,Adulto ida,,{},2019-04-11 21:57:29
2277,renfe,MADRID,VALENCIA,2019-05-16 09:40:00,2019-05-16 11:24:00,1.73,AVE,Turista,39.45,Promo,,{},2019-04-11 21:57:29
2278,renfe,MADRID,VALENCIA,2019-05-16 12:40:00,2019-05-16 14:20:00,1.67,AVE,Turista,33.65,Promo,,{},2019-04-11 21:57:29
2279,renfe,MADRID,VALENCIA,2019-05-16 17:40:00,2019-05-16 19:20:00,1.67,AVE,Turista,57.75,Promo,,{},2019-04-11 21:57:29
2280,renfe,MADRID,VALENCIA,2019-05-16 14:10:00,2019-05-16 16:03:00,1.88,AVE,Turista,33.65,Promo,,{},2019-04-11 21:57:29
2281,renfe,MADRID,VALENCIA,2019-05-16 06:45:00,2019-05-16 08:38:00,1.88,AVE,Turista,21.95,Promo,,{},2019-04-11 21:57:29
2282,renfe,MADRID,VALENCIA,2019-05-16 15:10:00,2019-05-16 16:52:00,1.7,AVE,Turista,33.65,Promo,,{},2019-04-11 21:57:29
2283,renfe,MADRID,VALENCIA,2019-05-16 14:10:00,2019-05-16 16:03:00,1.88,AVE,Turista,33.65,Promo,,{},2019-04-11 21:57:29
2284,renfe,MADRID,VALENCIA,2019-05-16 15:30:00,2019-05-16 22:31:00,7.02,AVE-MD,Turista con enlace,,Flexible,,{},2019-04-11 21:57:29
2285,renfe,MADRID,VALENCIA,2019-05-16 19:40:00,2019-05-16 21:29:00,1.82,AVE,Turista,45.3,Promo,,{},2019-04-11 21:57:29
2286,renfe,MADRID,VALENCIA,2019-05-16 15:40:00,2019-05-16 17:22:00,1.7,AVE,Turista,57.75,Promo,,{},2019-04-11 21:57:29
2287,renfe,MADRID,VALENCIA,2019-05-16 16:05:00,2019-05-16 22:47:00,6.7,REGIONAL,Turista,28.35,Adulto ida,,{},2019-04-11 21:57:29
2288,renfe,MADRID,VALENCIA,2019-05-16 16:45:00,2019-05-16 18:50:00,2.08,ALVIA,Turista,,Flexible,,{},2019-04-11 21:57:29
2289,renfe,MADRID,VALENCIA,2019-05-16 16:55:00,2019-05-16 21:58:00,5.05,AVE-LD,Turista con enlace,39.25,Promo,,{},2019-04-11 21:57:29
2290,renfe,MADRID,VALENCIA,2019-05-16 17:40:00,2019-05-16 19:20:00,1.67,AVE,Turista,57.75,Promo,,{},2019-04-11 21:57:29
2291,renfe,MADRID,VALENCIA,2019-05-16 17:48:00,2019-05-16 21:58:00,4.17,INTERCITY,Turista,21.45,Promo,,{},2019-04-11 21:57:29
2292,renfe,MADRID,VALENCIA,2019-05-16 18:40:00,2019-05-16 20:20:00,1.67,AVE,Turista,57.75,Promo,,{},2019-04-11 21:57:29
2293,renfe,MADRID,VALENCIA,2019-05-16 19:40:00,2019-05-16 21:29:00,1.82,AVE,Turista,45.3,Promo,,{},2019-04-11 21:57:29
2294,renfe,MADRID,VALENCIA,2019-05-16 20:40:00,2019-05-16 22:24:00,1.73,AVE,Turista,57.75,Promo,,{},2019-04-11 21:57:29
2295,renfe,MADRID,VALENCIA,2019-05-16 21:10:00,2019-05-16 23:03:00,1.88,AVE,Turista,33.65,Promo,,{},2019-04-11 21:57:29
2296,renfe,MADRID,VALENCIA,2019-05-16 12:40:00,2019-05-16 14:20:00,1.67,AVE,Turista,33.65,Promo,,{},2019-04-11 21:57:29
2297,renfe,MADRID,VALENCIA,2019-05-16 15:40:00,2019-05-16 17:22:00,1.7,AVE,Turista,57.75,Promo,,{},2019-04-11 21:57:29
2298,renfe,MADRID,VALENCIA,2019-05-16 09:10:00,2019-05-16 10:58:00,1.8,AVE,Turista,51.15,Promo,,{},2019-04-11 21:57:29
2299,renfe,MADRID,VALENCIA,2019-05-16 10:40:00,2019-05-16 12:20:00,1.67,AVE,Turista,21.95,Promo,,{},2019-04-11 21:57:29
2300,renfe,MADRID,VALENCIA,2019-05-16 17:48:00,2019-05-16 21:58:00,4.17,INTERCITY,Turista,21.45,Promo,,{},2019-04-11 21:57:29
2301,renfe,MADRID,VALENCIA,2019-05-16 16:45:00,2019-05-16 18:50:00,2.08,ALVIA,Turista,,Flexible,,{},2019-04-11 21:57:29
2302,renfe,MADRID,VALENCIA,2019-05-16 11:55:00,2019-05-16 13:35:00,1.67,AVE,Turista,21.95,Promo,,{},2019-04-11 21:57:29
2303,renfe,MADRID,VALENCIA,2019-05-16 06:08:00,2019-05-16 12:55:00,6.78,REGIONAL,Turista,28.35,Adulto ida,,{},2019-04-11 21:57:29
2304,renfe,MADRID,VALENCIA,2019-05-16 16:05:00,2019-05-16 22:47:00,6.7,REGIONAL,Turista,28.35,Adulto ida,,{},2019-04-11 21:57:29
2305,renfe,MADRID,SEVILLA,2019-05-14 14:00:00,2019-05-14 16:32:00,2.53,AVE,Turista,60.3,Promo,,{},2019-04-11 21:57:45
2306,renfe,MADRID,BARCELONA,2019-04-15 05:50:00,2019-04-15 08:55:00,3.08,AVE,Turista,66.75,Promo,,{},2019-04-11 21:57:45
2307,renfe,MADRID,BARCELONA,2019-04-15 14:30:00,2019-04-15 17:21:00,2.85,AVE,Turista,107.7,Flexible,,{},2019-04-11 21:57:45
2308,renfe,MADRID,BARCELONA,2019-04-15 06:10:00,2019-04-15 08:40:00,2.5,AVE,Turista,75.4,Promo,,{},2019-04-11 21:57:45
2309,renfe,MADRID,SEVILLA,2019-05-14 15:00:00,2019-05-14 17:21:00,2.35,AVE,Turista,47.3,Promo,,{},2019-04-11 21:57:45
2310,renfe,MADRID,BARCELONA,2019-04-15 06:30:00,2019-04-15 09:20:00,2.83,AVE,Preferente,,Promo,,{},2019-04-11 21:57:45
2311,renfe,MADRID,SEVILLA,2019-05-14 11:05:00,2019-05-14 13:41:00,2.6,ALVIA,Turista,,Promo,,{},2019-04-11 21:57:45
2312,renfe,MADRID,BARCELONA,2019-04-15 07:00:00,2019-04-15 09:30:00,2.5,AVE,Turista,100.4,Promo,,{},2019-04-11 21:57:45
2313,renfe,MADRID,BARCELONA,2019-04-15 14:00:00,2019-04-15 16:30:00,2.5,AVE,Turista,100.4,Promo,,{},2019-04-11 21:57:45
2314,renfe,MADRID,BARCELONA,2019-04-15 07:15:00,2019-04-15 16:37:00,9.37,R. EXPRES,Turista,43.25,Adulto ida,,{},2019-04-11 21:57:45
2315,renfe,MADRID,SEVILLA,2019-05-14 08:30:00,2019-05-14 11:14:00,2.73,ALVIA,Turista,,Promo,,{},2019-04-11 21:57:45
2316,renfe,MADRID,BARCELONA,2019-04-15 07:30:00,2019-04-15 10:40:00,3.17,AVE,Preferente,,Promo,,{},2019-04-11 21:57:45
2317,renfe,MADRID,SEVILLA,2019-05-14 13:10:00,2019-05-14 20:51:00,7.68,MD-LD,Preferente,,Promo,,{},2019-04-11 21:57:45
2318,renfe,MADRID,BARCELONA,2019-04-15 08:00:00,2019-04-15 10:30:00,2.5,AVE,Turista,100.4,Promo,,{},2019-04-11 21:57:45
2319,renfe,MADRID,SEVILLA,2019-05-14 16:30:00,2019-05-14 18:51:00,2.35,AVE,Turista,47.3,Promo,,{},2019-04-11 21:57:45
2320,renfe,MADRID,BARCELONA,2019-04-15 08:30:00,2019-04-15 11:15:00,2.75,AVE,Turista,107.7,Flexible,,{},2019-04-11 21:57:45
2321,renfe,MADRID,SEVILLA,2019-05-14 09:00:00,2019-05-14 11:38:00,2.63,AVE,Turista,53.4,Promo,,{},2019-04-11 21:57:45
2322,renfe,MADRID,BARCELONA,2019-04-15 09:30:00,2019-04-15 12:34:00,3.07,AVE,Turista Plus,,Promo,,{},2019-04-11 21:57:45
2323,renfe,MADRID,SEVILLA,2019-05-14 08:00:00,2019-05-14 10:32:00,2.53,AVE,Turista,76.3,Flexible,,{},2019-04-11 21:57:45
2324,renfe,MADRID,BARCELONA,2019-04-15 10:30:00,2019-04-15 13:15:00,2.75,AVE,Turista Plus,90.5,Promo,,{},2019-04-11 21:57:45
2325,renfe,MADRID,BARCELONA,2019-04-15 07:30:00,2019-04-15 10:40:00,3.17,AVE,Preferente,,Promo,,{},2019-04-11 21:57:45
2326,renfe,MADRID,BARCELONA,2019-04-15 11:30:00,2019-04-15 14:40:00,3.17,AVE,Turista,107.7,Flexible,,{},2019-04-11 21:57:45
2327,renfe,MADRID,BARCELONA,2019-04-15 12:30:00,2019-04-15 15:30:00,3.0,AVE,Turista,107.7,Flexible,,{},2019-04-11 21:57:45
2328,renfe,MADRID,BARCELONA,2019-04-15 12:30:00,2019-04-15 15:30:00,3.0,AVE,Turista,107.7,Flexible,,{},2019-04-11 21:57:45
2329,renfe,MADRID,BARCELONA,2019-04-15 08:00:00,2019-04-15 10:30:00,2.5,AVE,Turista,100.4,Promo,,{},2019-04-11 21:57:45
2330,renfe,MADRID,BARCELONA,2019-04-15 13:25:00,2019-04-15 16:24:00,2.98,AVE-TGV,Turista,107.7,Flexible,,{},2019-04-11 21:57:45
2331,renfe,MADRID,BARCELONA,2019-04-15 09:30:00,2019-04-15 12:34:00,3.07,AVE,Turista Plus,,Promo,,{},2019-04-11 21:57:45
2332,renfe,MADRID,BARCELONA,2019-04-15 14:00:00,2019-04-15 16:30:00,2.5,AVE,Turista,100.4,Promo,,{},2019-04-11 21:57:45
2333,renfe,MADRID,BARCELONA,2019-04-15 06:10:00,2019-04-15 08:40:00,2.5,AVE,Turista,75.4,Promo,,{},2019-04-11 21:57:45
2334,renfe,MADRID,BARCELONA,2019-04-15 14:30:00,2019-04-15 17:21:00,2.85,AVE,Turista,107.7,Flexible,,{},2019-04-11 21:57:45
2335,renfe,MADRID,BARCELONA,2019-04-15 16:30:00,2019-04-15 19:15:00,2.75,AVE,Preferente,,Promo,,{},2019-04-11 21:57:45
2336,renfe,MADRID,BARCELONA,2019-04-15 15:30:00,2019-04-15 18:40:00,3.17,AVE,Turista,107.7,Flexible,,{},2019-04-11 21:57:45
2337,renfe,MADRID,SEVILLA,2019-05-14 17:00:00,2019-05-14 19:38:00,2.63,AVE,Preferente,69.4,Promo,,{},2019-04-11 21:57:45
2338,renfe,MADRID,BARCELONA,2019-04-15 16:30:00,2019-04-15 19:15:00,2.75,AVE,Preferente,,Promo,,{},2019-04-11 21:57:45
2339,renfe,MADRID,SEVILLA,2019-05-14 21:25:00,2019-05-15 00:10:00,2.75,AV City,Turista,43.55,Promo,,{},2019-04-11 21:57:45
2340,renfe,MADRID,BARCELONA,2019-04-15 17:00:00,2019-04-15 19:30:00,2.5,AVE,Preferente,115.65,Promo,,{},2019-04-11 21:57:45
2341,renfe,MADRID,SEVILLA,2019-05-14 06:20:00,2019-05-14 09:16:00,2.93,AV City,Turista,38.55,Promo,,{},2019-04-11 21:57:45
2342,renfe,MADRID,BARCELONA,2019-04-15 17:30:00,2019-04-15 20:40:00,3.17,AVE,Turista,75.4,Promo,,{},2019-04-11 21:57:45
2343,renfe,MADRID,BARCELONA,2019-04-15 05:50:00,2019-04-15 08:55:00,3.08,AVE,Turista,66.75,Promo,,{},2019-04-11 21:57:45
2344,renfe,MADRID,BARCELONA,2019-04-15 18:30:00,2019-04-15 21:20:00,2.83,AVE,Turista Plus,90.5,Promo,,{},2019-04-11 21:57:45
2345,renfe,MADRID,SEVILLA,2019-05-14 07:30:00,2019-05-14 09:51:00,2.35,AVE,Turista,60.3,Promo,,{},2019-04-11 21:57:45
2346,renfe,MADRID,BARCELONA,2019-04-15 19:00:00,2019-04-15 21:30:00,2.5,AVE,Preferente,115.65,Promo,,{},2019-04-11 21:57:45
2347,renfe,MADRID,SEVILLA,2019-05-14 11:00:00,2019-05-14 13:32:00,2.53,AVE,Turista,53.4,Promo,,{},2019-04-11 21:57:45
2348,renfe,MADRID,BARCELONA,2019-04-15 19:30:00,2019-04-15 22:40:00,3.17,AVE,Turista,75.4,Promo,,{},2019-04-11 21:57:45
2349,renfe,MADRID,BARCELONA,2019-04-15 15:30:00,2019-04-15 18:40:00,3.17,AVE,Turista,107.7,Flexible,,{},2019-04-11 21:57:45
2350,renfe,MADRID,BARCELONA,2019-04-15 20:30:00,2019-04-15 23:40:00,3.17,AVE,Turista,75.4,Promo,,{},2019-04-11 21:57:45
2351,renfe,MADRID,SEVILLA,2019-05-14 13:00:00,2019-05-14 15:40:00,2.67,AVE,Turista,47.3,Promo,,{},2019-04-11 21:57:45
2352,renfe,MADRID,BARCELONA,2019-04-15 21:25:00,2019-04-15 23:55:00,2.5,AVE,,,,,{},2019-04-11 21:57:45
2353,renfe,MADRID,BARCELONA,2019-04-15 19:00:00,2019-04-15 21:30:00,2.5,AVE,Preferente,115.65,Promo,,{},2019-04-11 21:57:45
2354,renfe,MADRID,SEVILLA,2019-05-14 06:20:00,2019-05-14 09:16:00,2.93,AV City,Turista,38.55,Promo,,{},2019-04-11 21:57:45
2355,renfe,MADRID,BARCELONA,2019-04-15 10:30:00,2019-04-15 13:15:00,2.75,AVE,Turista Plus,90.5,Promo,,{},2019-04-11 21:57:45
2356,renfe,MADRID,SEVILLA,2019-05-14 07:00:00,2019-05-14 09:32:00,2.53,AVE,Turista,76.3,Flexible,,{},2019-04-11 21:57:45
2357,renfe,MADRID,SEVILLA,2019-05-14 18:00:00,2019-05-14 20:32:00,2.53,AVE,Turista,76.3,Flexible,,{},2019-04-11 21:57:45
2358,renfe,MADRID,SEVILLA,2019-05-14 07:30:00,2019-05-14 09:51:00,2.35,AVE,Turista,60.3,Promo,,{},2019-04-11 21:57:45
2359,renfe,MADRID,SEVILLA,2019-05-14 10:00:00,2019-05-14 12:32:00,2.53,AVE,Turista,60.3,Promo,,{},2019-04-11 21:57:45
2360,renfe,MADRID,SEVILLA,2019-05-14 08:00:00,2019-05-14 10:32:00,2.53,AVE,Turista,76.3,Flexible,,{},2019-04-11 21:57:45
2361,renfe,MADRID,SEVILLA,2019-05-14 12:00:00,2019-05-14 14:32:00,2.53,AVE,Turista,53.4,Promo,,{},2019-04-11 21:57:45
2362,renfe,MADRID,SEVILLA,2019-05-14 08:30:00,2019-05-14 11:14:00,2.73,ALVIA,Turista,,Promo,,{},2019-04-11 21:57:45
2363,renfe,MADRID,SEVILLA,2019-05-14 16:00:00,2019-05-14 18:30:00,2.5,AVE,Preferente,69.4,Promo,,{},2019-04-11 21:57:45
2364,renfe,MADRID,SEVILLA,2019-05-14 09:00:00,2019-05-14 11:38:00,2.63,AVE,Turista,53.4,Promo,,{},2019-04-11 21:57:45
2365,renfe,MADRID,SEVILLA,2019-05-14 07:00:00,2019-05-14 09:32:00,2.53,AVE,Turista,76.3,Flexible,,{},2019-04-11 21:57:45
2366,renfe,MADRID,SEVILLA,2019-05-14 09:45:00,2019-05-14 12:27:00,2.7,INTERCITY,Turista,62.2,Flexible,,{},2019-04-11 21:57:45
2367,renfe,MADRID,BARCELONA,2019-04-15 19:30:00,2019-04-15 22:40:00,3.17,AVE,Turista,75.4,Promo,,{},2019-04-11 21:57:45
2368,renfe,MADRID,SEVILLA,2019-05-14 10:00:00,2019-05-14 12:32:00,2.53,AVE,Turista,60.3,Promo,,{},2019-04-11 21:57:45
2369,renfe,MADRID,SEVILLA,2019-05-14 11:00:00,2019-05-14 13:32:00,2.53,AVE,Turista,53.4,Promo,,{},2019-04-11 21:57:45
2370,renfe,MADRID,SEVILLA,2019-05-14 11:05:00,2019-05-14 13:41:00,2.6,ALVIA,Turista,,Promo,,{},2019-04-11 21:57:45
2371,renfe,MADRID,SEVILLA,2019-05-14 12:00:00,2019-05-14 14:32:00,2.53,AVE,Turista,53.4,Promo,,{},2019-04-11 21:57:45
2372,renfe,MADRID,SEVILLA,2019-05-14 13:00:00,2019-05-14 15:40:00,2.67,AVE,Turista,47.3,Promo,,{},2019-04-11 21:57:45
2373,renfe,MADRID,SEVILLA,2019-05-14 13:10:00,2019-05-14 20:51:00,7.68,MD-LD,Preferente,,Promo,,{},2019-04-11 21:57:45
2374,renfe,MADRID,SEVILLA,2019-05-14 13:30:00,2019-05-14 16:05:00,2.58,ALVIA,Preferente,52.45,Promo,,{},2019-04-11 21:57:45
2375,renfe,MADRID,SEVILLA,2019-05-14 14:00:00,2019-05-14 16:32:00,2.53,AVE,Turista,60.3,Promo,,{},2019-04-11 21:57:45
2376,renfe,MADRID,SEVILLA,2019-05-14 15:00:00,2019-05-14 17:21:00,2.35,AVE,Turista,47.3,Promo,,{},2019-04-11 21:57:45
2377,renfe,MADRID,SEVILLA,2019-05-14 16:00:00,2019-05-14 18:30:00,2.5,AVE,Preferente,69.4,Promo,,{},2019-04-11 21:57:45
2378,renfe,MADRID,SEVILLA,2019-05-14 16:30:00,2019-05-14 18:51:00,2.35,AVE,Turista,47.3,Promo,,{},2019-04-11 21:57:45
2379,renfe,MADRID,SEVILLA,2019-05-14 17:00:00,2019-05-14 19:38:00,2.63,AVE,Preferente,69.4,Promo,,{},2019-04-11 21:57:45
2380,renfe,MADRID,SEVILLA,2019-05-14 18:00:00,2019-05-14 20:32:00,2.53,AVE,Turista,76.3,Flexible,,{},2019-04-11 21:57:45
2381,renfe,MADRID,SEVILLA,2019-05-14 18:35:00,2019-05-14 21:08:00,2.55,ALVIA,Turista,67.2,Flexible,,{},2019-04-11 21:57:45
2382,renfe,MADRID,SEVILLA,2019-05-14 19:00:00,2019-05-14 21:38:00,2.63,AVE,Turista,53.4,Promo,,{},2019-04-11 21:57:45
2383,renfe,MADRID,SEVILLA,2019-05-14 20:35:00,2019-05-14 23:15:00,2.67,AVE,Turista,53.4,Promo,,{},2019-04-11 21:57:45
2384,renfe,MADRID,SEVILLA,2019-05-14 21:25:00,2019-05-15 00:10:00,2.75,AV City,Turista,43.55,Promo,,{},2019-04-11 21:57:45
2385,renfe,MADRID,BARCELONA,2019-04-15 07:15:00,2019-04-15 16:37:00,9.37,R. EXPRES,Turista,43.25,Adulto ida,,{},2019-04-11 21:57:45
2386,renfe,MADRID,BARCELONA,2019-04-15 08:30:00,2019-04-15 11:15:00,2.75,AVE,Turista,107.7,Flexible,,{},2019-04-11 21:57:45
2387,renfe,MADRID,SEVILLA,2019-05-14 20:35:00,2019-05-14 23:15:00,2.67,AVE,Turista,53.4,Promo,,{},2019-04-11 21:57:45
2388,renfe,MADRID,SEVILLA,2019-05-14 19:00:00,2019-05-14 21:38:00,2.63,AVE,Turista,53.4,Promo,,{},2019-04-11 21:57:45
2389,renfe,MADRID,BARCELONA,2019-04-15 13:25:00,2019-04-15 16:24:00,2.98,AVE-TGV,Turista,107.7,Flexible,,{},2019-04-11 21:57:45
2390,renfe,MADRID,SEVILLA,2019-05-14 09:45:00,2019-05-14 12:27:00,2.7,INTERCITY,Turista,62.2,Flexible,,{},2019-04-11 21:57:45
2391,renfe,MADRID,BARCELONA,2019-04-15 20:30:00,2019-04-15 23:40:00,3.17,AVE,Turista,75.4,Promo,,{},2019-04-11 21:57:45
2392,renfe,MADRID,BARCELONA,2019-04-15 07:00:00,2019-04-15 09:30:00,2.5,AVE,Turista,100.4,Promo,,{},2019-04-11 21:57:45
2393,renfe,MADRID,BARCELONA,2019-04-15 11:30:00,2019-04-15 14:40:00,3.17,AVE,Turista,107.7,Flexible,,{},2019-04-11 21:57:45
2394,renfe,MADRID,BARCELONA,2019-04-15 21:25:00,2019-04-15 23:55:00,2.5,AVE,,,,,{},2019-04-11 21:57:45
2395,renfe,MADRID,SEVILLA,2019-05-14 18:35:00,2019-05-14 21:08:00,2.55,ALVIA,Turista,67.2,Flexible,,{},2019-04-11 21:57:45
2396,renfe,MADRID,BARCELONA,2019-04-15 17:00:00,2019-04-15 19:30:00,2.5,AVE,Preferente,115.65,Promo,,{},2019-04-11 21:57:45
2397,renfe,MADRID,BARCELONA,2019-04-15 18:30:00,2019-04-15 21:20:00,2.83,AVE,Turista Plus,90.5,Promo,,{},2019-04-11 21:57:45
2398,renfe,MADRID,SEVILLA,2019-05-14 13:30:00,2019-05-14 16:05:00,2.58,ALVIA,Preferente,52.45,Promo,,{},2019-04-11 21:57:45
2399,renfe,MADRID,BARCELONA,2019-04-15 06:30:00,2019-04-15 09:20:00,2.83,AVE,Preferente,,Promo,,{},2019-04-11 21:57:45
2400,renfe,MADRID,BARCELONA,2019-04-15 17:30:00,2019-04-15 20:40:00,3.17,AVE,Turista,75.4,Promo,,{},2019-04-11 21:57:45
2401,renfe,MADRID,SEVILLA,2019-04-16 18:00:00,2019-04-16 20:32:00,2.53,AVE,Turista Plus,64.05,Promo,,{},2019-04-11 21:58:01
2402,renfe,MADRID,VALENCIA,2019-04-18 06:20:00,2019-04-18 12:55:00,6.58,REGIONAL,Turista,28.35,Adulto ida,,{},2019-04-11 21:58:01
2403,renfe,MADRID,SEVILLA,2019-04-16 09:45:00,2019-04-16 12:27:00,2.7,INTERCITY,Turista,,Flexible,,{},2019-04-11 21:58:01
2404,renfe,MADRID,VALENCIA,2019-04-18 08:40:00,2019-04-18 10:33:00,1.88,AVE,Preferente,97.35,Promo,,{},2019-04-11 21:58:01
2405,renfe,MADRID,SEVILLA,2019-04-16 12:00:00,2019-04-16 14:32:00,2.53,AVE,Preferente,69.4,Promo,,{},2019-04-11 21:58:01
2406,renfe,MADRID,VALENCIA,2019-04-18 09:40:00,2019-04-18 11:24:00,1.73,AVE,Turista,73.1,Flexible,,{},2019-04-11 21:58:01
2407,renfe,MADRID,VALENCIA,2019-04-18 08:40:00,2019-04-18 10:33:00,1.88,AVE,Preferente,97.35,Promo,,{},2019-04-11 21:58:01
2408,renfe,MADRID,VALENCIA,2019-04-18 10:40:00,2019-04-18 12:20:00,1.67,AVE,Turista,73.1,Flexible,,{},2019-04-11 21:58:01
2409,renfe,MADRID,VALENCIA,2019-04-18 10:40:00,2019-04-18 12:20:00,1.67,AVE,Turista,73.1,Flexible,,{},2019-04-11 21:58:01
2410,renfe,MADRID,VALENCIA,2019-04-18 11:10:00,2019-04-18 13:25:00,2.25,INTERCITY,Turista,55.4,Flexible,,{},2019-04-11 21:58:01
2411,renfe,MADRID,VALENCIA,2019-04-18 20:40:00,2019-04-18 22:24:00,1.73,AVE,Turista,45.3,Promo,,{},2019-04-11 21:58:01
2412,renfe,MADRID,VALENCIA,2019-04-18 11:55:00,2019-04-18 13:35:00,1.67,AVE,Preferente,97.35,Promo,,{},2019-04-11 21:58:01
2413,renfe,MADRID,SEVILLA,2019-04-16 14:00:00,2019-04-16 16:32:00,2.53,AVE,Turista,60.3,Promo,,{},2019-04-11 21:58:01
2414,renfe,MADRID,VALENCIA,2019-04-18 12:40:00,2019-04-18 14:20:00,1.67,AVE,Preferente,66.55,Promo,,{},2019-04-11 21:58:01
2415,renfe,MADRID,SEVILLA,2019-04-16 11:05:00,2019-04-16 13:41:00,2.6,ALVIA,Turista,67.2,Flexible,,{},2019-04-11 21:58:01
2416,renfe,MADRID,VALENCIA,2019-04-18 12:42:00,2019-04-18 19:04:00,6.37,REGIONAL,Turista,28.35,Adulto ida,,{},2019-04-11 21:58:01
2417,renfe,MADRID,SEVILLA,2019-04-16 07:00:00,2019-04-16 09:32:00,2.53,AVE,Preferente,69.4,Promo,,{},2019-04-11 21:58:01
2418,renfe,MADRID,VALENCIA,2019-04-18 14:10:00,2019-04-18 16:03:00,1.88,AVE,Turista,57.75,Promo,,{},2019-04-11 21:58:01
2419,renfe,MADRID,SEVILLA,2019-04-16 08:30:00,2019-04-16 11:14:00,2.73,ALVIA,Turista,,Flexible,,{},2019-04-11 21:58:01
2420,renfe,MADRID,VALENCIA,2019-04-18 15:10:00,2019-04-18 16:52:00,1.7,AVE,Turista,51.15,Promo,,{},2019-04-11 21:58:01
2421,renfe,MADRID,SEVILLA,2019-04-16 10:00:00,2019-04-16 12:32:00,2.53,AVE,Turista,76.3,Flexible,,{},2019-04-11 21:58:01
2422,renfe,MADRID,VALENCIA,2019-04-18 15:30:00,2019-04-18 22:31:00,7.02,AVE-MD,Turista con enlace,,Flexible,,{},2019-04-11 21:58:01
2423,renfe,MADRID,SEVILLA,2019-04-16 21:25:00,2019-04-17 00:10:00,2.75,AV City,Turista,49.15,Promo,,{},2019-04-11 21:58:01
2424,renfe,MADRID,VALENCIA,2019-04-18 15:40:00,2019-04-18 17:22:00,1.7,AVE,Preferente,66.55,Promo,,{},2019-04-11 21:58:01
2425,renfe,MADRID,SEVILLA,2019-04-16 13:30:00,2019-04-16 16:05:00,2.58,ALVIA,Turista,,Promo,,{},2019-04-11 21:58:01
2426,renfe,MADRID,VALENCIA,2019-04-18 16:30:00,2019-04-18 22:47:00,6.28,REGIONAL,Turista,28.35,Adulto ida,,{},2019-04-11 21:58:01
2427,renfe,MADRID,VALENCIA,2019-04-18 19:40:00,2019-04-18 21:29:00,1.82,AVE,Turista,51.15,Promo,,{},2019-04-11 21:58:01
2428,renfe,MADRID,VALENCIA,2019-04-18 16:45:00,2019-04-18 18:50:00,2.08,ALVIA,Turista,,Flexible,,{},2019-04-11 21:58:01
2429,renfe,MADRID,SEVILLA,2019-04-16 06:20:00,2019-04-16 09:16:00,2.93,AV City,Turista,43.55,Promo,,{},2019-04-11 21:58:01
2430,renfe,MADRID,VALENCIA,2019-04-18 17:40:00,2019-04-18 19:20:00,1.67,AVE,Turista,73.1,Flexible,,{},2019-04-11 21:58:01
2431,renfe,MADRID,VALENCIA,2019-04-18 15:30:00,2019-04-18 22:31:00,7.02,AVE-MD,Turista con enlace,,Flexible,,{},2019-04-11 21:58:01
2432,renfe,MADRID,VALENCIA,2019-04-18 19:40:00,2019-04-18 21:29:00,1.82,AVE,Turista,51.15,Promo,,{},2019-04-11 21:58:01
2433,renfe,MADRID,VALENCIA,2019-04-18 11:10:00,2019-04-18 13:25:00,2.25,INTERCITY,Turista,55.4,Flexible,,{},2019-04-11 21:58:01
2434,renfe,MADRID,VALENCIA,2019-04-18 20:40:00,2019-04-18 22:24:00,1.73,AVE,Turista,45.3,Promo,,{},2019-04-11 21:58:01
2435,renfe,MADRID,SEVILLA,2019-04-16 17:00:00,2019-04-16 19:38:00,2.63,AVE,Preferente,69.4,Promo,,{},2019-04-11 21:58:01
2436,renfe,MADRID,VALENCIA,2019-04-18 21:10:00,2019-04-18 23:03:00,1.88,AVE,Turista,39.45,Promo,,{},2019-04-11 21:58:01
2437,renfe,MADRID,SEVILLA,2019-04-16 15:00:00,2019-04-16 17:21:00,2.35,AVE,Preferente,69.4,Promo,,{},2019-04-11 21:58:01
2438,renfe,MADRID,SEVILLA,2019-04-16 06:20:00,2019-04-16 09:16:00,2.93,AV City,Turista,43.55,Promo,,{},2019-04-11 21:58:01
2439,renfe,MADRID,SEVILLA,2019-04-16 13:00:00,2019-04-16 15:40:00,2.67,AVE,Preferente,69.4,Promo,,{},2019-04-11 21:58:01
2440,renfe,MADRID,SEVILLA,2019-04-16 07:00:00,2019-04-16 09:32:00,2.53,AVE,Preferente,69.4,Promo,,{},2019-04-11 21:58:01
2441,renfe,MADRID,SEVILLA,2019-04-16 16:00:00,2019-04-16 18:30:00,2.5,AVE,Preferente,69.4,Promo,,{},2019-04-11 21:58:01
2442,renfe,MADRID,SEVILLA,2019-04-16 08:00:00,2019-04-16 10:32:00,2.53,AVE,Preferente,69.4,Promo,,{},2019-04-11 21:58:01
2443,renfe,MADRID,SEVILLA,2019-04-16 13:10:00,2019-04-16 20:51:00,7.68,MD-LD,Turista con enlace,34.35,Promo +,,{},2019-04-11 21:58:01
2444,renfe,MADRID,SEVILLA,2019-04-16 08:30:00,2019-04-16 11:14:00,2.73,ALVIA,Turista,,Flexible,,{},2019-04-11 21:58:01
2445,renfe,MADRID,VALENCIA,2019-04-18 14:10:00,2019-04-18 16:03:00,1.88,AVE,Turista,57.75,Promo,,{},2019-04-11 21:58:01
2446,renfe,MADRID,SEVILLA,2019-04-16 09:00:00,2019-04-16 11:38:00,2.63,AVE,Turista,76.3,Flexible,,{},2019-04-11 21:58:01
2447,renfe,MADRID,VALENCIA,2019-04-18 16:45:00,2019-04-18 18:50:00,2.08,ALVIA,Turista,,Flexible,,{},2019-04-11 21:58:01
2448,renfe,MADRID,SEVILLA,2019-04-16 09:45:00,2019-04-16 12:27:00,2.7,INTERCITY,Turista,,Flexible,,{},2019-04-11 21:58:01
2449,renfe,MADRID,VALENCIA,2019-04-18 16:30:00,2019-04-18 22:47:00,6.28,REGIONAL,Turista,28.35,Adulto ida,,{},2019-04-11 21:58:01
2450,renfe,MADRID,SEVILLA,2019-04-16 10:00:00,2019-04-16 12:32:00,2.53,AVE,Turista,76.3,Flexible,,{},2019-04-11 21:58:01
2451,renfe,MADRID,SEVILLA,2019-04-16 08:00:00,2019-04-16 10:32:00,2.53,AVE,Preferente,69.4,Promo,,{},2019-04-11 21:58:01
2452,renfe,MADRID,SEVILLA,2019-04-16 11:00:00,2019-04-16 13:32:00,2.53,AVE,Turista,76.3,Flexible,,{},2019-04-11 21:58:01
2453,renfe,MADRID,SEVILLA,2019-04-16 20:35:00,2019-04-16 23:15:00,2.67,AVE,Turista Plus,72.3,Promo,,{},2019-04-11 21:58:01
2454,renfe,MADRID,SEVILLA,2019-04-16 11:05:00,2019-04-16 13:41:00,2.6,ALVIA,Turista,67.2,Flexible,,{},2019-04-11 21:58:01
2455,renfe,MADRID,VALENCIA,2019-04-18 09:40:00,2019-04-18 11:24:00,1.73,AVE,Turista,73.1,Flexible,,{},2019-04-11 21:58:01
2456,renfe,MADRID,SEVILLA,2019-04-16 12:00:00,2019-04-16 14:32:00,2.53,AVE,Preferente,69.4,Promo,,{},2019-04-11 21:58:01
2457,renfe,MADRID,SEVILLA,2019-04-16 13:00:00,2019-04-16 15:40:00,2.67,AVE,Preferente,69.4,Promo,,{},2019-04-11 21:58:01
2458,renfe,MADRID,SEVILLA,2019-04-16 13:10:00,2019-04-16 20:51:00,7.68,MD-LD,Turista con enlace,34.35,Promo +,,{},2019-04-11 21:58:01
2459,renfe,MADRID,SEVILLA,2019-04-16 13:30:00,2019-04-16 16:05:00,2.58,ALVIA,Turista,,Promo,,{},2019-04-11 21:58:01
2460,renfe,MADRID,SEVILLA,2019-04-16 14:00:00,2019-04-16 16:32:00,2.53,AVE,Turista,60.3,Promo,,{},2019-04-11 21:58:01
2461,renfe,MADRID,SEVILLA,2019-04-16 15:00:00,2019-04-16 17:21:00,2.35,AVE,Preferente,69.4,Promo,,{},2019-04-11 21:58:01
2462,renfe,MADRID,SEVILLA,2019-04-16 16:00:00,2019-04-16 18:30:00,2.5,AVE,Preferente,69.4,Promo,,{},2019-04-11 21:58:01
2463,renfe,MADRID,SEVILLA,2019-04-16 16:30:00,2019-04-16 18:51:00,2.35,AVE,Turista,60.3,Promo,,{},2019-04-11 21:58:01
2464,renfe,MADRID,SEVILLA,2019-04-16 17:00:00,2019-04-16 19:38:00,2.63,AVE,Preferente,69.4,Promo,,{},2019-04-11 21:58:01
2465,renfe,MADRID,SEVILLA,2019-04-16 18:00:00,2019-04-16 20:32:00,2.53,AVE,Turista Plus,64.05,Promo,,{},2019-04-11 21:58:01
2466,renfe,MADRID,SEVILLA,2019-04-16 19:00:00,2019-04-16 21:38:00,2.63,AVE,Preferente,79.65,Promo,,{},2019-04-11 21:58:01
2467,renfe,MADRID,SEVILLA,2019-04-16 20:35:00,2019-04-16 23:15:00,2.67,AVE,Turista Plus,72.3,Promo,,{},2019-04-11 21:58:01
2468,renfe,MADRID,SEVILLA,2019-04-16 21:25:00,2019-04-17 00:10:00,2.75,AV City,Turista,49.15,Promo,,{},2019-04-11 21:58:01
2469,renfe,MADRID,SEVILLA,2019-04-16 19:00:00,2019-04-16 21:38:00,2.63,AVE,Preferente,79.65,Promo,,{},2019-04-11 21:58:01
2470,renfe,MADRID,SEVILLA,2019-04-16 09:00:00,2019-04-16 11:38:00,2.63,AVE,Turista,76.3,Flexible,,{},2019-04-11 21:58:01
2471,renfe,MADRID,VALENCIA,2019-04-18 15:40:00,2019-04-18 17:22:00,1.7,AVE,Preferente,66.55,Promo,,{},2019-04-11 21:58:01
2472,renfe,MADRID,SEVILLA,2019-04-16 11:00:00,2019-04-16 13:32:00,2.53,AVE,Turista,76.3,Flexible,,{},2019-04-11 21:58:01
2473,renfe,MADRID,VALENCIA,2019-04-18 06:20:00,2019-04-18 12:55:00,6.58,REGIONAL,Turista,28.35,Adulto ida,,{},2019-04-11 21:58:01
2474,renfe,MADRID,SEVILLA,2019-04-16 16:30:00,2019-04-16 18:51:00,2.35,AVE,Turista,60.3,Promo,,{},2019-04-11 21:58:01
2475,renfe,MADRID,VALENCIA,2019-04-18 15:10:00,2019-04-18 16:52:00,1.7,AVE,Turista,51.15,Promo,,{},2019-04-11 21:58:01
2476,renfe,MADRID,VALENCIA,2019-04-18 12:42:00,2019-04-18 19:04:00,6.37,REGIONAL,Turista,28.35,Adulto ida,,{},2019-04-11 21:58:01
2477,renfe,MADRID,VALENCIA,2019-04-18 17:40:00,2019-04-18 19:20:00,1.67,AVE,Turista,73.1,Flexible,,{},2019-04-11 21:58:01
2478,renfe,MADRID,VALENCIA,2019-04-18 12:40:00,2019-04-18 14:20:00,1.67,AVE,Preferente,66.55,Promo,,{},2019-04-11 21:58:01
2479,renfe,MADRID,VALENCIA,2019-04-18 11:55:00,2019-04-18 13:35:00,1.67,AVE,Preferente,97.35,Promo,,{},2019-04-11 21:58:01
2480,renfe,MADRID,VALENCIA,2019-04-18 21:10:00,2019-04-18 23:03:00,1.88,AVE,Turista,39.45,Promo,,{},2019-04-11 21:58:01
2481,renfe,MADRID,VALENCIA,2019-05-22 14:10:00,2019-05-22 16:03:00,1.88,AVE,Turista,21.95,Promo,,{},2019-04-11 21:58:17
2482,renfe,MADRID,VALENCIA,2019-05-22 06:08:00,2019-05-22 12:55:00,6.78,REGIONAL,Turista,28.35,Adulto ida,,{},2019-04-11 21:58:17
2483,renfe,MADRID,VALENCIA,2019-05-22 12:40:00,2019-05-22 14:20:00,1.67,AVE,Turista,27.8,Promo,,{},2019-04-11 21:58:17
2484,renfe,MADRID,VALENCIA,2019-05-22 06:45:00,2019-05-22 08:38:00,1.88,AVE,Turista,33.65,Promo,,{},2019-04-11 21:58:17
2485,renfe,MADRID,VALENCIA,2019-05-22 15:10:00,2019-05-22 16:52:00,1.7,AVE,Turista,21.95,Promo,,{},2019-04-11 21:58:17
2486,renfe,MADRID,VALENCIA,2019-05-22 07:40:00,2019-05-22 09:20:00,1.67,AVE,Turista,57.75,Promo,,{},2019-04-11 21:58:17
2487,renfe,MADRID,VALENCIA,2019-05-22 16:05:00,2019-05-22 22:47:00,6.7,REGIONAL,Turista,28.35,Adulto ida,,{},2019-04-11 21:58:17
2488,renfe,MADRID,VALENCIA,2019-05-22 09:10:00,2019-05-22 10:58:00,1.8,AVE,Turista,51.15,Promo,,{},2019-04-11 21:58:17
2489,renfe,MADRID,VALENCIA,2019-05-22 15:30:00,2019-05-22 22:31:00,7.02,AVE-MD,Turista con enlace,,Flexible,,{},2019-04-11 21:58:17
2490,renfe,MADRID,VALENCIA,2019-05-22 09:40:00,2019-05-22 11:24:00,1.73,AVE,Turista,39.45,Promo,,{},2019-04-11 21:58:17
2491,renfe,MADRID,VALENCIA,2019-05-22 21:10:00,2019-05-22 23:03:00,1.88,AVE,Turista,21.95,Promo,,{},2019-04-11 21:58:17
2492,renfe,MADRID,VALENCIA,2019-05-22 10:40:00,2019-05-22 12:20:00,1.67,AVE,Turista,27.8,Promo,,{},2019-04-11 21:58:17
2493,renfe,MADRID,VALENCIA,2019-05-22 11:55:00,2019-05-22 13:35:00,1.67,AVE,Turista,21.95,Promo,,{},2019-04-11 21:58:17
2494,renfe,MADRID,VALENCIA,2019-05-22 11:10:00,2019-05-22 13:25:00,2.25,INTERCITY,Turista,16.6,Promo,,{},2019-04-11 21:58:17
2495,renfe,MADRID,VALENCIA,2019-05-19 14:10:00,2019-05-19 16:03:00,1.88,AVE,Turista,45.3,Promo,,{},2019-04-11 21:58:17
2496,renfe,MADRID,VALENCIA,2019-05-22 11:55:00,2019-05-22 13:35:00,1.67,AVE,Turista,21.95,Promo,,{},2019-04-11 21:58:17
2497,renfe,MADRID,VALENCIA,2019-05-19 15:30:00,2019-05-19 22:31:00,7.02,AVE-MD,Turista con enlace,,Flexible,,{},2019-04-11 21:58:17
2498,renfe,MADRID,VALENCIA,2019-05-22 12:21:00,2019-05-22 19:04:00,6.72,REGIONAL,Turista,28.35,Adulto ida,,{},2019-04-11 21:58:17
2499,renfe,MADRID,VALENCIA,2019-05-22 16:45:00,2019-05-22 18:50:00,2.08,ALVIA,Preferente,46.15,Promo,,{},2019-04-11 21:58:17
2500,renfe,MADRID,VALENCIA,2019-05-22 12:40:00,2019-05-22 14:20:00,1.67,AVE,Turista,27.8,Promo,,{},2019-04-11 21:58:17
2501,renfe,MADRID,VALENCIA,2019-05-19 18:40:00,2019-05-19 20:20:00,1.67,AVE,Preferente,66.55,Promo,,{},2019-04-11 21:58:17
2502,renfe,MADRID,VALENCIA,2019-05-22 14:10:00,2019-05-22 16:03:00,1.88,AVE,Turista,21.95,Promo,,{},2019-04-11 21:58:17
2503,renfe,MADRID,VALENCIA,2019-05-22 15:40:00,2019-05-22 17:22:00,1.7,AVE,Turista,45.3,Promo,,{},2019-04-11 21:58:17
2504,renfe,MADRID,VALENCIA,2019-05-22 15:10:00,2019-05-22 16:52:00,1.7,AVE,Turista,21.95,Promo,,{},2019-04-11 21:58:17
2505,renfe,MADRID,VALENCIA,2019-05-22 19:40:00,2019-05-22 21:29:00,1.82,AVE,Turista,39.45,Promo,,{},2019-04-11 21:58:17
2506,renfe,MADRID,VALENCIA,2019-05-22 15:30:00,2019-05-22 22:31:00,7.02,AVE-MD,Turista con enlace,,Flexible,,{},2019-04-11 21:58:17
2507,renfe,MADRID,VALENCIA,2019-05-22 16:55:00,2019-05-22 21:58:00,5.05,AVE-LD,Turista con enlace,33.65,Promo,,{},2019-04-11 21:58:17
2508,renfe,MADRID,VALENCIA,2019-05-22 15:40:00,2019-05-22 17:22:00,1.7,AVE,Turista,45.3,Promo,,{},2019-04-11 21:58:17
2509,renfe,MADRID,VALENCIA,2019-05-19 21:10:00,2019-05-19 23:03:00,1.88,AVE,Turista,45.3,Promo,,{},2019-04-11 21:58:17
2510,renfe,MADRID,VALENCIA,2019-05-22 16:05:00,2019-05-22 22:47:00,6.7,REGIONAL,Turista,28.35,Adulto ida,,{},2019-04-11 21:58:17
2511,renfe,MADRID,VALENCIA,2019-05-19 20:40:00,2019-05-19 22:24:00,1.73,AVE,Turista,51.15,Promo,,{},2019-04-11 21:58:17
2512,renfe,MADRID,VALENCIA,2019-05-22 16:45:00,2019-05-22 18:50:00,2.08,ALVIA,Preferente,46.15,Promo,,{},2019-04-11 21:58:17
2513,renfe,MADRID,VALENCIA,2019-05-19 11:10:00,2019-05-19 13:25:00,2.25,INTERCITY,Turista,29.9,Promo,,{},2019-04-11 21:58:17
2514,renfe,MADRID,VALENCIA,2019-05-22 16:55:00,2019-05-22 21:58:00,5.05,AVE-LD,Turista con enlace,33.65,Promo,,{},2019-04-11 21:58:17
2515,renfe,MADRID,VALENCIA,2019-05-22 06:08:00,2019-05-22 12:55:00,6.78,REGIONAL,Turista,28.35,Adulto ida,,{},2019-04-11 21:58:17
2516,renfe,MADRID,VALENCIA,2019-05-22 17:40:00,2019-05-22 19:20:00,1.67,AVE,Turista,45.3,Promo,,{},2019-04-11 21:58:17
2517,renfe,MADRID,VALENCIA,2019-05-19 06:20:00,2019-05-19 12:55:00,6.58,REGIONAL,Turista,28.35,Adulto ida,,{},2019-04-11 21:58:17
2518,renfe,MADRID,VALENCIA,2019-05-22 17:48:00,2019-05-22 21:58:00,4.17,INTERCITY,Turista,17.15,Promo,,{},2019-04-11 21:58:17
2519,renfe,MADRID,VALENCIA,2019-05-22 20:40:00,2019-05-22 22:24:00,1.73,AVE,Turista,27.8,Promo,,{},2019-04-11 21:58:17
2520,renfe,MADRID,VALENCIA,2019-05-22 18:40:00,2019-05-22 20:20:00,1.67,AVE,Turista,45.3,Promo,,{},2019-04-11 21:58:17
2521,renfe,MADRID,VALENCIA,2019-05-19 17:48:00,2019-05-19 21:58:00,4.17,INTERCITY,Turista Plus,36.05,Promo,,{},2019-04-11 21:58:17
2522,renfe,MADRID,VALENCIA,2019-05-22 19:40:00,2019-05-22 21:29:00,1.82,AVE,Turista,39.45,Promo,,{},2019-04-11 21:58:17
2523,renfe,MADRID,VALENCIA,2019-05-22 10:40:00,2019-05-22 12:20:00,1.67,AVE,Turista,27.8,Promo,,{},2019-04-11 21:58:17
2524,renfe,MADRID,VALENCIA,2019-05-22 20:40:00,2019-05-22 22:24:00,1.73,AVE,Turista,27.8,Promo,,{},2019-04-11 21:58:17
2525,renfe,MADRID,VALENCIA,2019-05-22 17:40:00,2019-05-22 19:20:00,1.67,AVE,Turista,45.3,Promo,,{},2019-04-11 21:58:17
2526,renfe,MADRID,VALENCIA,2019-05-22 21:10:00,2019-05-22 23:03:00,1.88,AVE,Turista,21.95,Promo,,{},2019-04-11 21:58:17
2527,renfe,MADRID,VALENCIA,2019-05-19 17:10:00,2019-05-19 18:54:00,1.73,AVE,Preferente,66.55,Promo,,{},2019-04-11 21:58:17
2528,renfe,MADRID,VALENCIA,2019-05-19 06:20:00,2019-05-19 12:55:00,6.58,REGIONAL,Turista,28.35,Adulto ida,,{},2019-04-11 21:58:17
2529,renfe,MADRID,VALENCIA,2019-05-19 08:40:00,2019-05-19 10:33:00,1.88,AVE,Turista,21.95,Promo,,{},2019-04-11 21:58:17
2530,renfe,MADRID,VALENCIA,2019-05-19 09:40:00,2019-05-19 11:24:00,1.73,AVE,Turista,21.95,Promo,,{},2019-04-11 21:58:17
2531,renfe,MADRID,VALENCIA,2019-05-19 10:40:00,2019-05-19 12:20:00,1.67,AVE,Turista,33.65,Promo,,{},2019-04-11 21:58:17
2532,renfe,MADRID,VALENCIA,2019-05-19 11:10:00,2019-05-19 13:25:00,2.25,INTERCITY,Turista,29.9,Promo,,{},2019-04-11 21:58:17
2533,renfe,MADRID,VALENCIA,2019-05-19 11:55:00,2019-05-19 13:35:00,1.67,AVE,Turista,39.45,Promo,,{},2019-04-11 21:58:17
2534,renfe,MADRID,VALENCIA,2019-05-19 12:42:00,2019-05-19 19:04:00,6.37,REGIONAL,Turista,28.35,Adulto ida,,{},2019-04-11 21:58:17
2535,renfe,MADRID,VALENCIA,2019-05-19 14:10:00,2019-05-19 16:03:00,1.88,AVE,Turista,45.3,Promo,,{},2019-04-11 21:58:17
2536,renfe,MADRID,VALENCIA,2019-05-19 15:30:00,2019-05-19 22:31:00,7.02,AVE-MD,Turista con enlace,,Flexible,,{},2019-04-11 21:58:17
2537,renfe,MADRID,VALENCIA,2019-05-19 15:40:00,2019-05-19 17:22:00,1.7,AVE,Turista,51.15,Promo,,{},2019-04-11 21:58:17
2538,renfe,MADRID,VALENCIA,2019-05-19 16:30:00,2019-05-19 22:47:00,6.28,REGIONAL,Turista,28.35,Adulto ida,,{},2019-04-11 21:58:17
2539,renfe,MADRID,VALENCIA,2019-05-19 16:45:00,2019-05-19 18:50:00,2.08,ALVIA,Preferente,46.15,Promo,,{},2019-04-11 21:58:17
2540,renfe,MADRID,VALENCIA,2019-05-19 16:55:00,2019-05-19 21:58:00,5.05,AVE-LD,Turista con enlace,56.1,Flexible,,{},2019-04-11 21:58:17
2541,renfe,MADRID,VALENCIA,2019-05-19 17:10:00,2019-05-19 18:54:00,1.73,AVE,Preferente,66.55,Promo,,{},2019-04-11 21:58:17
2542,renfe,MADRID,VALENCIA,2019-05-19 17:48:00,2019-05-19 21:58:00,4.17,INTERCITY,Turista Plus,36.05,Promo,,{},2019-04-11 21:58:17
2543,renfe,MADRID,VALENCIA,2019-05-19 18:40:00,2019-05-19 20:20:00,1.67,AVE,Preferente,66.55,Promo,,{},2019-04-11 21:58:17
2544,renfe,MADRID,VALENCIA,2019-05-19 19:40:00,2019-05-19 21:29:00,1.82,AVE,Turista,57.75,Promo,,{},2019-04-11 21:58:17
2545,renfe,MADRID,VALENCIA,2019-05-19 20:40:00,2019-05-19 22:24:00,1.73,AVE,Turista,51.15,Promo,,{},2019-04-11 21:58:17
2546,renfe,MADRID,VALENCIA,2019-05-19 21:10:00,2019-05-19 23:03:00,1.88,AVE,Turista,45.3,Promo,,{},2019-04-11 21:58:17
2547,renfe,MADRID,VALENCIA,2019-05-19 12:42:00,2019-05-19 19:04:00,6.37,REGIONAL,Turista,28.35,Adulto ida,,{},2019-04-11 21:58:17
2548,renfe,MADRID,VALENCIA,2019-05-19 08:40:00,2019-05-19 10:33:00,1.88,AVE,Turista,21.95,Promo,,{},2019-04-11 21:58:17
2549,renfe,MADRID,VALENCIA,2019-05-22 17:48:00,2019-05-22 21:58:00,4.17,INTERCITY,Turista,17.15,Promo,,{},2019-04-11 21:58:17
2550,renfe,MADRID,VALENCIA,2019-05-22 07:40:00,2019-05-22 09:20:00,1.67,AVE,Turista,57.75,Promo,,{},2019-04-11 21:58:17
2551,renfe,MADRID,VALENCIA,2019-05-19 16:30:00,2019-05-19 22:47:00,6.28,REGIONAL,Turista,28.35,Adulto ida,,{},2019-04-11 21:58:17
2552,renfe,MADRID,VALENCIA,2019-05-19 16:55:00,2019-05-19 21:58:00,5.05,AVE-LD,Turista con enlace,56.1,Flexible,,{},2019-04-11 21:58:17
2553,renfe,MADRID,VALENCIA,2019-05-19 11:55:00,2019-05-19 13:35:00,1.67,AVE,Turista,39.45,Promo,,{},2019-04-11 21:58:17
2554,renfe,MADRID,VALENCIA,2019-05-19 19:40:00,2019-05-19 21:29:00,1.82,AVE,Turista,57.75,Promo,,{},2019-04-11 21:58:17
2555,renfe,MADRID,VALENCIA,2019-05-22 18:40:00,2019-05-22 20:20:00,1.67,AVE,Turista,45.3,Promo,,{},2019-04-11 21:58:17
2556,renfe,MADRID,VALENCIA,2019-05-22 12:21:00,2019-05-22 19:04:00,6.72,REGIONAL,Turista,28.35,Adulto ida,,{},2019-04-11 21:58:17
2557,renfe,MADRID,VALENCIA,2019-05-22 09:10:00,2019-05-22 10:58:00,1.8,AVE,Turista,51.15,Promo,,{},2019-04-11 21:58:17
2558,renfe,MADRID,VALENCIA,2019-05-19 09:40:00,2019-05-19 11:24:00,1.73,AVE,Turista,21.95,Promo,,{},2019-04-11 21:58:17
2559,renfe,MADRID,VALENCIA,2019-05-22 11:10:00,2019-05-22 13:25:00,2.25,INTERCITY,Turista,16.6,Promo,,{},2019-04-11 21:58:17
2560,renfe,MADRID,VALENCIA,2019-05-19 10:40:00,2019-05-19 12:20:00,1.67,AVE,Turista,33.65,Promo,,{},2019-04-11 21:58:17
2561,renfe,MADRID,VALENCIA,2019-05-22 06:45:00,2019-05-22 08:38:00,1.88,AVE,Turista,33.65,Promo,,{},2019-04-11 21:58:17
2562,renfe,MADRID,VALENCIA,2019-05-19 16:45:00,2019-05-19 18:50:00,2.08,ALVIA,Preferente,46.15,Promo,,{},2019-04-11 21:58:17
2563,renfe,MADRID,VALENCIA,2019-05-22 09:40:00,2019-05-22 11:24:00,1.73,AVE,Turista,39.45,Promo,,{},2019-04-11 21:58:17
2564,renfe,MADRID,VALENCIA,2019-05-19 15:40:00,2019-05-19 17:22:00,1.7,AVE,Turista,51.15,Promo,,{},2019-04-11 21:58:17
2565,renfe,MADRID,VALENCIA,2019-05-23 07:40:00,2019-05-23 09:20:00,1.67,AVE,Turista,57.75,Promo,,{},2019-04-11 21:58:33
2566,renfe,MADRID,VALENCIA,2019-05-23 06:08:00,2019-05-23 12:55:00,6.78,REGIONAL,Turista,28.35,Adulto ida,,{},2019-04-11 21:58:33
2567,renfe,MADRID,VALENCIA,2019-05-24 12:21:00,2019-05-24 19:04:00,6.72,REGIONAL,Turista,28.35,Adulto ida,,{},2019-04-11 21:58:33
2568,renfe,MADRID,VALENCIA,2019-05-23 06:45:00,2019-05-23 08:38:00,1.88,AVE,Turista,21.95,Promo,,{},2019-04-11 21:58:33
2569,renfe,MADRID,VALENCIA,2019-05-24 20:40:00,2019-05-24 22:24:00,1.73,AVE,Turista,45.3,Promo,,{},2019-04-11 21:58:33
2570,renfe,MADRID,VALENCIA,2019-05-23 07:40:00,2019-05-23 09:20:00,1.67,AVE,Turista,57.75,Promo,,{},2019-04-11 21:58:33
2571,renfe,MADRID,VALENCIA,2019-05-24 15:10:00,2019-05-24 17:20:00,2.17,INTERCITY,Turista,38.8,Promo,,{},2019-04-11 21:58:33
2572,renfe,MADRID,VALENCIA,2019-05-23 09:10:00,2019-05-23 10:58:00,1.8,AVE,Turista,51.15,Promo,,{},2019-04-11 21:58:33
2573,renfe,MADRID,VALENCIA,2019-05-24 10:40:00,2019-05-24 12:20:00,1.67,AVE,Turista,39.45,Promo,,{},2019-04-11 21:58:33
2574,renfe,MADRID,VALENCIA,2019-05-23 09:40:00,2019-05-23 11:24:00,1.73,AVE,Turista,39.45,Promo,,{},2019-04-11 21:58:33
2575,renfe,MADRID,VALENCIA,2019-05-23 12:40:00,2019-05-23 14:20:00,1.67,AVE,Turista,33.65,Promo,,{},2019-04-11 21:58:33
2576,renfe,MADRID,VALENCIA,2019-05-23 10:40:00,2019-05-23 12:20:00,1.67,AVE,Turista,21.95,Promo,,{},2019-04-11 21:58:33
2577,renfe,MADRID,VALENCIA,2019-05-24 14:10:00,2019-05-24 16:03:00,1.88,AVE,Turista,51.15,Promo,,{},2019-04-11 21:58:33
2578,renfe,MADRID,VALENCIA,2019-05-23 11:10:00,2019-05-23 13:25:00,2.25,INTERCITY,Turista,29.9,Promo,,{},2019-04-11 21:58:33
2579,renfe,MADRID,VALENCIA,2019-05-23 16:55:00,2019-05-23 21:58:00,5.05,AVE-LD,Turista con enlace,56.1,Flexible,,{},2019-04-11 21:58:33
2580,renfe,MADRID,VALENCIA,2019-05-23 11:55:00,2019-05-23 13:35:00,1.67,AVE,Turista,21.95,Promo,,{},2019-04-11 21:58:33
2581,renfe,MADRID,VALENCIA,2019-05-23 16:45:00,2019-05-23 18:50:00,2.08,ALVIA,Preferente,46.15,Promo,,{},2019-04-11 21:58:33
2582,renfe,MADRID,VALENCIA,2019-05-23 12:21:00,2019-05-23 19:04:00,6.72,REGIONAL,Turista,28.35,Adulto ida,,{},2019-04-11 21:58:33
2583,renfe,MADRID,VALENCIA,2019-05-24 16:55:00,2019-05-24 21:58:00,5.05,AVE-LD,Turista con enlace,56.1,Flexible,,{},2019-04-11 21:58:33
2584,renfe,MADRID,VALENCIA,2019-05-23 12:40:00,2019-05-23 14:20:00,1.67,AVE,Turista,33.65,Promo,,{},2019-04-11 21:58:33
2585,renfe,MADRID,VALENCIA,2019-05-24 18:40:00,2019-05-24 20:20:00,1.67,AVE,Turista,57.75,Promo,,{},2019-04-11 21:58:33
2586,renfe,MADRID,VALENCIA,2019-05-23 14:10:00,2019-05-23 16:03:00,1.88,AVE,Turista,33.65,Promo,,{},2019-04-11 21:58:33
2587,renfe,MADRID,VALENCIA,2019-05-23 09:10:00,2019-05-23 10:58:00,1.8,AVE,Turista,51.15,Promo,,{},2019-04-11 21:58:33
2588,renfe,MADRID,VALENCIA,2019-05-23 15:10:00,2019-05-23 16:52:00,1.7,AVE,Turista,33.65,Promo,,{},2019-04-11 21:58:33
2589,renfe,MADRID,VALENCIA,2019-05-23 21:10:00,2019-05-23 23:03:00,1.88,AVE,Turista,33.65,Promo,,{},2019-04-11 21:58:33
2590,renfe,MADRID,VALENCIA,2019-05-23 15:30:00,2019-05-23 22:31:00,7.02,AVE-MD,Turista con enlace,,Flexible,,{},2019-04-11 21:58:33
2591,renfe,MADRID,VALENCIA,2019-05-24 21:10:00,2019-05-24 23:03:00,1.88,AVE,Turista,45.3,Promo,,{},2019-04-11 21:58:33
2592,renfe,MADRID,VALENCIA,2019-05-23 15:40:00,2019-05-23 17:22:00,1.7,AVE,Turista,57.75,Promo,,{},2019-04-11 21:58:33
2593,renfe,MADRID,VALENCIA,2019-05-23 14:10:00,2019-05-23 16:03:00,1.88,AVE,Turista,33.65,Promo,,{},2019-04-11 21:58:33
2594,renfe,MADRID,VALENCIA,2019-05-23 16:05:00,2019-05-23 22:47:00,6.7,REGIONAL,Turista,28.35,Adulto ida,,{},2019-04-11 21:58:33
2595,renfe,MADRID,VALENCIA,2019-05-24 15:40:00,2019-05-24 17:22:00,1.7,AVE,Turista,57.75,Promo,,{},2019-04-11 21:58:33
2596,renfe,MADRID,VALENCIA,2019-05-23 16:45:00,2019-05-23 18:50:00,2.08,ALVIA,Preferente,46.15,Promo,,{},2019-04-11 21:58:33
2597,renfe,MADRID,VALENCIA,2019-05-24 15:10:00,2019-05-24 17:20:00,2.17,INTERCITY,Turista,38.8,Promo,,{},2019-04-11 21:58:33
2598,renfe,MADRID,VALENCIA,2019-05-23 16:55:00,2019-05-23 21:58:00,5.05,AVE-LD,Turista con enlace,56.1,Flexible,,{},2019-04-11 21:58:33
2599,renfe,MADRID,VALENCIA,2019-05-23 09:40:00,2019-05-23 11:24:00,1.73,AVE,Turista,39.45,Promo,,{},2019-04-11 21:58:33
2600,renfe,MADRID,VALENCIA,2019-05-23 17:40:00,2019-05-23 19:20:00,1.67,AVE,Preferente,66.55,Promo,,{},2019-04-11 21:58:33
2601,renfe,MADRID,VALENCIA,2019-05-24 09:10:00,2019-05-24 10:58:00,1.8,AVE,Turista,45.3,Promo,,{},2019-04-11 21:58:33
2602,renfe,MADRID,VALENCIA,2019-05-24 06:08:00,2019-05-24 12:55:00,6.78,REGIONAL,Turista,28.35,Adulto ida,,{},2019-04-11 21:58:33
2603,renfe,MADRID,VALENCIA,2019-05-23 16:05:00,2019-05-23 22:47:00,6.7,REGIONAL,Turista,28.35,Adulto ida,,{},2019-04-11 21:58:33
2604,renfe,MADRID,VALENCIA,2019-05-23 17:48:00,2019-05-23 21:58:00,4.17,INTERCITY,Turista,21.45,Promo,,{},2019-04-11 21:58:33
2605,renfe,MADRID,VALENCIA,2019-05-24 12:40:00,2019-05-24 14:20:00,1.67,AVE,Turista,51.15,Promo,,{},2019-04-11 21:58:33
2606,renfe,MADRID,VALENCIA,2019-05-24 06:45:00,2019-05-24 08:38:00,1.88,AVE,Turista,21.95,Promo,,{},2019-04-11 21:58:33
2607,renfe,MADRID,VALENCIA,2019-05-24 15:30:00,2019-05-24 22:31:00,7.02,AVE-MD,Turista,,Promo,,{},2019-04-11 21:58:33
2608,renfe,MADRID,VALENCIA,2019-05-23 18:40:00,2019-05-23 20:20:00,1.67,AVE,Turista,57.75,Promo,,{},2019-04-11 21:58:33
2609,renfe,MADRID,VALENCIA,2019-05-24 16:45:00,2019-05-24 18:50:00,2.08,ALVIA,Turista,,Flexible,,{},2019-04-11 21:58:33
2610,renfe,MADRID,VALENCIA,2019-05-24 09:10:00,2019-05-24 10:58:00,1.8,AVE,Turista,45.3,Promo,,{},2019-04-11 21:58:33
2611,renfe,MADRID,VALENCIA,2019-05-24 18:10:00,2019-05-24 19:50:00,1.67,AVE,Preferente,66.55,Promo,,{},2019-04-11 21:58:33
2612,renfe,MADRID,VALENCIA,2019-05-23 19:40:00,2019-05-23 21:29:00,1.82,AVE,Turista,45.3,Promo,,{},2019-04-11 21:58:33
2613,renfe,MADRID,VALENCIA,2019-05-23 11:10:00,2019-05-23 13:25:00,2.25,INTERCITY,Turista,29.9,Promo,,{},2019-04-11 21:58:33
2614,renfe,MADRID,VALENCIA,2019-05-24 09:40:00,2019-05-24 11:24:00,1.73,AVE,Turista,39.45,Promo,,{},2019-04-11 21:58:33
2615,renfe,MADRID,VALENCIA,2019-05-23 06:08:00,2019-05-23 12:55:00,6.78,REGIONAL,Turista,28.35,Adulto ida,,{},2019-04-11 21:58:33
2616,renfe,MADRID,VALENCIA,2019-05-23 20:40:00,2019-05-23 22:24:00,1.73,AVE,Turista,57.75,Promo,,{},2019-04-11 21:58:33
2617,renfe,MADRID,VALENCIA,2019-05-24 19:40:00,2019-05-24 21:29:00,1.82,AVE,Turista,51.15,Promo,,{},2019-04-11 21:58:33
2618,renfe,MADRID,VALENCIA,2019-05-24 10:40:00,2019-05-24 12:20:00,1.67,AVE,Turista,39.45,Promo,,{},2019-04-11 21:58:33
2619,renfe,MADRID,VALENCIA,2019-05-23 20:40:00,2019-05-23 22:24:00,1.73,AVE,Turista,57.75,Promo,,{},2019-04-11 21:58:33
2620,renfe,MADRID,VALENCIA,2019-05-23 21:10:00,2019-05-23 23:03:00,1.88,AVE,Turista,33.65,Promo,,{},2019-04-11 21:58:33
2621,renfe,MADRID,VALENCIA,2019-05-23 06:45:00,2019-05-23 08:38:00,1.88,AVE,Turista,21.95,Promo,,{},2019-04-11 21:58:33
2622,renfe,MADRID,VALENCIA,2019-05-24 11:10:00,2019-05-24 13:25:00,2.25,INTERCITY,Turista,29.9,Promo,,{},2019-04-11 21:58:33
2623,renfe,MADRID,VALENCIA,2019-05-24 16:30:00,2019-05-24 22:47:00,6.28,REGIONAL,Turista,28.35,Adulto ida,,{},2019-04-11 21:58:33
2624,renfe,MADRID,VALENCIA,2019-05-24 12:21:00,2019-05-24 19:04:00,6.72,REGIONAL,Turista,28.35,Adulto ida,,{},2019-04-11 21:58:33
2625,renfe,MADRID,VALENCIA,2019-05-24 12:40:00,2019-05-24 14:20:00,1.67,AVE,Turista,51.15,Promo,,{},2019-04-11 21:58:33
2626,renfe,MADRID,VALENCIA,2019-05-24 14:10:00,2019-05-24 16:03:00,1.88,AVE,Turista,51.15,Promo,,{},2019-04-11 21:58:33
2627,renfe,MADRID,VALENCIA,2019-05-24 15:10:00,2019-05-24 17:20:00,2.17,INTERCITY,Turista,38.8,Promo,,{},2019-04-11 21:58:33
2628,renfe,MADRID,VALENCIA,2019-05-24 15:10:00,2019-05-24 17:20:00,2.17,INTERCITY,Turista,38.8,Promo,,{},2019-04-11 21:58:33
2629,renfe,MADRID,VALENCIA,2019-05-24 15:30:00,2019-05-24 22:31:00,7.02,AVE-MD,Turista,,Promo,,{},2019-04-11 21:58:33
2630,renfe,MADRID,VALENCIA,2019-05-24 15:40:00,2019-05-24 17:22:00,1.7,AVE,Turista,57.75,Promo,,{},2019-04-11 21:58:33
2631,renfe,MADRID,VALENCIA,2019-05-24 16:30:00,2019-05-24 22:47:00,6.28,REGIONAL,Turista,28.35,Adulto ida,,{},2019-04-11 21:58:33
2632,renfe,MADRID,VALENCIA,2019-05-24 16:45:00,2019-05-24 18:50:00,2.08,ALVIA,Turista,,Flexible,,{},2019-04-11 21:58:33
2633,renfe,MADRID,VALENCIA,2019-05-24 16:55:00,2019-05-24 21:58:00,5.05,AVE-LD,Turista con enlace,56.1,Flexible,,{},2019-04-11 21:58:33
2634,renfe,MADRID,VALENCIA,2019-05-24 17:10:00,2019-05-24 18:54:00,1.73,AVE,Preferente,66.55,Promo,,{},2019-04-11 21:58:33
2635,renfe,MADRID,VALENCIA,2019-05-24 17:40:00,2019-05-24 19:20:00,1.67,AVE,Preferente,66.55,Promo,,{},2019-04-11 21:58:33
2636,renfe,MADRID,VALENCIA,2019-05-24 17:48:00,2019-05-24 21:58:00,4.17,INTERCITY,Turista Plus,36.05,Promo,,{},2019-04-11 21:58:33
2637,renfe,MADRID,VALENCIA,2019-05-24 18:10:00,2019-05-24 19:50:00,1.67,AVE,Preferente,66.55,Promo,,{},2019-04-11 21:58:33
2638,renfe,MADRID,VALENCIA,2019-05-24 18:40:00,2019-05-24 20:20:00,1.67,AVE,Turista,57.75,Promo,,{},2019-04-11 21:58:33
2639,renfe,MADRID,VALENCIA,2019-05-24 19:40:00,2019-05-24 21:29:00,1.82,AVE,Turista,51.15,Promo,,{},2019-04-11 21:58:33
2640,renfe,MADRID,VALENCIA,2019-05-24 20:40:00,2019-05-24 22:24:00,1.73,AVE,Turista,45.3,Promo,,{},2019-04-11 21:58:33
2641,renfe,MADRID,VALENCIA,2019-05-24 21:10:00,2019-05-24 23:03:00,1.88,AVE,Turista,45.3,Promo,,{},2019-04-11 21:58:33
2642,renfe,MADRID,VALENCIA,2019-05-24 06:45:00,2019-05-24 08:38:00,1.88,AVE,Turista,21.95,Promo,,{},2019-04-11 21:58:33
2643,renfe,MADRID,VALENCIA,2019-05-24 17:10:00,2019-05-24 18:54:00,1.73,AVE,Preferente,66.55,Promo,,{},2019-04-11 21:58:33
2644,renfe,MADRID,VALENCIA,2019-05-23 15:40:00,2019-05-23 17:22:00,1.7,AVE,Turista,57.75,Promo,,{},2019-04-11 21:58:33
2645,renfe,MADRID,VALENCIA,2019-05-24 09:40:00,2019-05-24 11:24:00,1.73,AVE,Turista,39.45,Promo,,{},2019-04-11 21:58:33
2646,renfe,MADRID,VALENCIA,2019-05-23 15:10:00,2019-05-23 16:52:00,1.7,AVE,Turista,33.65,Promo,,{},2019-04-11 21:58:33
2647,renfe,MADRID,VALENCIA,2019-05-23 11:55:00,2019-05-23 13:35:00,1.67,AVE,Turista,21.95,Promo,,{},2019-04-11 21:58:33
2648,renfe,MADRID,VALENCIA,2019-05-24 17:48:00,2019-05-24 21:58:00,4.17,INTERCITY,Turista Plus,36.05,Promo,,{},2019-04-11 21:58:33
2649,renfe,MADRID,VALENCIA,2019-05-23 15:30:00,2019-05-23 22:31:00,7.02,AVE-MD,Turista con enlace,,Flexible,,{},2019-04-11 21:58:33
2650,renfe,MADRID,VALENCIA,2019-05-23 12:21:00,2019-05-23 19:04:00,6.72,REGIONAL,Turista,28.35,Adulto ida,,{},2019-04-11 21:58:33
2651,renfe,MADRID,VALENCIA,2019-05-23 17:40:00,2019-05-23 19:20:00,1.67,AVE,Preferente,66.55,Promo,,{},2019-04-11 21:58:33
2652,renfe,MADRID,VALENCIA,2019-05-23 10:40:00,2019-05-23 12:20:00,1.67,AVE,Turista,21.95,Promo,,{},2019-04-11 21:58:33
2653,renfe,MADRID,VALENCIA,2019-05-23 19:40:00,2019-05-23 21:29:00,1.82,AVE,Turista,45.3,Promo,,{},2019-04-11 21:58:33
2654,renfe,MADRID,VALENCIA,2019-05-24 11:10:00,2019-05-24 13:25:00,2.25,INTERCITY,Turista,29.9,Promo,,{},2019-04-11 21:58:33
2655,renfe,MADRID,VALENCIA,2019-05-23 18:40:00,2019-05-23 20:20:00,1.67,AVE,Turista,57.75,Promo,,{},2019-04-11 21:58:33
2656,renfe,MADRID,VALENCIA,2019-05-23 17:48:00,2019-05-23 21:58:00,4.17,INTERCITY,Turista,21.45,Promo,,{},2019-04-11 21:58:33
2657,renfe,MADRID,VALENCIA,2019-05-24 17:40:00,2019-05-24 19:20:00,1.67,AVE,Preferente,66.55,Promo,,{},2019-04-11 21:58:33
2658,renfe,MADRID,VALENCIA,2019-05-24 06:08:00,2019-05-24 12:55:00,6.78,REGIONAL,Turista,28.35,Adulto ida,,{},2019-04-11 21:58:33
2659,renfe,MADRID,SEVILLA,2019-04-24 08:30:00,2019-04-24 11:14:00,2.73,ALVIA,Turista,,Promo,,{},2019-04-11 21:58:49
2660,renfe,MADRID,BARCELONA,2019-05-05 07:30:00,2019-05-05 10:40:00,3.17,AVE,Turista,66.75,Promo,,{},2019-04-11 21:58:49
2661,renfe,MADRID,BARCELONA,2019-05-05 16:30:00,2019-05-05 19:15:00,2.75,AVE,Turista,107.7,Flexible,,{},2019-04-11 21:58:49
2662,renfe,MADRID,BARCELONA,2019-05-05 08:30:00,2019-05-05 11:15:00,2.75,AVE,Turista,85.1,Promo,,{},2019-04-11 21:58:49
2663,renfe,MADRID,SEVILLA,2019-04-24 11:05:00,2019-04-24 13:41:00,2.6,ALVIA,Turista,40.3,Promo,,{},2019-04-11 21:58:49
2664,renfe,MADRID,BARCELONA,2019-05-05 09:30:00,2019-05-05 12:34:00,3.07,AVE,Turista,85.1,Promo,,{},2019-04-11 21:58:49
2665,renfe,MADRID,SEVILLA,2019-04-24 09:45:00,2019-04-24 12:27:00,2.7,INTERCITY,Turista,62.2,Flexible,,{},2019-04-11 21:58:49
2666,renfe,MADRID,BARCELONA,2019-05-05 10:30:00,2019-05-05 13:15:00,2.75,AVE,Turista,85.1,Promo,,{},2019-04-11 21:58:49
2667,renfe,MADRID,BARCELONA,2019-05-05 06:20:00,2019-05-05 09:29:00,3.15,AVE,Preferente,54.45,Promo,,{},2019-04-11 21:58:49
2668,renfe,MADRID,BARCELONA,2019-05-05 11:30:00,2019-05-05 14:40:00,3.17,AVE,Turista,107.7,Flexible,,{},2019-04-11 21:58:49
2669,renfe,MADRID,BARCELONA,2019-05-05 07:30:00,2019-05-05 10:40:00,3.17,AVE,Turista,66.75,Promo,,{},2019-04-11 21:58:49
2670,renfe,MADRID,BARCELONA,2019-05-05 12:30:00,2019-05-05 15:30:00,3.0,AVE,Turista Plus,102.15,Promo,,{},2019-04-11 21:58:49
2671,renfe,MADRID,SEVILLA,2019-04-24 13:00:00,2019-04-24 15:40:00,2.67,AVE,Turista,47.3,Promo,,{},2019-04-11 21:58:49
2672,renfe,MADRID,BARCELONA,2019-05-05 13:25:00,2019-05-05 16:24:00,2.98,AVE-TGV,Preferente,,Promo,,{},2019-04-11 21:58:49
2673,renfe,MADRID,BARCELONA,2019-05-05 11:30:00,2019-05-05 14:40:00,3.17,AVE,Turista,107.7,Flexible,,{},2019-04-11 21:58:49
2674,renfe,MADRID,BARCELONA,2019-05-05 14:00:00,2019-05-05 16:30:00,2.5,AVE,Turista,88.95,Promo,,{},2019-04-11 21:58:49
2675,renfe,MADRID,SEVILLA,2019-04-24 06:20:00,2019-04-24 09:16:00,2.93,AV City,Turista,38.55,Promo,,{},2019-04-11 21:58:49
2676,renfe,MADRID,BARCELONA,2019-05-05 14:30:00,2019-05-05 17:21:00,2.85,AVE,Turista Plus,90.5,Promo,,{},2019-04-11 21:58:49
2677,renfe,MADRID,SEVILLA,2019-04-24 17:00:00,2019-04-24 19:38:00,2.63,AVE,Preferente,69.4,Promo,,{},2019-04-11 21:58:49
2678,renfe,MADRID,BARCELONA,2019-05-05 15:30:00,2019-05-05 18:40:00,3.17,AVE,Turista,107.7,Flexible,,{},2019-04-11 21:58:49
2679,renfe,MADRID,BARCELONA,2019-05-05 16:00:00,2019-05-05 18:30:00,2.5,AVE,Turista,100.4,Promo,,{},2019-04-11 21:58:49
2680,renfe,MADRID,BARCELONA,2019-05-05 16:00:00,2019-05-05 18:30:00,2.5,AVE,Turista,100.4,Promo,,{},2019-04-11 21:58:49
2681,renfe,MADRID,SEVILLA,2019-04-24 14:00:00,2019-04-24 16:32:00,2.53,AVE,Turista,47.3,Promo,,{},2019-04-11 21:58:49
2682,renfe,MADRID,BARCELONA,2019-05-05 16:30:00,2019-05-05 19:15:00,2.75,AVE,Turista,107.7,Flexible,,{},2019-04-11 21:58:49
2683,renfe,MADRID,SEVILLA,2019-04-24 10:00:00,2019-04-24 12:32:00,2.53,AVE,Turista,60.3,Promo,,{},2019-04-11 21:58:49
2684,renfe,MADRID,BARCELONA,2019-05-05 17:00:00,2019-05-05 19:30:00,2.5,AVE,Turista,100.4,Promo,,{},2019-04-11 21:58:49
2685,renfe,MADRID,SEVILLA,2019-04-24 21:25:00,2019-04-25 00:10:00,2.75,AV City,Turista,38.55,Promo,,{},2019-04-11 21:58:49
2686,renfe,MADRID,BARCELONA,2019-05-05 17:30:00,2019-05-05 20:40:00,3.17,AVE,Turista,107.7,Flexible,,{},2019-04-11 21:58:49
2687,renfe,MADRID,BARCELONA,2019-05-05 19:30:00,2019-05-05 22:40:00,3.17,AVE,Turista,107.7,Flexible,,{},2019-04-11 21:58:49
2688,renfe,MADRID,BARCELONA,2019-05-05 18:00:00,2019-05-05 20:30:00,2.5,AVE,Turista,127.1,Flexible,,{},2019-04-11 21:58:49
2689,renfe,MADRID,SEVILLA,2019-04-24 09:00:00,2019-04-24 11:38:00,2.63,AVE,Turista,53.4,Promo,,{},2019-04-11 21:58:49
2690,renfe,MADRID,BARCELONA,2019-05-05 18:30:00,2019-05-05 21:20:00,2.83,AVE,Turista Plus,102.15,Promo,,{},2019-04-11 21:58:49
2691,renfe,MADRID,BARCELONA,2019-05-05 19:00:00,2019-05-05 21:30:00,2.5,AVE,Preferente,115.65,Promo,,{},2019-04-11 21:58:49
2692,renfe,MADRID,BARCELONA,2019-05-05 19:00:00,2019-05-05 21:30:00,2.5,AVE,Preferente,115.65,Promo,,{},2019-04-11 21:58:49
2693,renfe,MADRID,SEVILLA,2019-04-24 08:00:00,2019-04-24 10:32:00,2.53,AVE,Turista,53.4,Promo,,{},2019-04-11 21:58:49
2694,renfe,MADRID,BARCELONA,2019-05-05 19:30:00,2019-05-05 22:40:00,3.17,AVE,Turista,107.7,Flexible,,{},2019-04-11 21:58:49
2695,renfe,MADRID,BARCELONA,2019-05-05 17:30:00,2019-05-05 20:40:00,3.17,AVE,Turista,107.7,Flexible,,{},2019-04-11 21:58:49
2696,renfe,MADRID,BARCELONA,2019-05-05 20:00:00,2019-05-05 22:30:00,2.5,AVE,Turista,100.4,Promo,,{},2019-04-11 21:58:49
2697,renfe,MADRID,BARCELONA,2019-05-05 10:30:00,2019-05-05 13:15:00,2.75,AVE,Turista,85.1,Promo,,{},2019-04-11 21:58:49
2698,renfe,MADRID,BARCELONA,2019-05-05 20:30:00,2019-05-05 23:40:00,3.17,AVE,Preferente,,Promo,,{},2019-04-11 21:58:49
2699,renfe,MADRID,SEVILLA,2019-04-24 16:30:00,2019-04-24 18:51:00,2.35,AVE,Turista,53.4,Promo,,{},2019-04-11 21:58:49
2700,renfe,MADRID,BARCELONA,2019-05-05 21:25:00,2019-05-05 23:55:00,2.5,AVE,Turista Plus,80.15,Promo,,{},2019-04-11 21:58:49
2701,renfe,MADRID,BARCELONA,2019-05-05 13:25:00,2019-05-05 16:24:00,2.98,AVE-TGV,Preferente,,Promo,,{},2019-04-11 21:58:49
2702,renfe,MADRID,SEVILLA,2019-04-24 06:20:00,2019-04-24 09:16:00,2.93,AV City,Turista,38.55,Promo,,{},2019-04-11 21:58:49
2703,renfe,MADRID,BARCELONA,2019-05-05 18:30:00,2019-05-05 21:20:00,2.83,AVE,Turista Plus,102.15,Promo,,{},2019-04-11 21:58:49
2704,renfe,MADRID,SEVILLA,2019-04-24 07:00:00,2019-04-24 09:32:00,2.53,AVE,Preferente,69.4,Promo,,{},2019-04-11 21:58:49
2705,renfe,MADRID,BARCELONA,2019-05-05 14:00:00,2019-05-05 16:30:00,2.5,AVE,Turista,88.95,Promo,,{},2019-04-11 21:58:49
2706,renfe,MADRID,SEVILLA,2019-04-24 07:30:00,2019-04-24 09:51:00,2.35,AVE,Turista,47.3,Promo,,{},2019-04-11 21:58:49
2707,renfe,MADRID,BARCELONA,2019-05-05 20:00:00,2019-05-05 22:30:00,2.5,AVE,Turista,100.4,Promo,,{},2019-04-11 21:58:49
2708,renfe,MADRID,SEVILLA,2019-04-24 08:00:00,2019-04-24 10:32:00,2.53,AVE,Turista,53.4,Promo,,{},2019-04-11 21:58:49
2709,renfe,MADRID,SEVILLA,2019-04-24 13:30:00,2019-04-24 16:05:00,2.58,ALVIA,Turista,,Promo,,{},2019-04-11 21:58:49
2710,renfe,MADRID,SEVILLA,2019-04-24 08:30:00,2019-04-24 11:14:00,2.73,ALVIA,Turista,,Promo,,{},2019-04-11 21:58:49
2711,renfe,MADRID,SEVILLA,2019-04-24 18:00:00,2019-04-24 20:32:00,2.53,AVE,Turista,60.3,Promo,,{},2019-04-11 21:58:49
2712,renfe,MADRID,SEVILLA,2019-04-24 09:00:00,2019-04-24 11:38:00,2.63,AVE,Turista,53.4,Promo,,{},2019-04-11 21:58:49
2713,renfe,MADRID,SEVILLA,2019-04-24 20:35:00,2019-04-24 23:15:00,2.67,AVE,Turista,53.4,Promo,,{},2019-04-11 21:58:49
2714,renfe,MADRID,SEVILLA,2019-04-24 09:45:00,2019-04-24 12:27:00,2.7,INTERCITY,Turista,62.2,Flexible,,{},2019-04-11 21:58:49
2715,renfe,MADRID,SEVILLA,2019-04-24 15:00:00,2019-04-24 17:21:00,2.35,AVE,Turista,47.3,Promo,,{},2019-04-11 21:58:49
2716,renfe,MADRID,SEVILLA,2019-04-24 10:00:00,2019-04-24 12:32:00,2.53,AVE,Turista,60.3,Promo,,{},2019-04-11 21:58:49
2717,renfe,MADRID,SEVILLA,2019-04-24 19:00:00,2019-04-24 21:38:00,2.63,AVE,Turista,76.3,Flexible,,{},2019-04-11 21:58:49
2718,renfe,MADRID,SEVILLA,2019-04-24 11:00:00,2019-04-24 13:32:00,2.53,AVE,Turista,53.4,Promo,,{},2019-04-11 21:58:49
2719,renfe,MADRID,BARCELONA,2019-05-05 14:30:00,2019-05-05 17:21:00,2.85,AVE,Turista Plus,90.5,Promo,,{},2019-04-11 21:58:49
2720,renfe,MADRID,SEVILLA,2019-04-24 11:05:00,2019-04-24 13:41:00,2.6,ALVIA,Turista,40.3,Promo,,{},2019-04-11 21:58:49
2721,renfe,MADRID,SEVILLA,2019-04-24 12:00:00,2019-04-24 14:32:00,2.53,AVE,Turista,47.3,Promo,,{},2019-04-11 21:58:49
2722,renfe,MADRID,SEVILLA,2019-04-24 12:00:00,2019-04-24 14:32:00,2.53,AVE,Turista,47.3,Promo,,{},2019-04-11 21:58:49
2723,renfe,MADRID,SEVILLA,2019-04-24 11:00:00,2019-04-24 13:32:00,2.53,AVE,Turista,53.4,Promo,,{},2019-04-11 21:58:49
2724,renfe,MADRID,SEVILLA,2019-04-24 13:00:00,2019-04-24 15:40:00,2.67,AVE,Turista,47.3,Promo,,{},2019-04-11 21:58:49
2725,renfe,MADRID,SEVILLA,2019-04-24 13:10:00,2019-04-24 20:51:00,7.68,MD-LD,Turista con enlace,27.5,Promo,,{},2019-04-11 21:58:49
2726,renfe,MADRID,SEVILLA,2019-04-24 13:30:00,2019-04-24 16:05:00,2.58,ALVIA,Turista,,Promo,,{},2019-04-11 21:58:49
2727,renfe,MADRID,SEVILLA,2019-04-24 14:00:00,2019-04-24 16:32:00,2.53,AVE,Turista,47.3,Promo,,{},2019-04-11 21:58:49
2728,renfe,MADRID,SEVILLA,2019-04-24 15:00:00,2019-04-24 17:21:00,2.35,AVE,Turista,47.3,Promo,,{},2019-04-11 21:58:49
2729,renfe,MADRID,SEVILLA,2019-04-24 16:00:00,2019-04-24 18:30:00,2.5,AVE,Turista,53.4,Promo,,{},2019-04-11 21:58:49
2730,renfe,MADRID,SEVILLA,2019-04-24 16:30:00,2019-04-24 18:51:00,2.35,AVE,Turista,53.4,Promo,,{},2019-04-11 21:58:49
2731,renfe,MADRID,SEVILLA,2019-04-24 17:00:00,2019-04-24 19:38:00,2.63,AVE,Preferente,69.4,Promo,,{},2019-04-11 21:58:49
2732,renfe,MADRID,SEVILLA,2019-04-24 18:00:00,2019-04-24 20:32:00,2.53,AVE,Turista,60.3,Promo,,{},2019-04-11 21:58:49
2733,renfe,MADRID,SEVILLA,2019-04-24 19:00:00,2019-04-24 21:38:00,2.63,AVE,Turista,76.3,Flexible,,{},2019-04-11 21:58:49
2734,renfe,MADRID,SEVILLA,2019-04-24 19:30:00,2019-04-24 22:05:00,2.58,AVE,Preferente,69.4,Promo,,{},2019-04-11 21:58:49
2735,renfe,MADRID,SEVILLA,2019-04-24 20:35:00,2019-04-24 23:15:00,2.67,AVE,Turista,53.4,Promo,,{},2019-04-11 21:58:49
2736,renfe,MADRID,SEVILLA,2019-04-24 21:25:00,2019-04-25 00:10:00,2.75,AV City,Turista,38.55,Promo,,{},2019-04-11 21:58:49
2737,renfe,MADRID,BARCELONA,2019-05-05 06:20:00,2019-05-05 09:29:00,3.15,AVE,Preferente,54.45,Promo,,{},2019-04-11 21:58:49
2738,renfe,MADRID,BARCELONA,2019-05-05 17:00:00,2019-05-05 19:30:00,2.5,AVE,Turista,100.4,Promo,,{},2019-04-11 21:58:49
2739,renfe,MADRID,BARCELONA,2019-05-05 15:30:00,2019-05-05 18:40:00,3.17,AVE,Turista,107.7,Flexible,,{},2019-04-11 21:58:49
2740,renfe,MADRID,SEVILLA,2019-04-24 07:00:00,2019-04-24 09:32:00,2.53,AVE,Preferente,69.4,Promo,,{},2019-04-11 21:58:49
2741,renfe,MADRID,BARCELONA,2019-05-05 08:30:00,2019-05-05 11:15:00,2.75,AVE,Turista,85.1,Promo,,{},2019-04-11 21:58:49
2742,renfe,MADRID,BARCELONA,2019-05-05 18:00:00,2019-05-05 20:30:00,2.5,AVE,Turista,127.1,Flexible,,{},2019-04-11 21:58:49
2743,renfe,MADRID,SEVILLA,2019-04-24 19:30:00,2019-04-24 22:05:00,2.58,AVE,Preferente,69.4,Promo,,{},2019-04-11 21:58:49
2744,renfe,MADRID,BARCELONA,2019-05-05 21:25:00,2019-05-05 23:55:00,2.5,AVE,Turista Plus,80.15,Promo,,{},2019-04-11 21:58:49
2745,renfe,MADRID,SEVILLA,2019-04-24 13:10:00,2019-04-24 20:51:00,7.68,MD-LD,Turista con enlace,27.5,Promo,,{},2019-04-11 21:58:49
2746,renfe,MADRID,BARCELONA,2019-05-05 09:30:00,2019-05-05 12:34:00,3.07,AVE,Turista,85.1,Promo,,{},2019-04-11 21:58:49
2747,renfe,MADRID,SEVILLA,2019-04-24 16:00:00,2019-04-24 18:30:00,2.5,AVE,Turista,53.4,Promo,,{},2019-04-11 21:58:49
2748,renfe,MADRID,BARCELONA,2019-05-05 20:30:00,2019-05-05 23:40:00,3.17,AVE,Preferente,,Promo,,{},2019-04-11 21:58:49
2749,renfe,MADRID,SEVILLA,2019-04-24 07:30:00,2019-04-24 09:51:00,2.35,AVE,Turista,47.3,Promo,,{},2019-04-11 21:58:49
2750,renfe,MADRID,BARCELONA,2019-05-05 12:30:00,2019-05-05 15:30:00,3.0,AVE,Turista Plus,102.15,Promo,,{},2019-04-11 21:58:49
2751,renfe,MADRID,SEVILLA,2019-04-17 09:00:00,2019-04-17 11:38:00,2.63,AVE,Turista,76.3,Flexible,,{},2019-04-11 21:59:05
2752,renfe,MADRID,VALENCIA,2019-06-06 06:08:00,2019-06-06 12:55:00,6.78,REGIONAL,Turista,28.35,Adulto ida,,{},2019-04-11 21:59:05
2753,renfe,MADRID,SEVILLA,2019-04-17 13:10:00,2019-04-17 20:51:00,7.68,MD-LD,Turista con enlace,34.35,Promo +,,{},2019-04-11 21:59:05
2754,renfe,MADRID,VALENCIA,2019-06-06 12:21:00,2019-06-06 19:04:00,6.72,REGIONAL,Turista,28.35,Adulto ida,,{},2019-04-11 21:59:05
2755,renfe,MADRID,SEVILLA,2019-04-17 20:35:00,2019-04-17 23:15:00,2.67,AVE,Turista,76.3,Flexible,,{},2019-04-11 21:59:05
2756,renfe,MADRID,VALENCIA,2019-06-06 16:05:00,2019-06-06 22:47:00,6.7,REGIONAL,Turista,28.35,Adulto ida,,{},2019-04-11 21:59:05
2757,renfe,MADRID,VALENCIA,2019-06-06 06:08:00,2019-06-06 12:55:00,6.78,REGIONAL,Turista,28.35,Adulto ida,,{},2019-04-11 21:59:05
2758,renfe,MADRID,SEVILLA,2019-04-17 06:20:00,2019-04-17 09:16:00,2.93,AV City,Turista Plus,74.6,Flexible,,{},2019-04-11 21:59:05
2759,renfe,MADRID,SEVILLA,2019-04-17 14:00:00,2019-04-17 16:32:00,2.53,AVE,Turista,76.3,Flexible,,{},2019-04-11 21:59:05
2760,renfe,MADRID,SEVILLA,2019-04-17 07:00:00,2019-04-17 09:32:00,2.53,AVE,Turista,,Flexible,,{},2019-04-11 21:59:05
2761,renfe,MADRID,SEVILLA,2019-04-17 11:05:00,2019-04-17 13:41:00,2.6,ALVIA,Turista Plus,,Flexible,,{},2019-04-11 21:59:05
2762,renfe,MADRID,SEVILLA,2019-04-17 08:00:00,2019-04-17 10:32:00,2.53,AVE,Turista,76.3,Flexible,,{},2019-04-11 21:59:05
2763,renfe,MADRID,SEVILLA,2019-04-17 17:00:00,2019-04-17 19:38:00,2.63,AVE,Turista,76.3,Flexible,,{},2019-04-11 21:59:05
2764,renfe,MADRID,SEVILLA,2019-04-17 08:30:00,2019-04-17 11:14:00,2.73,ALVIA,Turista,,Flexible,,{},2019-04-11 21:59:05
2765,renfe,MADRID,SEVILLA,2019-04-17 21:25:00,2019-04-18 00:10:00,2.75,AV City,Turista,62.2,Flexible,,{},2019-04-11 21:59:05
2766,renfe,MADRID,SEVILLA,2019-04-17 09:00:00,2019-04-17 11:38:00,2.63,AVE,Turista,76.3,Flexible,,{},2019-04-11 21:59:05
2767,renfe,MADRID,SEVILLA,2019-04-17 06:20:00,2019-04-17 09:16:00,2.93,AV City,Turista Plus,74.6,Flexible,,{},2019-04-11 21:59:05
2768,renfe,MADRID,SEVILLA,2019-04-17 09:45:00,2019-04-17 12:27:00,2.7,INTERCITY,Turista,,Flexible,,{},2019-04-11 21:59:05
2769,renfe,MADRID,SEVILLA,2019-04-17 09:45:00,2019-04-17 12:27:00,2.7,INTERCITY,Turista,,Flexible,,{},2019-04-11 21:59:05
2770,renfe,MADRID,SEVILLA,2019-04-17 10:00:00,2019-04-17 12:32:00,2.53,AVE,Turista,76.3,Flexible,,{},2019-04-11 21:59:05
2771,renfe,MADRID,SEVILLA,2019-04-17 11:00:00,2019-04-17 13:32:00,2.53,AVE,Turista Plus,,Flexible,,{},2019-04-11 21:59:05
2772,renfe,MADRID,SEVILLA,2019-04-17 11:00:00,2019-04-17 13:32:00,2.53,AVE,Turista Plus,,Flexible,,{},2019-04-11 21:59:05
2773,renfe,MADRID,VALENCIA,2019-06-06 12:21:00,2019-06-06 19:04:00,6.72,REGIONAL,Turista,28.35,Adulto ida,,{},2019-04-11 21:59:05
2774,renfe,MADRID,SEVILLA,2019-04-17 11:05:00,2019-04-17 13:41:00,2.6,ALVIA,Turista Plus,,Flexible,,{},2019-04-11 21:59:05
2775,renfe,MADRID,SEVILLA,2019-04-17 10:00:00,2019-04-17 12:32:00,2.53,AVE,Turista,76.3,Flexible,,{},2019-04-11 21:59:05
2776,renfe,MADRID,SEVILLA,2019-04-17 12:00:00,2019-04-17 14:32:00,2.53,AVE,Turista Plus,91.5,Flexible,,{},2019-04-11 21:59:05
2777,renfe,MADRID,SEVILLA,2019-04-17 18:00:00,2019-04-17 20:32:00,2.53,AVE,Preferente,,Flexible,,{},2019-04-11 21:59:05
2778,renfe,MADRID,SEVILLA,2019-04-17 13:00:00,2019-04-17 15:40:00,2.67,AVE,Turista,76.3,Flexible,,{},2019-04-11 21:59:05
2779,renfe,MADRID,SEVILLA,2019-04-17 08:00:00,2019-04-17 10:32:00,2.53,AVE,Turista,76.3,Flexible,,{},2019-04-11 21:59:05
2780,renfe,MADRID,SEVILLA,2019-04-17 13:10:00,2019-04-17 20:51:00,7.68,MD-LD,Turista con enlace,34.35,Promo +,,{},2019-04-11 21:59:05
2781,renfe,MADRID,SEVILLA,2019-04-17 12:00:00,2019-04-17 14:32:00,2.53,AVE,Turista Plus,91.5,Flexible,,{},2019-04-11 21:59:05
2782,renfe,MADRID,SEVILLA,2019-04-17 13:30:00,2019-04-17 16:05:00,2.58,ALVIA,Turista,,Flexible,,{},2019-04-11 21:59:05
2783,renfe,MADRID,SEVILLA,2019-04-17 20:00:00,2019-04-17 22:21:00,2.35,AVE,Turista,76.3,Flexible,,{},2019-04-11 21:59:05
2784,renfe,MADRID,SEVILLA,2019-04-17 14:00:00,2019-04-17 16:32:00,2.53,AVE,Turista,76.3,Flexible,,{},2019-04-11 21:59:05
2785,renfe,MADRID,SEVILLA,2019-04-17 13:00:00,2019-04-17 15:40:00,2.67,AVE,Turista,76.3,Flexible,,{},2019-04-11 21:59:05
2786,renfe,MADRID,SEVILLA,2019-04-17 15:00:00,2019-04-17 17:21:00,2.35,AVE,Turista,76.3,Flexible,,{},2019-04-11 21:59:05
2787,renfe,MADRID,SEVILLA,2019-04-17 15:00:00,2019-04-17 17:21:00,2.35,AVE,Turista,76.3,Flexible,,{},2019-04-11 21:59:05
2788,renfe,MADRID,SEVILLA,2019-04-17 16:00:00,2019-04-17 18:30:00,2.5,AVE,Turista,76.3,Flexible,,{},2019-04-11 21:59:05
2789,renfe,MADRID,SEVILLA,2019-04-17 16:30:00,2019-04-17 18:51:00,2.35,AVE,Turista,76.3,Flexible,,{},2019-04-11 21:59:05
2790,renfe,MADRID,SEVILLA,2019-04-17 17:00:00,2019-04-17 19:38:00,2.63,AVE,Turista,76.3,Flexible,,{},2019-04-11 21:59:05
2791,renfe,MADRID,SEVILLA,2019-04-17 18:00:00,2019-04-17 20:32:00,2.53,AVE,Preferente,,Flexible,,{},2019-04-11 21:59:05
2792,renfe,MADRID,SEVILLA,2019-04-17 18:35:00,2019-04-17 21:08:00,2.55,ALVIA,Preferente,87.4,Flexible,,{},2019-04-11 21:59:05
2793,renfe,MADRID,SEVILLA,2019-04-17 19:00:00,2019-04-17 21:38:00,2.63,AVE,Turista,76.3,Flexible,,{},2019-04-11 21:59:05
2794,renfe,MADRID,SEVILLA,2019-04-17 19:30:00,2019-04-17 22:05:00,2.58,AVE,Turista,,Flexible,,{},2019-04-11 21:59:05
2795,renfe,MADRID,SEVILLA,2019-04-17 20:00:00,2019-04-17 22:21:00,2.35,AVE,Turista,76.3,Flexible,,{},2019-04-11 21:59:05
2796,renfe,MADRID,SEVILLA,2019-04-17 20:35:00,2019-04-17 23:15:00,2.67,AVE,Turista,76.3,Flexible,,{},2019-04-11 21:59:05
2797,renfe,MADRID,SEVILLA,2019-04-17 21:25:00,2019-04-18 00:10:00,2.75,AV City,Turista,62.2,Flexible,,{},2019-04-11 21:59:05
2798,renfe,MADRID,SEVILLA,2019-04-17 16:30:00,2019-04-17 18:51:00,2.35,AVE,Turista,76.3,Flexible,,{},2019-04-11 21:59:05
2799,renfe,MADRID,VALENCIA,2019-06-06 16:05:00,2019-06-06 22:47:00,6.7,REGIONAL,Turista,28.35,Adulto ida,,{},2019-04-11 21:59:05
2800,renfe,MADRID,SEVILLA,2019-04-17 18:35:00,2019-04-17 21:08:00,2.55,ALVIA,Preferente,87.4,Flexible,,{},2019-04-11 21:59:05
2801,renfe,MADRID,SEVILLA,2019-04-17 08:30:00,2019-04-17 11:14:00,2.73,ALVIA,Turista,,Flexible,,{},2019-04-11 21:59:05
2802,renfe,MADRID,SEVILLA,2019-04-17 13:30:00,2019-04-17 16:05:00,2.58,ALVIA,Turista,,Flexible,,{},2019-04-11 21:59:05
2803,renfe,MADRID,SEVILLA,2019-04-17 19:30:00,2019-04-17 22:05:00,2.58,AVE,Turista,,Flexible,,{},2019-04-11 21:59:05
2804,renfe,MADRID,SEVILLA,2019-04-17 19:00:00,2019-04-17 21:38:00,2.63,AVE,Turista,76.3,Flexible,,{},2019-04-11 21:59:05
2805,renfe,MADRID,SEVILLA,2019-04-17 07:00:00,2019-04-17 09:32:00,2.53,AVE,Turista,,Flexible,,{},2019-04-11 21:59:05
2806,renfe,MADRID,SEVILLA,2019-04-17 16:00:00,2019-04-17 18:30:00,2.5,AVE,Turista,76.3,Flexible,,{},2019-04-11 21:59:05
2807,renfe,MADRID,VALENCIA,2019-06-07 12:21:00,2019-06-07 19:04:00,6.72,REGIONAL,Turista,28.35,Adulto ida,,{},2019-04-11 21:59:21
2808,renfe,MADRID,VALENCIA,2019-06-08 08:00:00,2019-06-08 14:10:00,6.17,REGIONAL,Turista,28.35,Adulto ida,,{},2019-04-11 21:59:21
2809,renfe,MADRID,VALENCIA,2019-06-07 06:08:00,2019-06-07 12:55:00,6.78,REGIONAL,Turista,28.35,Adulto ida,,{},2019-04-11 21:59:21
2810,renfe,MADRID,VALENCIA,2019-06-08 16:30:00,2019-06-08 22:47:00,6.28,REGIONAL,Turista,28.35,Adulto ida,,{},2019-04-11 21:59:21
2811,renfe,MADRID,VALENCIA,2019-06-08 16:30:00,2019-06-08 22:47:00,6.28,REGIONAL,Turista,28.35,Adulto ida,,{},2019-04-11 21:59:21
2812,renfe,MADRID,VALENCIA,2019-06-07 06:08:00,2019-06-07 12:55:00,6.78,REGIONAL,Turista,28.35,Adulto ida,,{},2019-04-11 21:59:21
2813,renfe,MADRID,VALENCIA,2019-06-07 16:30:00,2019-06-07 22:47:00,6.28,REGIONAL,Turista,28.35,Adulto ida,,{},2019-04-11 21:59:21
2814,renfe,MADRID,VALENCIA,2019-06-07 12:21:00,2019-06-07 19:04:00,6.72,REGIONAL,Turista,28.35,Adulto ida,,{},2019-04-11 21:59:21
2815,renfe,MADRID,VALENCIA,2019-06-07 16:30:00,2019-06-07 22:47:00,6.28,REGIONAL,Turista,28.35,Adulto ida,,{},2019-04-11 21:59:21
2816,renfe,MADRID,VALENCIA,2019-06-08 08:00:00,2019-06-08 14:10:00,6.17,REGIONAL,Turista,28.35,Adulto ida,,{},2019-04-11 21:59:21
2817,renfe,MADRID,VALENCIA,2019-05-17 19:40:00,2019-05-17 21:29:00,1.82,AVE,Turista,51.15,Promo,,{},2019-04-11 21:59:37
2818,renfe,MADRID,VALENCIA,2019-05-17 06:08:00,2019-05-17 12:55:00,6.78,REGIONAL,Turista,28.35,Adulto ida,,{},2019-04-11 21:59:37
2819,renfe,MADRID,VALENCIA,2019-06-09 06:20:00,2019-06-09 12:55:00,6.58,REGIONAL,Turista,28.35,Adulto ida,,{},2019-04-11 21:59:37
2820,renfe,MADRID,VALENCIA,2019-05-17 06:45:00,2019-05-17 08:38:00,1.88,AVE,Turista,33.65,Promo,,{},2019-04-11 21:59:37
2821,renfe,MADRID,VALENCIA,2019-05-17 18:10:00,2019-05-17 19:50:00,1.67,AVE,Preferente,66.55,Promo,,{},2019-04-11 21:59:37
2822,renfe,MADRID,VALENCIA,2019-05-17 09:10:00,2019-05-17 10:58:00,1.8,AVE,Turista,45.3,Promo,,{},2019-04-11 21:59:37
2823,renfe,MADRID,VALENCIA,2019-05-17 18:40:00,2019-05-17 20:20:00,1.67,AVE,Turista,57.75,Promo,,{},2019-04-11 21:59:37
2824,renfe,MADRID,VALENCIA,2019-05-17 09:40:00,2019-05-17 11:24:00,1.73,AVE,Turista,39.45,Promo,,{},2019-04-11 21:59:37
2825,renfe,MADRID,VALENCIA,2019-05-17 09:10:00,2019-05-17 10:58:00,1.8,AVE,Turista,45.3,Promo,,{},2019-04-11 21:59:37
2826,renfe,MADRID,VALENCIA,2019-05-17 10:40:00,2019-05-17 12:20:00,1.67,AVE,Turista,39.45,Promo,,{},2019-04-11 21:59:37
2827,renfe,MADRID,VALENCIA,2019-05-17 16:55:00,2019-05-17 21:58:00,5.05,AVE-LD,Turista con enlace,56.1,Flexible,,{},2019-04-11 21:59:37
2828,renfe,MADRID,VALENCIA,2019-05-17 11:10:00,2019-05-17 13:25:00,2.25,INTERCITY,Turista,29.9,Promo,,{},2019-04-11 21:59:37
2829,renfe,MADRID,VALENCIA,2019-05-17 12:40:00,2019-05-17 14:20:00,1.67,AVE,Turista,45.3,Promo,,{},2019-04-11 21:59:37
2830,renfe,MADRID,VALENCIA,2019-05-17 12:21:00,2019-05-17 19:04:00,6.72,REGIONAL,Turista,28.35,Adulto ida,,{},2019-04-11 21:59:37
2831,renfe,MADRID,VALENCIA,2019-05-17 10:40:00,2019-05-17 12:20:00,1.67,AVE,Turista,39.45,Promo,,{},2019-04-11 21:59:37
2832,renfe,MADRID,VALENCIA,2019-05-17 12:40:00,2019-05-17 14:20:00,1.67,AVE,Turista,45.3,Promo,,{},2019-04-11 21:59:37
2833,renfe,MADRID,VALENCIA,2019-06-09 16:30:00,2019-06-09 22:47:00,6.28,REGIONAL,Turista,28.35,Adulto ida,,{},2019-04-11 21:59:37
2834,renfe,MADRID,VALENCIA,2019-05-17 14:10:00,2019-05-17 16:03:00,1.88,AVE,Turista,45.3,Promo,,{},2019-04-11 21:59:37
2835,renfe,MADRID,VALENCIA,2019-05-17 15:30:00,2019-05-17 22:31:00,7.02,AVE-MD,Turista con enlace,,Flexible,,{},2019-04-11 21:59:37
2836,renfe,MADRID,VALENCIA,2019-05-17 15:10:00,2019-05-17 17:20:00,2.17,INTERCITY,Turista,38.8,Promo,,{},2019-04-11 21:59:37
2837,renfe,MADRID,VALENCIA,2019-05-17 20:40:00,2019-05-17 22:24:00,1.73,AVE,Turista,45.3,Promo,,{},2019-04-11 21:59:37
2838,renfe,MADRID,VALENCIA,2019-05-17 15:10:00,2019-05-17 17:20:00,2.17,INTERCITY,Turista,38.8,Promo,,{},2019-04-11 21:59:37
2839,renfe,MADRID,VALENCIA,2019-05-17 21:10:00,2019-05-17 23:03:00,1.88,AVE,Turista,45.3,Promo,,{},2019-04-11 21:59:37
2840,renfe,MADRID,VALENCIA,2019-05-17 15:30:00,2019-05-17 22:31:00,7.02,AVE-MD,Turista con enlace,,Flexible,,{},2019-04-11 21:59:37
2841,renfe,MADRID,VALENCIA,2019-05-17 16:30:00,2019-05-17 22:47:00,6.28,REGIONAL,Turista,28.35,Adulto ida,,{},2019-04-11 21:59:37
2842,renfe,MADRID,VALENCIA,2019-05-17 15:40:00,2019-05-17 17:22:00,1.7,AVE,Turista,57.75,Promo,,{},2019-04-11 21:59:37
2843,renfe,MADRID,VALENCIA,2019-05-17 09:40:00,2019-05-17 11:24:00,1.73,AVE,Turista,39.45,Promo,,{},2019-04-11 21:59:37
2844,renfe,MADRID,VALENCIA,2019-05-17 16:30:00,2019-05-17 22:47:00,6.28,REGIONAL,Turista,28.35,Adulto ida,,{},2019-04-11 21:59:37
2845,renfe,MADRID,VALENCIA,2019-05-17 11:10:00,2019-05-17 13:25:00,2.25,INTERCITY,Turista,29.9,Promo,,{},2019-04-11 21:59:37
2846,renfe,MADRID,VALENCIA,2019-05-17 16:45:00,2019-05-17 18:50:00,2.08,ALVIA,Turista,,Flexible,,{},2019-04-11 21:59:37
2847,renfe,MADRID,VALENCIA,2019-05-17 15:40:00,2019-05-17 17:22:00,1.7,AVE,Turista,57.75,Promo,,{},2019-04-11 21:59:37
2848,renfe,MADRID,VALENCIA,2019-05-17 16:55:00,2019-05-17 21:58:00,5.05,AVE-LD,Turista con enlace,56.1,Flexible,,{},2019-04-11 21:59:37
2849,renfe,MADRID,VALENCIA,2019-05-17 15:10:00,2019-05-17 17:20:00,2.17,INTERCITY,Turista,38.8,Promo,,{},2019-04-11 21:59:37
2850,renfe,MADRID,VALENCIA,2019-05-17 17:10:00,2019-05-17 18:54:00,1.73,AVE,Preferente,66.55,Promo,,{},2019-04-11 21:59:37
2851,renfe,MADRID,VALENCIA,2019-05-17 16:45:00,2019-05-17 18:50:00,2.08,ALVIA,Turista,,Flexible,,{},2019-04-11 21:59:37
2852,renfe,MADRID,VALENCIA,2019-05-17 17:40:00,2019-05-17 19:20:00,1.67,AVE,Preferente,66.55,Promo,,{},2019-04-11 21:59:37
2853,renfe,MADRID,VALENCIA,2019-05-17 06:08:00,2019-05-17 12:55:00,6.78,REGIONAL,Turista,28.35,Adulto ida,,{},2019-04-11 21:59:37
2854,renfe,MADRID,VALENCIA,2019-05-17 17:48:00,2019-05-17 21:58:00,4.17,INTERCITY,Turista Plus,25.75,Promo,,{},2019-04-11 21:59:37
2855,renfe,MADRID,VALENCIA,2019-05-17 18:10:00,2019-05-17 19:50:00,1.67,AVE,Preferente,66.55,Promo,,{},2019-04-11 21:59:37
2856,renfe,MADRID,VALENCIA,2019-05-17 18:40:00,2019-05-17 20:20:00,1.67,AVE,Turista,57.75,Promo,,{},2019-04-11 21:59:37
2857,renfe,MADRID,VALENCIA,2019-05-17 19:40:00,2019-05-17 21:29:00,1.82,AVE,Turista,51.15,Promo,,{},2019-04-11 21:59:37
2858,renfe,MADRID,VALENCIA,2019-05-17 20:40:00,2019-05-17 22:24:00,1.73,AVE,Turista,45.3,Promo,,{},2019-04-11 21:59:37
2859,renfe,MADRID,VALENCIA,2019-05-17 21:10:00,2019-05-17 23:03:00,1.88,AVE,Turista,45.3,Promo,,{},2019-04-11 21:59:37
2860,renfe,MADRID,VALENCIA,2019-06-09 06:20:00,2019-06-09 12:55:00,6.58,REGIONAL,Turista,28.35,Adulto ida,,{},2019-04-11 21:59:37
2861,renfe,MADRID,VALENCIA,2019-06-09 12:42:00,2019-06-09 19:04:00,6.37,REGIONAL,Turista,28.35,Adulto ida,,{},2019-04-11 21:59:37
2862,renfe,MADRID,VALENCIA,2019-06-09 16:30:00,2019-06-09 22:47:00,6.28,REGIONAL,Turista,28.35,Adulto ida,,{},2019-04-11 21:59:37
2863,renfe,MADRID,VALENCIA,2019-05-17 14:10:00,2019-05-17 16:03:00,1.88,AVE,Turista,45.3,Promo,,{},2019-04-11 21:59:37
2864,renfe,MADRID,VALENCIA,2019-05-17 17:40:00,2019-05-17 19:20:00,1.67,AVE,Preferente,66.55,Promo,,{},2019-04-11 21:59:37
2865,renfe,MADRID,VALENCIA,2019-05-17 12:21:00,2019-05-17 19:04:00,6.72,REGIONAL,Turista,28.35,Adulto ida,,{},2019-04-11 21:59:37
2866,renfe,MADRID,VALENCIA,2019-05-17 15:10:00,2019-05-17 17:20:00,2.17,INTERCITY,Turista,38.8,Promo,,{},2019-04-11 21:59:37
2867,renfe,MADRID,VALENCIA,2019-05-17 17:10:00,2019-05-17 18:54:00,1.73,AVE,Preferente,66.55,Promo,,{},2019-04-11 21:59:37
2868,renfe,MADRID,VALENCIA,2019-05-17 17:48:00,2019-05-17 21:58:00,4.17,INTERCITY,Turista Plus,25.75,Promo,,{},2019-04-11 21:59:37
2869,renfe,MADRID,VALENCIA,2019-06-09 12:42:00,2019-06-09 19:04:00,6.37,REGIONAL,Turista,28.35,Adulto ida,,{},2019-04-11 21:59:37
2870,renfe,MADRID,VALENCIA,2019-05-17 06:45:00,2019-05-17 08:38:00,1.88,AVE,Turista,33.65,Promo,,{},2019-04-11 21:59:37
2871,renfe,MADRID,BARCELONA,2019-04-25 06:10:00,2019-04-25 08:40:00,2.5,AVE,Turista Plus,59.5,Promo,,{},2019-04-11 21:59:53
2872,renfe,MADRID,BARCELONA,2019-05-08 06:10:00,2019-05-08 08:40:00,2.5,AVE,Turista,85.1,Promo,,{},2019-04-11 21:59:53
2873,renfe,MADRID,BARCELONA,2019-05-08 20:30:00,2019-05-08 23:40:00,3.17,AVE,Turista,58.15,Promo,,{},2019-04-11 21:59:53
2874,renfe,MADRID,BARCELONA,2019-05-08 06:30:00,2019-05-08 09:20:00,2.83,AVE,Turista,49.55,Promo,,{},2019-04-11 21:59:53
2875,renfe,MADRID,BARCELONA,2019-05-08 06:10:00,2019-05-08 08:40:00,2.5,AVE,Turista,85.1,Promo,,{},2019-04-11 21:59:53
2876,renfe,MADRID,BARCELONA,2019-05-08 07:00:00,2019-05-08 09:30:00,2.5,AVE,Turista Plus,94.55,Promo,,{},2019-04-11 21:59:53
2877,renfe,MADRID,BARCELONA,2019-04-25 08:30:00,2019-04-25 11:15:00,2.75,AVE,Turista Plus,80.15,Promo,,{},2019-04-11 21:59:53
2878,renfe,MADRID,BARCELONA,2019-05-08 07:15:00,2019-05-08 16:37:00,9.37,R. EXPRES,Turista,43.25,Adulto ida,,{},2019-04-11 21:59:53
2879,renfe,MADRID,BARCELONA,2019-04-25 16:30:00,2019-04-25 19:15:00,2.75,AVE,Turista,107.7,Flexible,,{},2019-04-11 21:59:53
2880,renfe,MADRID,BARCELONA,2019-05-08 07:20:00,2019-05-08 09:50:00,2.5,AVE,Turista,100.4,Promo,,{},2019-04-11 21:59:53
2881,renfe,MADRID,BARCELONA,2019-04-25 11:30:00,2019-04-25 14:40:00,3.17,AVE,Turista,58.15,Promo,,{},2019-04-11 21:59:53
2882,renfe,MADRID,BARCELONA,2019-05-08 07:30:00,2019-05-08 10:40:00,3.17,AVE,Turista,85.1,Promo,,{},2019-04-11 21:59:53
2883,renfe,MADRID,BARCELONA,2019-04-25 18:30:00,2019-04-25 21:20:00,2.83,AVE,Turista,107.7,Flexible,,{},2019-04-11 21:59:53
2884,renfe,MADRID,BARCELONA,2019-05-08 08:00:00,2019-05-08 10:30:00,2.5,AVE,Turista,100.4,Promo,,{},2019-04-11 21:59:53
2885,renfe,MADRID,BARCELONA,2019-05-08 14:30:00,2019-05-08 17:21:00,2.85,AVE,Turista,75.4,Promo,,{},2019-04-11 21:59:53
2886,renfe,MADRID,BARCELONA,2019-05-08 08:20:00,2019-05-08 11:05:00,2.75,AVE,Turista,58.15,Promo,,{},2019-04-11 21:59:53
2887,renfe,MADRID,BARCELONA,2019-04-25 07:15:00,2019-04-25 16:37:00,9.37,R. EXPRES,Turista,43.25,Adulto ida,,{},2019-04-11 21:59:53
2888,renfe,MADRID,BARCELONA,2019-05-08 08:30:00,2019-05-08 11:15:00,2.75,AVE,Turista,75.4,Promo,,{},2019-04-11 21:59:53
2889,renfe,MADRID,BARCELONA,2019-04-25 17:00:00,2019-04-25 19:30:00,2.5,AVE,Turista Plus,57.95,Promo,,{},2019-04-11 21:59:53
2890,renfe,MADRID,BARCELONA,2019-05-08 09:00:00,2019-05-08 11:45:00,2.75,AVE,Preferente,,Promo,,{},2019-04-11 21:59:53
2891,renfe,MADRID,BARCELONA,2019-05-08 07:00:00,2019-05-08 09:30:00,2.5,AVE,Turista Plus,94.55,Promo,,{},2019-04-11 21:59:53
2892,renfe,MADRID,BARCELONA,2019-05-08 09:30:00,2019-05-08 12:34:00,3.07,AVE,Turista,85.1,Promo,,{},2019-04-11 21:59:53
2893,renfe,MADRID,BARCELONA,2019-05-08 14:00:00,2019-05-08 16:30:00,2.5,AVE,Turista,78.8,Promo,,{},2019-04-11 21:59:53
2894,renfe,MADRID,BARCELONA,2019-05-08 10:30:00,2019-05-08 13:15:00,2.75,AVE,Turista,85.1,Promo,,{},2019-04-11 21:59:53
2895,renfe,MADRID,BARCELONA,2019-05-08 19:30:00,2019-05-08 22:40:00,3.17,AVE,Turista,66.75,Promo,,{},2019-04-11 21:59:53
2896,renfe,MADRID,BARCELONA,2019-05-08 11:30:00,2019-05-08 14:40:00,3.17,AVE,Turista,85.1,Promo,,{},2019-04-11 21:59:53
2897,renfe,MADRID,BARCELONA,2019-04-25 20:30:00,2019-04-25 23:40:00,3.17,AVE,Turista Plus,90.5,Promo,,{},2019-04-11 21:59:53
2898,renfe,MADRID,BARCELONA,2019-05-08 12:30:00,2019-05-08 15:30:00,3.0,AVE,Turista Plus,102.15,Promo,,{},2019-04-11 21:59:53
2899,renfe,MADRID,BARCELONA,2019-04-25 21:25:00,2019-04-25 23:55:00,2.5,AVE,Turista,75.4,Promo,,{},2019-04-11 21:59:53
2900,renfe,MADRID,BARCELONA,2019-05-08 13:25:00,2019-05-08 16:24:00,2.98,AVE-TGV,Turista,58.15,Promo,,{},2019-04-11 21:59:53
2901,renfe,MADRID,BARCELONA,2019-05-08 20:00:00,2019-05-08 22:30:00,2.5,AVE,Turista,78.8,Promo,,{},2019-04-11 21:59:53
2902,renfe,MADRID,BARCELONA,2019-05-08 14:00:00,2019-05-08 16:30:00,2.5,AVE,Turista,78.8,Promo,,{},2019-04-11 21:59:53
2903,renfe,MADRID,BARCELONA,2019-05-08 08:20:00,2019-05-08 11:05:00,2.75,AVE,Turista,58.15,Promo,,{},2019-04-11 21:59:53
2904,renfe,MADRID,BARCELONA,2019-05-08 14:30:00,2019-05-08 17:21:00,2.85,AVE,Turista,75.4,Promo,,{},2019-04-11 21:59:53
2905,renfe,MADRID,BARCELONA,2019-05-08 18:00:00,2019-05-08 20:30:00,2.5,AVE,Turista,127.1,Flexible,,{},2019-04-11 21:59:53
2906,renfe,MADRID,BARCELONA,2019-05-08 15:00:00,2019-05-08 17:30:00,2.5,AVE,Turista,88.95,Promo,,{},2019-04-11 21:59:53
2907,renfe,MADRID,BARCELONA,2019-05-08 08:00:00,2019-05-08 10:30:00,2.5,AVE,Turista,100.4,Promo,,{},2019-04-11 21:59:53
2908,renfe,MADRID,BARCELONA,2019-05-08 15:30:00,2019-05-08 18:40:00,3.17,AVE,Turista Plus,90.5,Promo,,{},2019-04-11 21:59:53
2909,renfe,MADRID,BARCELONA,2019-05-08 10:30:00,2019-05-08 13:15:00,2.75,AVE,Turista,85.1,Promo,,{},2019-04-11 21:59:53
2910,renfe,MADRID,BARCELONA,2019-05-08 16:00:00,2019-05-08 18:30:00,2.5,AVE,Turista,78.8,Promo,,{},2019-04-11 21:59:53
2911,renfe,MADRID,BARCELONA,2019-04-25 15:30:00,2019-04-25 18:40:00,3.17,AVE,Turista,107.7,Flexible,,{},2019-04-11 21:59:53
2912,renfe,MADRID,BARCELONA,2019-05-08 16:30:00,2019-05-08 19:15:00,2.75,AVE,Turista Plus,90.5,Promo,,{},2019-04-11 21:59:53
2913,renfe,MADRID,BARCELONA,2019-04-25 19:30:00,2019-04-25 22:40:00,3.17,AVE,Turista Plus,59.5,Promo,,{},2019-04-11 21:59:53
2914,renfe,MADRID,BARCELONA,2019-05-08 17:00:00,2019-05-08 19:30:00,2.5,AVE,Turista Plus,94.55,Promo,,{},2019-04-11 21:59:53
2915,renfe,MADRID,BARCELONA,2019-05-08 15:30:00,2019-05-08 18:40:00,3.17,AVE,Turista Plus,90.5,Promo,,{},2019-04-11 21:59:53
2916,renfe,MADRID,BARCELONA,2019-05-08 17:30:00,2019-05-08 20:40:00,3.17,AVE,Turista Plus,102.15,Promo,,{},2019-04-11 21:59:53
2917,renfe,MADRID,BARCELONA,2019-04-25 12:30:00,2019-04-25 15:30:00,3.0,AVE,Turista Plus,80.15,Promo,,{},2019-04-11 21:59:53
2918,renfe,MADRID,BARCELONA,2019-05-08 18:00:00,2019-05-08 20:30:00,2.5,AVE,Turista,127.1,Flexible,,{},2019-04-11 21:59:53
2919,renfe,MADRID,BARCELONA,2019-05-08 15:00:00,2019-05-08 17:30:00,2.5,AVE,Turista,88.95,Promo,,{},2019-04-11 21:59:53
2920,renfe,MADRID,BARCELONA,2019-05-08 18:30:00,2019-05-08 21:20:00,2.83,AVE,Preferente,,Promo,,{},2019-04-11 21:59:53
2921,renfe,MADRID,BARCELONA,2019-05-08 07:15:00,2019-05-08 16:37:00,9.37,R. EXPRES,Turista,43.25,Adulto ida,,{},2019-04-11 21:59:53
2922,renfe,MADRID,BARCELONA,2019-05-08 19:00:00,2019-05-08 21:30:00,2.5,AVE,Turista,88.95,Promo,,{},2019-04-11 21:59:53
2923,renfe,MADRID,BARCELONA,2019-05-08 21:25:00,2019-05-08 23:55:00,2.5,AVE,Turista,75.4,Promo,,{},2019-04-11 21:59:53
2924,renfe,MADRID,BARCELONA,2019-05-08 19:30:00,2019-05-08 22:40:00,3.17,AVE,Turista,66.75,Promo,,{},2019-04-11 21:59:53
2925,renfe,MADRID,BARCELONA,2019-05-08 13:25:00,2019-05-08 16:24:00,2.98,AVE-TGV,Turista,58.15,Promo,,{},2019-04-11 21:59:53
2926,renfe,MADRID,BARCELONA,2019-05-08 20:00:00,2019-05-08 22:30:00,2.5,AVE,Turista,78.8,Promo,,{},2019-04-11 21:59:53
2927,renfe,MADRID,BARCELONA,2019-04-25 07:20:00,2019-04-25 09:50:00,2.5,AVE,Turista,68.65,Promo,,{},2019-04-11 21:59:53
2928,renfe,MADRID,BARCELONA,2019-05-08 20:30:00,2019-05-08 23:40:00,3.17,AVE,Turista,58.15,Promo,,{},2019-04-11 21:59:53
2929,renfe,MADRID,BARCELONA,2019-05-08 07:20:00,2019-05-08 09:50:00,2.5,AVE,Turista,100.4,Promo,,{},2019-04-11 21:59:53
2930,renfe,MADRID,BARCELONA,2019-05-08 21:25:00,2019-05-08 23:55:00,2.5,AVE,Turista,75.4,Promo,,{},2019-04-11 21:59:53
2931,renfe,MADRID,BARCELONA,2019-05-08 09:30:00,2019-05-08 12:34:00,3.07,AVE,Turista,85.1,Promo,,{},2019-04-11 21:59:53
2932,renfe,MADRID,BARCELONA,2019-04-25 05:50:00,2019-04-25 08:55:00,3.08,AVE,Turista,49.55,Promo,,{},2019-04-11 21:59:53
2933,renfe,MADRID,BARCELONA,2019-04-25 08:20:00,2019-04-25 11:05:00,2.75,AVE,Turista Plus,80.15,Promo,,{},2019-04-11 21:59:53
2934,renfe,MADRID,BARCELONA,2019-04-25 06:10:00,2019-04-25 08:40:00,2.5,AVE,Turista Plus,59.5,Promo,,{},2019-04-11 21:59:53
2935,renfe,MADRID,BARCELONA,2019-04-25 14:30:00,2019-04-25 17:21:00,2.85,AVE,Turista,85.1,Promo,,{},2019-04-11 21:59:53
2936,renfe,MADRID,BARCELONA,2019-04-25 06:30:00,2019-04-25 09:20:00,2.83,AVE,Turista,58.15,Promo,,{},2019-04-11 21:59:53
2937,renfe,MADRID,BARCELONA,2019-04-25 07:30:00,2019-04-25 10:40:00,3.17,AVE,Turista,58.15,Promo,,{},2019-04-11 21:59:53
2938,renfe,MADRID,BARCELONA,2019-04-25 07:00:00,2019-04-25 09:30:00,2.5,AVE,Turista,78.8,Promo,,{},2019-04-11 21:59:53
2939,renfe,MADRID,BARCELONA,2019-05-08 11:30:00,2019-05-08 14:40:00,3.17,AVE,Turista,85.1,Promo,,{},2019-04-11 21:59:53
2940,renfe,MADRID,BARCELONA,2019-04-25 07:15:00,2019-04-25 16:37:00,9.37,R. EXPRES,Turista,43.25,Adulto ida,,{},2019-04-11 21:59:53
2941,renfe,MADRID,BARCELONA,2019-05-08 06:30:00,2019-05-08 09:20:00,2.83,AVE,Turista,49.55,Promo,,{},2019-04-11 21:59:53
2942,renfe,MADRID,BARCELONA,2019-04-25 07:20:00,2019-04-25 09:50:00,2.5,AVE,Turista,68.65,Promo,,{},2019-04-11 21:59:53
2943,renfe,MADRID,BARCELONA,2019-05-08 12:30:00,2019-05-08 15:30:00,3.0,AVE,Turista Plus,102.15,Promo,,{},2019-04-11 21:59:53
2944,renfe,MADRID,BARCELONA,2019-04-25 07:30:00,2019-04-25 10:40:00,3.17,AVE,Turista,58.15,Promo,,{},2019-04-11 21:59:53
2945,renfe,MADRID,BARCELONA,2019-05-08 09:00:00,2019-05-08 11:45:00,2.75,AVE,Preferente,,Promo,,{},2019-04-11 21:59:53
2946,renfe,MADRID,BARCELONA,2019-04-25 08:00:00,2019-04-25 10:30:00,2.5,AVE,Turista Plus,70.15,Promo,,{},2019-04-11 21:59:53
2947,renfe,MADRID,BARCELONA,2019-04-25 14:00:00,2019-04-25 16:30:00,2.5,AVE,Turista,88.95,Promo,,{},2019-04-11 21:59:53
2948,renfe,MADRID,BARCELONA,2019-04-25 08:20:00,2019-04-25 11:05:00,2.75,AVE,Turista Plus,80.15,Promo,,{},2019-04-11 21:59:53
2949,renfe,MADRID,BARCELONA,2019-04-25 09:30:00,2019-04-25 12:34:00,3.07,AVE,Turista Plus,102.15,Promo,,{},2019-04-11 21:59:53
2950,renfe,MADRID,BARCELONA,2019-04-25 08:30:00,2019-04-25 11:15:00,2.75,AVE,Turista Plus,80.15,Promo,,{},2019-04-11 21:59:53
2951,renfe,MADRID,BARCELONA,2019-04-25 09:30:00,2019-04-25 12:34:00,3.07,AVE,Turista Plus,102.15,Promo,,{},2019-04-11 21:59:53
2952,renfe,MADRID,BARCELONA,2019-04-25 10:30:00,2019-04-25 13:15:00,2.75,AVE,Turista,85.1,Promo,,{},2019-04-11 21:59:53
2953,renfe,MADRID,BARCELONA,2019-04-25 11:30:00,2019-04-25 14:40:00,3.17,AVE,Turista,58.15,Promo,,{},2019-04-11 21:59:53
2954,renfe,MADRID,BARCELONA,2019-04-25 12:30:00,2019-04-25 15:30:00,3.0,AVE,Turista Plus,80.15,Promo,,{},2019-04-11 21:59:53
2955,renfe,MADRID,BARCELONA,2019-04-25 13:25:00,2019-04-25 16:24:00,2.98,AVE-TGV,Turista,66.75,Promo,,{},2019-04-11 21:59:53
2956,renfe,MADRID,BARCELONA,2019-04-25 14:00:00,2019-04-25 16:30:00,2.5,AVE,Turista,88.95,Promo,,{},2019-04-11 21:59:53
2957,renfe,MADRID,BARCELONA,2019-04-25 14:30:00,2019-04-25 17:21:00,2.85,AVE,Turista,85.1,Promo,,{},2019-04-11 21:59:53
2958,renfe,MADRID,BARCELONA,2019-04-25 15:00:00,2019-04-25 17:30:00,2.5,AVE,Turista Plus,57.95,Promo,,{},2019-04-11 21:59:53
2959,renfe,MADRID,BARCELONA,2019-04-25 15:30:00,2019-04-25 18:40:00,3.17,AVE,Turista,107.7,Flexible,,{},2019-04-11 21:59:53
2960,renfe,MADRID,BARCELONA,2019-04-25 16:00:00,2019-04-25 18:30:00,2.5,AVE,Preferente,81.4,Promo,,{},2019-04-11 21:59:53
2961,renfe,MADRID,BARCELONA,2019-04-25 16:30:00,2019-04-25 19:15:00,2.75,AVE,Turista,107.7,Flexible,,{},2019-04-11 21:59:53
2962,renfe,MADRID,BARCELONA,2019-04-25 17:00:00,2019-04-25 19:30:00,2.5,AVE,Turista Plus,57.95,Promo,,{},2019-04-11 21:59:53
2963,renfe,MADRID,BARCELONA,2019-04-25 17:30:00,2019-04-25 20:40:00,3.17,AVE,Turista,107.7,Flexible,,{},2019-04-11 21:59:53
2964,renfe,MADRID,BARCELONA,2019-04-25 18:00:00,2019-04-25 20:30:00,2.5,AVE,Turista,127.1,Flexible,,{},2019-04-11 21:59:53
2965,renfe,MADRID,BARCELONA,2019-04-25 18:30:00,2019-04-25 21:20:00,2.83,AVE,Turista,107.7,Flexible,,{},2019-04-11 21:59:53
2966,renfe,MADRID,BARCELONA,2019-04-25 19:00:00,2019-04-25 21:30:00,2.5,AVE,Turista Plus,57.95,Promo,,{},2019-04-11 21:59:53
2967,renfe,MADRID,BARCELONA,2019-04-25 19:30:00,2019-04-25 22:40:00,3.17,AVE,Turista Plus,59.5,Promo,,{},2019-04-11 21:59:53
2968,renfe,MADRID,BARCELONA,2019-04-25 20:00:00,2019-04-25 22:30:00,2.5,AVE,Turista,78.8,Promo,,{},2019-04-11 21:59:53
2969,renfe,MADRID,BARCELONA,2019-04-25 20:30:00,2019-04-25 23:40:00,3.17,AVE,Turista Plus,90.5,Promo,,{},2019-04-11 21:59:53
2970,renfe,MADRID,BARCELONA,2019-04-25 21:25:00,2019-04-25 23:55:00,2.5,AVE,Turista,75.4,Promo,,{},2019-04-11 21:59:53
2971,renfe,MADRID,BARCELONA,2019-05-08 18:30:00,2019-05-08 21:20:00,2.83,AVE,Preferente,,Promo,,{},2019-04-11 21:59:53
2972,renfe,MADRID,BARCELONA,2019-04-25 15:00:00,2019-04-25 17:30:00,2.5,AVE,Turista Plus,57.95,Promo,,{},2019-04-11 21:59:53
2973,renfe,MADRID,BARCELONA,2019-04-25 05:50:00,2019-04-25 08:55:00,3.08,AVE,Turista,49.55,Promo,,{},2019-04-11 21:59:53
2974,renfe,MADRID,BARCELONA,2019-04-25 06:30:00,2019-04-25 09:20:00,2.83,AVE,Turista,58.15,Promo,,{},2019-04-11 21:59:53
2975,renfe,MADRID,BARCELONA,2019-05-08 07:30:00,2019-05-08 10:40:00,3.17,AVE,Turista,85.1,Promo,,{},2019-04-11 21:59:53
2976,renfe,MADRID,BARCELONA,2019-04-25 18:00:00,2019-04-25 20:30:00,2.5,AVE,Turista,127.1,Flexible,,{},2019-04-11 21:59:53
2977,renfe,MADRID,BARCELONA,2019-04-25 13:25:00,2019-04-25 16:24:00,2.98,AVE-TGV,Turista,66.75,Promo,,{},2019-04-11 21:59:53
2978,renfe,MADRID,BARCELONA,2019-04-25 20:00:00,2019-04-25 22:30:00,2.5,AVE,Turista,78.8,Promo,,{},2019-04-11 21:59:53
2979,renfe,MADRID,BARCELONA,2019-05-08 17:00:00,2019-05-08 19:30:00,2.5,AVE,Turista Plus,94.55,Promo,,{},2019-04-11 21:59:53
2980,renfe,MADRID,BARCELONA,2019-04-25 07:00:00,2019-04-25 09:30:00,2.5,AVE,Turista,78.8,Promo,,{},2019-04-11 21:59:53
2981,renfe,MADRID,BARCELONA,2019-05-08 16:30:00,2019-05-08 19:15:00,2.75,AVE,Turista Plus,90.5,Promo,,{},2019-04-11 21:59:53
2982,renfe,MADRID,BARCELONA,2019-04-25 10:30:00,2019-04-25 13:15:00,2.75,AVE,Turista,85.1,Promo,,{},2019-04-11 21:59:53
2983,renfe,MADRID,BARCELONA,2019-04-25 17:30:00,2019-04-25 20:40:00,3.17,AVE,Turista,107.7,Flexible,,{},2019-04-11 21:59:53
2984,renfe,MADRID,BARCELONA,2019-04-25 19:00:00,2019-04-25 21:30:00,2.5,AVE,Turista Plus,57.95,Promo,,{},2019-04-11 21:59:53
2985,renfe,MADRID,BARCELONA,2019-04-25 16:00:00,2019-04-25 18:30:00,2.5,AVE,Preferente,81.4,Promo,,{},2019-04-11 21:59:53
2986,renfe,MADRID,BARCELONA,2019-05-08 17:30:00,2019-05-08 20:40:00,3.17,AVE,Turista Plus,102.15,Promo,,{},2019-04-11 21:59:53
2987,renfe,MADRID,BARCELONA,2019-04-25 08:00:00,2019-04-25 10:30:00,2.5,AVE,Turista Plus,70.15,Promo,,{},2019-04-11 21:59:53
2988,renfe,MADRID,BARCELONA,2019-05-08 08:30:00,2019-05-08 11:15:00,2.75,AVE,Turista,75.4,Promo,,{},2019-04-11 21:59:53
2989,renfe,MADRID,BARCELONA,2019-05-08 19:00:00,2019-05-08 21:30:00,2.5,AVE,Turista,88.95,Promo,,{},2019-04-11 21:59:53
2990,renfe,MADRID,BARCELONA,2019-05-08 16:00:00,2019-05-08 18:30:00,2.5,AVE,Turista,78.8,Promo,,{},2019-04-11 21:59:53
2991,renfe,MADRID,BARCELONA,2019-04-28 18:30:00,2019-04-28 21:20:00,2.83,AVE,Turista Plus,102.15,Promo,,{},2019-04-11 22:00:09
2992,renfe,MADRID,VALENCIA,2019-06-03 06:08:00,2019-06-03 12:55:00,6.78,REGIONAL,Turista,28.35,Adulto ida,,{},2019-04-11 22:00:09
2993,renfe,MADRID,BARCELONA,2019-04-28 16:30:00,2019-04-28 19:15:00,2.75,AVE,Turista,107.7,Flexible,,{},2019-04-11 22:00:09
2994,renfe,MADRID,VALENCIA,2019-06-03 12:21:00,2019-06-03 19:04:00,6.72,REGIONAL,Turista,28.35,Adulto ida,,{},2019-04-11 22:00:09
2995,renfe,MADRID,BARCELONA,2019-04-28 10:30:00,2019-04-28 13:15:00,2.75,AVE,Turista,85.1,Promo,,{},2019-04-11 22:00:09
2996,renfe,MADRID,VALENCIA,2019-06-03 16:05:00,2019-06-03 22:47:00,6.7,REGIONAL,Turista,28.35,Adulto ida,,{},2019-04-11 22:00:09
2997,renfe,MADRID,BARCELONA,2019-04-28 14:30:00,2019-04-28 17:21:00,2.85,AVE,Turista,107.7,Flexible,,{},2019-04-11 22:00:09
2998,renfe,MADRID,BARCELONA,2019-04-28 06:20:00,2019-04-28 09:29:00,3.15,AVE,Turista,49.55,Promo,,{},2019-04-11 22:00:09
2999,renfe,MADRID,BARCELONA,2019-04-28 19:30:00,2019-04-28 22:40:00,3.17,AVE,Turista,85.1,Promo,,{},2019-04-11 22:00:09
3000,renfe,MADRID,BARCELONA,2019-04-28 07:30:00,2019-04-28 10:40:00,3.17,AVE,Preferente,68.95,Promo,,{},2019-04-11 22:00:09
3001,renfe,MADRID,BARCELONA,2019-04-28 06:20:00,2019-04-28 09:29:00,3.15,AVE,Turista,49.55,Promo,,{},2019-04-11 22:00:09
3002,renfe,MADRID,BARCELONA,2019-04-28 08:30:00,2019-04-28 11:15:00,2.75,AVE,Turista,75.4,Promo,,{},2019-04-11 22:00:09
3003,renfe,MADRID,BARCELONA,2019-04-28 20:00:00,2019-04-28 22:30:00,2.5,AVE,Preferente,115.65,Promo,,{},2019-04-11 22:00:09
3004,renfe,MADRID,BARCELONA,2019-04-28 09:30:00,2019-04-28 12:34:00,3.07,AVE,Turista Plus,90.5,Promo,,{},2019-04-11 22:00:09
3005,renfe,MADRID,VALENCIA,2019-06-03 12:21:00,2019-06-03 19:04:00,6.72,REGIONAL,Turista,28.35,Adulto ida,,{},2019-04-11 22:00:09
3006,renfe,MADRID,BARCELONA,2019-04-28 10:30:00,2019-04-28 13:15:00,2.75,AVE,Turista,85.1,Promo,,{},2019-04-11 22:00:09
3007,renfe,MADRID,BARCELONA,2019-04-28 21:25:00,2019-04-28 23:55:00,2.5,AVE,Turista Plus,49.15,Promo,,{},2019-04-11 22:00:09
3008,renfe,MADRID,BARCELONA,2019-04-28 11:30:00,2019-04-28 14:40:00,3.17,AVE,Turista,107.7,Flexible,,{},2019-04-11 22:00:09
3009,renfe,MADRID,BARCELONA,2019-04-28 15:30:00,2019-04-28 18:40:00,3.17,AVE,Preferente,,Promo,,{},2019-04-11 22:00:09
3010,renfe,MADRID,BARCELONA,2019-04-28 12:30:00,2019-04-28 15:30:00,3.0,AVE,Turista,58.15,Promo,,{},2019-04-11 22:00:09
3011,renfe,MADRID,BARCELONA,2019-04-28 20:30:00,2019-04-28 23:40:00,3.17,AVE,Turista Plus,102.15,Promo,,{},2019-04-11 22:00:09
3012,renfe,MADRID,BARCELONA,2019-04-28 13:25:00,2019-04-28 16:24:00,2.98,AVE-TGV,Preferente,,Promo,,{},2019-04-11 22:00:09
3013,renfe,MADRID,BARCELONA,2019-04-28 17:30:00,2019-04-28 20:40:00,3.17,AVE,Preferente,112.55,Promo,,{},2019-04-11 22:00:09
3014,renfe,MADRID,BARCELONA,2019-04-28 14:00:00,2019-04-28 16:30:00,2.5,AVE,Turista,100.4,Promo,,{},2019-04-11 22:00:09
3015,renfe,MADRID,VALENCIA,2019-06-03 16:05:00,2019-06-03 22:47:00,6.7,REGIONAL,Turista,28.35,Adulto ida,,{},2019-04-11 22:00:09
3016,renfe,MADRID,BARCELONA,2019-04-28 14:30:00,2019-04-28 17:21:00,2.85,AVE,Turista,107.7,Flexible,,{},2019-04-11 22:00:09
3017,renfe,MADRID,BARCELONA,2019-04-28 09:30:00,2019-04-28 12:34:00,3.07,AVE,Turista Plus,90.5,Promo,,{},2019-04-11 22:00:09
3018,renfe,MADRID,BARCELONA,2019-04-28 15:30:00,2019-04-28 18:40:00,3.17,AVE,Preferente,,Promo,,{},2019-04-11 22:00:09
3019,renfe,MADRID,BARCELONA,2019-04-28 08:30:00,2019-04-28 11:15:00,2.75,AVE,Turista,75.4,Promo,,{},2019-04-11 22:00:09
3020,renfe,MADRID,BARCELONA,2019-04-28 16:00:00,2019-04-28 18:30:00,2.5,AVE,Turista Plus,57.95,Promo,,{},2019-04-11 22:00:09
3021,renfe,MADRID,BARCELONA,2019-04-28 18:00:00,2019-04-28 20:30:00,2.5,AVE,Preferente,115.65,Promo,,{},2019-04-11 22:00:09
3022,renfe,MADRID,BARCELONA,2019-04-28 16:30:00,2019-04-28 19:15:00,2.75,AVE,Turista,107.7,Flexible,,{},2019-04-11 22:00:09
3023,renfe,MADRID,BARCELONA,2019-04-28 17:00:00,2019-04-28 19:30:00,2.5,AVE,Turista,88.95,Promo,,{},2019-04-11 22:00:09
3024,renfe,MADRID,BARCELONA,2019-04-28 17:30:00,2019-04-28 20:40:00,3.17,AVE,Preferente,112.55,Promo,,{},2019-04-11 22:00:09
3025,renfe,MADRID,BARCELONA,2019-04-28 18:00:00,2019-04-28 20:30:00,2.5,AVE,Preferente,115.65,Promo,,{},2019-04-11 22:00:09
3026,renfe,MADRID,BARCELONA,2019-04-28 18:30:00,2019-04-28 21:20:00,2.83,AVE,Turista Plus,102.15,Promo,,{},2019-04-11 22:00:09
3027,renfe,MADRID,BARCELONA,2019-04-28 19:00:00,2019-04-28 21:30:00,2.5,AVE,Turista,88.95,Promo,,{},2019-04-11 22:00:09
3028,renfe,MADRID,BARCELONA,2019-04-28 19:30:00,2019-04-28 22:40:00,3.17,AVE,Turista,85.1,Promo,,{},2019-04-11 22:00:09
3029,renfe,MADRID,BARCELONA,2019-04-28 20:00:00,2019-04-28 22:30:00,2.5,AVE,Preferente,115.65,Promo,,{},2019-04-11 22:00:09
3030,renfe,MADRID,BARCELONA,2019-04-28 20:30:00,2019-04-28 23:40:00,3.17,AVE,Turista Plus,102.15,Promo,,{},2019-04-11 22:00:09
3031,renfe,MADRID,BARCELONA,2019-04-28 21:25:00,2019-04-28 23:55:00,2.5,AVE,Turista Plus,49.15,Promo,,{},2019-04-11 22:00:09
3032,renfe,MADRID,BARCELONA,2019-04-28 14:00:00,2019-04-28 16:30:00,2.5,AVE,Turista,100.4,Promo,,{},2019-04-11 22:00:09
3033,renfe,MADRID,BARCELONA,2019-04-28 07:30:00,2019-04-28 10:40:00,3.17,AVE,Preferente,68.95,Promo,,{},2019-04-11 22:00:09
3034,renfe,MADRID,VALENCIA,2019-06-03 06:08:00,2019-06-03 12:55:00,6.78,REGIONAL,Turista,28.35,Adulto ida,,{},2019-04-11 22:00:09
3035,renfe,MADRID,BARCELONA,2019-04-28 16:00:00,2019-04-28 18:30:00,2.5,AVE,Turista Plus,57.95,Promo,,{},2019-04-11 22:00:09
3036,renfe,MADRID,BARCELONA,2019-04-28 13:25:00,2019-04-28 16:24:00,2.98,AVE-TGV,Preferente,,Promo,,{},2019-04-11 22:00:09
3037,renfe,MADRID,BARCELONA,2019-04-28 12:30:00,2019-04-28 15:30:00,3.0,AVE,Turista,58.15,Promo,,{},2019-04-11 22:00:09
3038,renfe,MADRID,BARCELONA,2019-04-28 17:00:00,2019-04-28 19:30:00,2.5,AVE,Turista,88.95,Promo,,{},2019-04-11 22:00:09
3039,renfe,MADRID,BARCELONA,2019-04-28 11:30:00,2019-04-28 14:40:00,3.17,AVE,Turista,107.7,Flexible,,{},2019-04-11 22:00:09
3040,renfe,MADRID,BARCELONA,2019-04-28 19:00:00,2019-04-28 21:30:00,2.5,AVE,Turista,88.95,Promo,,{},2019-04-11 22:00:09
3041,renfe,MADRID,VALENCIA,2019-05-21 19:40:00,2019-05-21 21:29:00,1.82,AVE,Turista,39.45,Promo,,{},2019-04-11 22:00:25
3042,renfe,MADRID,VALENCIA,2019-05-21 06:08:00,2019-05-21 12:55:00,6.78,REGIONAL,Turista,28.35,Adulto ida,,{},2019-04-11 22:00:25
3043,renfe,MADRID,VALENCIA,2019-05-21 06:08:00,2019-05-21 12:55:00,6.78,REGIONAL,Turista,28.35,Adulto ida,,{},2019-04-11 22:00:25
3044,renfe,MADRID,VALENCIA,2019-05-21 06:45:00,2019-05-21 08:38:00,1.88,AVE,Turista,21.95,Promo,,{},2019-04-11 22:00:25
3045,renfe,MADRID,VALENCIA,2019-05-21 12:40:00,2019-05-21 14:20:00,1.67,AVE,Turista,27.8,Promo,,{},2019-04-11 22:00:25
3046,renfe,MADRID,VALENCIA,2019-05-21 07:40:00,2019-05-21 09:20:00,1.67,AVE,Turista,57.75,Promo,,{},2019-04-11 22:00:25
3047,renfe,MADRID,VALENCIA,2019-05-21 12:21:00,2019-05-21 19:04:00,6.72,REGIONAL,Turista,28.35,Adulto ida,,{},2019-04-11 22:00:25
3048,renfe,MADRID,VALENCIA,2019-05-21 09:10:00,2019-05-21 10:58:00,1.8,AVE,Turista,45.3,Promo,,{},2019-04-11 22:00:25
3049,renfe,MADRID,VALENCIA,2019-05-21 11:10:00,2019-05-21 13:25:00,2.25,INTERCITY,Turista,29.9,Promo,,{},2019-04-11 22:00:25
3050,renfe,MADRID,VALENCIA,2019-05-21 09:40:00,2019-05-21 11:24:00,1.73,AVE,Turista,39.45,Promo,,{},2019-04-11 22:00:25
3051,renfe,MADRID,VALENCIA,2019-05-21 16:45:00,2019-05-21 18:50:00,2.08,ALVIA,Turista,35.5,Promo,,{},2019-04-11 22:00:25
3052,renfe,MADRID,VALENCIA,2019-05-21 10:40:00,2019-05-21 12:20:00,1.67,AVE,Turista,27.8,Promo,,{},2019-04-11 22:00:25
3053,renfe,MADRID,VALENCIA,2019-05-21 17:48:00,2019-05-21 21:58:00,4.17,INTERCITY,Turista,17.15,Promo,,{},2019-04-11 22:00:25
3054,renfe,MADRID,VALENCIA,2019-05-21 11:10:00,2019-05-21 13:25:00,2.25,INTERCITY,Turista,29.9,Promo,,{},2019-04-11 22:00:25
3055,renfe,MADRID,VALENCIA,2019-05-21 18:40:00,2019-05-21 20:20:00,1.67,AVE,Turista,57.75,Promo,,{},2019-04-11 22:00:25
3056,renfe,MADRID,VALENCIA,2019-05-21 11:55:00,2019-05-21 13:35:00,1.67,AVE,Turista,21.95,Promo,,{},2019-04-11 22:00:25
3057,renfe,MADRID,VALENCIA,2019-05-21 14:10:00,2019-05-21 16:03:00,1.88,AVE,Turista,21.95,Promo,,{},2019-04-11 22:00:25
3058,renfe,MADRID,VALENCIA,2019-05-21 12:21:00,2019-05-21 19:04:00,6.72,REGIONAL,Turista,28.35,Adulto ida,,{},2019-04-11 22:00:25
3059,renfe,MADRID,VALENCIA,2019-05-21 11:55:00,2019-05-21 13:35:00,1.67,AVE,Turista,21.95,Promo,,{},2019-04-11 22:00:25
3060,renfe,MADRID,VALENCIA,2019-05-21 12:40:00,2019-05-21 14:20:00,1.67,AVE,Turista,27.8,Promo,,{},2019-04-11 22:00:25
3061,renfe,MADRID,VALENCIA,2019-05-21 21:10:00,2019-05-21 23:03:00,1.88,AVE,Turista,21.95,Promo,,{},2019-04-11 22:00:25
3062,renfe,MADRID,VALENCIA,2019-05-21 14:10:00,2019-05-21 16:03:00,1.88,AVE,Turista,21.95,Promo,,{},2019-04-11 22:00:25
3063,renfe,MADRID,VALENCIA,2019-05-21 07:40:00,2019-05-21 09:20:00,1.67,AVE,Turista,57.75,Promo,,{},2019-04-11 22:00:25
3064,renfe,MADRID,VALENCIA,2019-05-21 15:10:00,2019-05-21 16:52:00,1.7,AVE,Turista,21.95,Promo,,{},2019-04-11 22:00:25
3065,renfe,MADRID,VALENCIA,2019-05-21 09:10:00,2019-05-21 10:58:00,1.8,AVE,Turista,45.3,Promo,,{},2019-04-11 22:00:25
3066,renfe,MADRID,VALENCIA,2019-05-21 15:30:00,2019-05-21 22:31:00,7.02,AVE-MD,Turista con enlace,,Flexible,,{},2019-04-11 22:00:25
3067,renfe,MADRID,VALENCIA,2019-05-21 15:10:00,2019-05-21 16:52:00,1.7,AVE,Turista,21.95,Promo,,{},2019-04-11 22:00:25
3068,renfe,MADRID,VALENCIA,2019-05-21 15:40:00,2019-05-21 17:22:00,1.7,AVE,Turista,21.95,Promo,,{},2019-04-11 22:00:25
3069,renfe,MADRID,VALENCIA,2019-05-21 15:40:00,2019-05-21 17:22:00,1.7,AVE,Turista,21.95,Promo,,{},2019-04-11 22:00:25
3070,renfe,MADRID,VALENCIA,2019-05-21 16:05:00,2019-05-21 22:47:00,6.7,REGIONAL,Turista,28.35,Adulto ida,,{},2019-04-11 22:00:25
3071,renfe,MADRID,VALENCIA,2019-05-21 10:40:00,2019-05-21 12:20:00,1.67,AVE,Turista,27.8,Promo,,{},2019-04-11 22:00:25
3072,renfe,MADRID,VALENCIA,2019-05-21 16:45:00,2019-05-21 18:50:00,2.08,ALVIA,Turista,35.5,Promo,,{},2019-04-11 22:00:25
3073,renfe,MADRID,VALENCIA,2019-05-21 16:05:00,2019-05-21 22:47:00,6.7,REGIONAL,Turista,28.35,Adulto ida,,{},2019-04-11 22:00:25
3074,renfe,MADRID,VALENCIA,2019-05-21 16:55:00,2019-05-21 21:58:00,5.05,AVE-LD,Turista con enlace,39.25,Promo,,{},2019-04-11 22:00:25
3075,renfe,MADRID,VALENCIA,2019-05-21 17:40:00,2019-05-21 19:20:00,1.67,AVE,Turista,57.75,Promo,,{},2019-04-11 22:00:25
3076,renfe,MADRID,VALENCIA,2019-05-21 17:48:00,2019-05-21 21:58:00,4.17,INTERCITY,Turista,17.15,Promo,,{},2019-04-11 22:00:25
3077,renfe,MADRID,VALENCIA,2019-05-21 18:40:00,2019-05-21 20:20:00,1.67,AVE,Turista,57.75,Promo,,{},2019-04-11 22:00:25
3078,renfe,MADRID,VALENCIA,2019-05-21 19:40:00,2019-05-21 21:29:00,1.82,AVE,Turista,39.45,Promo,,{},2019-04-11 22:00:25
3079,renfe,MADRID,VALENCIA,2019-05-21 20:40:00,2019-05-21 22:24:00,1.73,AVE,Turista,21.95,Promo,,{},2019-04-11 22:00:25
3080,renfe,MADRID,VALENCIA,2019-05-21 21:10:00,2019-05-21 23:03:00,1.88,AVE,Turista,21.95,Promo,,{},2019-04-11 22:00:25
3081,renfe,MADRID,VALENCIA,2019-05-21 06:45:00,2019-05-21 08:38:00,1.88,AVE,Turista,21.95,Promo,,{},2019-04-11 22:00:25
3082,renfe,MADRID,VALENCIA,2019-05-21 15:30:00,2019-05-21 22:31:00,7.02,AVE-MD,Turista con enlace,,Flexible,,{},2019-04-11 22:00:25
3083,renfe,MADRID,VALENCIA,2019-05-21 09:40:00,2019-05-21 11:24:00,1.73,AVE,Turista,39.45,Promo,,{},2019-04-11 22:00:25
3084,renfe,MADRID,VALENCIA,2019-05-21 16:55:00,2019-05-21 21:58:00,5.05,AVE-LD,Turista con enlace,39.25,Promo,,{},2019-04-11 22:00:25
3085,renfe,MADRID,VALENCIA,2019-05-21 20:40:00,2019-05-21 22:24:00,1.73,AVE,Turista,21.95,Promo,,{},2019-04-11 22:00:25
3086,renfe,MADRID,VALENCIA,2019-05-21 17:40:00,2019-05-21 19:20:00,1.67,AVE,Turista,57.75,Promo,,{},2019-04-11 22:00:25
3087,renfe,MADRID,BARCELONA,2019-05-11 09:30:00,2019-05-11 12:34:00,3.07,AVE,Turista,85.1,Promo,,{},2019-04-11 22:00:31
3088,renfe,MADRID,BARCELONA,2019-05-11 06:20:00,2019-05-11 09:29:00,3.15,AVE,Turista Plus,69.8,Promo,,{},2019-04-11 22:00:31
3089,renfe,MADRID,BARCELONA,2019-05-11 17:30:00,2019-05-11 20:40:00,3.17,AVE,Turista,75.4,Promo,,{},2019-04-11 22:00:31
3090,renfe,MADRID,BARCELONA,2019-05-11 07:30:00,2019-05-11 10:40:00,3.17,AVE,Turista,85.1,Promo,,{},2019-04-11 22:00:31
3091,renfe,MADRID,BARCELONA,2019-05-11 06:20:00,2019-05-11 09:29:00,3.15,AVE,Turista Plus,69.8,Promo,,{},2019-04-11 22:00:31
3092,renfe,MADRID,BARCELONA,2019-05-11 08:30:00,2019-05-11 11:15:00,2.75,AVE,Turista,85.1,Promo,,{},2019-04-11 22:00:31
3093,renfe,MADRID,BARCELONA,2019-05-11 16:30:00,2019-05-11 19:15:00,2.75,AVE,Preferente,86.8,Promo,,{},2019-04-11 22:00:31
3094,renfe,MADRID,BARCELONA,2019-05-11 09:30:00,2019-05-11 12:34:00,3.07,AVE,Turista,85.1,Promo,,{},2019-04-11 22:00:31
3095,renfe,MADRID,BARCELONA,2019-05-11 20:30:00,2019-05-11 23:40:00,3.17,AVE,Turista,75.4,Promo,,{},2019-04-11 22:00:31
3096,renfe,MADRID,BARCELONA,2019-05-11 10:30:00,2019-05-11 13:15:00,2.75,AVE,Turista,75.4,Promo,,{},2019-04-11 22:00:31
3097,renfe,MADRID,BARCELONA,2019-05-11 13:25:00,2019-05-11 16:24:00,2.98,AVE-TGV,Turista,75.4,Promo,,{},2019-04-11 22:00:31
3098,renfe,MADRID,BARCELONA,2019-05-11 11:30:00,2019-05-11 14:40:00,3.17,AVE,Turista,85.1,Promo,,{},2019-04-11 22:00:31
3099,renfe,MADRID,BARCELONA,2019-05-11 07:30:00,2019-05-11 10:40:00,3.17,AVE,Turista,85.1,Promo,,{},2019-04-11 22:00:31
3100,renfe,MADRID,BARCELONA,2019-05-11 12:30:00,2019-05-11 15:30:00,3.0,AVE,Turista Plus,80.15,Promo,,{},2019-04-11 22:00:31
3101,renfe,MADRID,BARCELONA,2019-05-11 11:30:00,2019-05-11 14:40:00,3.17,AVE,Turista,85.1,Promo,,{},2019-04-11 22:00:31
3102,renfe,MADRID,BARCELONA,2019-05-11 13:25:00,2019-05-11 16:24:00,2.98,AVE-TGV,Turista,75.4,Promo,,{},2019-04-11 22:00:31
3103,renfe,MADRID,BARCELONA,2019-05-11 18:30:00,2019-05-11 21:20:00,2.83,AVE,Turista Plus,80.15,Promo,,{},2019-04-11 22:00:31
3104,renfe,MADRID,BARCELONA,2019-05-11 15:30:00,2019-05-11 18:40:00,3.17,AVE,Turista Plus,90.5,Promo,,{},2019-04-11 22:00:31
3105,renfe,MADRID,BARCELONA,2019-05-11 19:30:00,2019-05-11 22:40:00,3.17,AVE,Turista,58.15,Promo,,{},2019-04-11 22:00:31
3106,renfe,MADRID,BARCELONA,2019-05-11 16:30:00,2019-05-11 19:15:00,2.75,AVE,Preferente,86.8,Promo,,{},2019-04-11 22:00:31
3107,renfe,MADRID,BARCELONA,2019-05-11 10:30:00,2019-05-11 13:15:00,2.75,AVE,Turista,75.4,Promo,,{},2019-04-11 22:00:31
3108,renfe,MADRID,BARCELONA,2019-05-11 17:30:00,2019-05-11 20:40:00,3.17,AVE,Turista,75.4,Promo,,{},2019-04-11 22:00:31
3109,renfe,MADRID,BARCELONA,2019-05-11 15:30:00,2019-05-11 18:40:00,3.17,AVE,Turista Plus,90.5,Promo,,{},2019-04-11 22:00:31
3110,renfe,MADRID,BARCELONA,2019-05-11 18:30:00,2019-05-11 21:20:00,2.83,AVE,Turista Plus,80.15,Promo,,{},2019-04-11 22:00:31
3111,renfe,MADRID,BARCELONA,2019-05-11 19:30:00,2019-05-11 22:40:00,3.17,AVE,Turista,58.15,Promo,,{},2019-04-11 22:00:31
3112,renfe,MADRID,BARCELONA,2019-05-11 20:30:00,2019-05-11 23:40:00,3.17,AVE,Turista,75.4,Promo,,{},2019-04-11 22:00:31
3113,renfe,MADRID,BARCELONA,2019-05-11 12:30:00,2019-05-11 15:30:00,3.0,AVE,Turista Plus,80.15,Promo,,{},2019-04-11 22:00:31
3114,renfe,MADRID,BARCELONA,2019-05-11 08:30:00,2019-05-11 11:15:00,2.75,AVE,Turista,85.1,Promo,,{},2019-04-11 22:00:31
3115,renfe,MADRID,BARCELONA,2019-05-31 13:25:00,2019-05-31 16:24:00,2.98,AVE-TGV,Turista,75.4,Promo,,{},2019-04-11 22:00:41
3116,renfe,MADRID,BARCELONA,2019-05-31 05:50:00,2019-05-31 08:55:00,3.08,AVE,Turista,49.55,Promo,,{},2019-04-11 22:00:41
3117,renfe,MADRID,BARCELONA,2019-05-31 06:30:00,2019-05-31 09:20:00,2.83,AVE,Preferente,54.45,Promo,,{},2019-04-11 22:00:41
3118,renfe,MADRID,BARCELONA,2019-05-31 06:30:00,2019-05-31 09:20:00,2.83,AVE,Preferente,54.45,Promo,,{},2019-04-11 22:00:41
3119,renfe,MADRID,BARCELONA,2019-05-31 17:00:00,2019-05-31 19:30:00,2.5,AVE,Turista,127.1,Flexible,,{},2019-04-11 22:00:41
3120,renfe,MADRID,BARCELONA,2019-05-31 07:00:00,2019-05-31 09:30:00,2.5,AVE,Turista,78.8,Promo,,{},2019-04-11 22:00:41
3121,renfe,MADRID,BARCELONA,2019-05-31 07:00:00,2019-05-31 09:30:00,2.5,AVE,Turista,78.8,Promo,,{},2019-04-11 22:00:41
3122,renfe,MADRID,BARCELONA,2019-05-31 07:15:00,2019-05-31 16:37:00,9.37,R. EXPRES,Turista,43.25,Adulto ida,,{},2019-04-11 22:00:41
3123,renfe,MADRID,BARCELONA,2019-05-31 16:30:00,2019-05-31 19:15:00,2.75,AVE,Turista,107.7,Flexible,,{},2019-04-11 22:00:41
3124,renfe,MADRID,BARCELONA,2019-05-31 07:30:00,2019-05-31 10:40:00,3.17,AVE,Turista,75.4,Promo,,{},2019-04-11 22:00:41
3125,renfe,MADRID,BARCELONA,2019-05-31 19:30:00,2019-05-31 22:40:00,3.17,AVE,Turista,75.4,Promo,,{},2019-04-11 22:00:41
3126,renfe,MADRID,BARCELONA,2019-05-31 08:00:00,2019-05-31 10:30:00,2.5,AVE,Turista,68.65,Promo,,{},2019-04-11 22:00:41
3127,renfe,MADRID,BARCELONA,2019-05-31 05:50:00,2019-05-31 08:55:00,3.08,AVE,Turista,49.55,Promo,,{},2019-04-11 22:00:41
3128,renfe,MADRID,BARCELONA,2019-05-31 08:30:00,2019-05-31 11:15:00,2.75,AVE,Turista,85.1,Promo,,{},2019-04-11 22:00:41
3129,renfe,MADRID,BARCELONA,2019-05-31 14:00:00,2019-05-31 16:30:00,2.5,AVE,Turista,100.4,Promo,,{},2019-04-11 22:00:41
3130,renfe,MADRID,BARCELONA,2019-05-31 09:30:00,2019-05-31 12:34:00,3.07,AVE,Turista,85.1,Promo,,{},2019-04-11 22:00:41
3131,renfe,MADRID,BARCELONA,2019-05-31 18:00:00,2019-05-31 20:30:00,2.5,AVE,Turista,100.4,Promo,,{},2019-04-11 22:00:41
3132,renfe,MADRID,BARCELONA,2019-05-31 10:30:00,2019-05-31 13:15:00,2.75,AVE,Turista,75.4,Promo,,{},2019-04-11 22:00:41
3133,renfe,MADRID,BARCELONA,2019-05-31 07:30:00,2019-05-31 10:40:00,3.17,AVE,Turista,75.4,Promo,,{},2019-04-11 22:00:41
3134,renfe,MADRID,BARCELONA,2019-05-31 11:30:00,2019-05-31 14:40:00,3.17,AVE,Turista,85.1,Promo,,{},2019-04-11 22:00:41
3135,renfe,MADRID,BARCELONA,2019-05-31 18:30:00,2019-05-31 21:20:00,2.83,AVE,Preferente,,Promo,,{},2019-04-11 22:00:41
3136,renfe,MADRID,BARCELONA,2019-05-31 12:30:00,2019-05-31 15:30:00,3.0,AVE,Turista,85.1,Promo,,{},2019-04-11 22:00:41
3137,renfe,MADRID,BARCELONA,2019-05-31 17:30:00,2019-05-31 20:40:00,3.17,AVE,Turista Plus,90.5,Promo,,{},2019-04-11 22:00:41
3138,renfe,MADRID,BARCELONA,2019-05-31 13:25:00,2019-05-31 16:24:00,2.98,AVE-TGV,Turista,75.4,Promo,,{},2019-04-11 22:00:41
3139,renfe,MADRID,BARCELONA,2019-05-31 15:30:00,2019-05-31 18:40:00,3.17,AVE,Turista Plus,102.15,Promo,,{},2019-04-11 22:00:41
3140,renfe,MADRID,BARCELONA,2019-05-31 14:00:00,2019-05-31 16:30:00,2.5,AVE,Turista,100.4,Promo,,{},2019-04-11 22:00:41
3141,renfe,MADRID,BARCELONA,2019-05-31 08:00:00,2019-05-31 10:30:00,2.5,AVE,Turista,68.65,Promo,,{},2019-04-11 22:00:41
3142,renfe,MADRID,BARCELONA,2019-05-31 14:30:00,2019-05-31 17:21:00,2.85,AVE,Turista,85.1,Promo,,{},2019-04-11 22:00:41
3143,renfe,MADRID,BARCELONA,2019-05-31 11:30:00,2019-05-31 14:40:00,3.17,AVE,Turista,85.1,Promo,,{},2019-04-11 22:00:41
3144,renfe,MADRID,BARCELONA,2019-05-31 15:00:00,2019-05-31 17:30:00,2.5,AVE,Turista,100.4,Promo,,{},2019-04-11 22:00:41
3145,renfe,MADRID,BARCELONA,2019-05-31 10:30:00,2019-05-31 13:15:00,2.75,AVE,Turista,75.4,Promo,,{},2019-04-11 22:00:41
3146,renfe,MADRID,BARCELONA,2019-05-31 15:30:00,2019-05-31 18:40:00,3.17,AVE,Turista Plus,102.15,Promo,,{},2019-04-11 22:00:41
3147,renfe,MADRID,BARCELONA,2019-05-31 15:00:00,2019-05-31 17:30:00,2.5,AVE,Turista,100.4,Promo,,{},2019-04-11 22:00:41
3148,renfe,MADRID,BARCELONA,2019-05-31 16:00:00,2019-05-31 18:30:00,2.5,AVE,Turista,100.4,Promo,,{},2019-04-11 22:00:41
3149,renfe,MADRID,BARCELONA,2019-05-31 14:30:00,2019-05-31 17:21:00,2.85,AVE,Turista,85.1,Promo,,{},2019-04-11 22:00:41
3150,renfe,MADRID,BARCELONA,2019-05-31 16:30:00,2019-05-31 19:15:00,2.75,AVE,Turista,107.7,Flexible,,{},2019-04-11 22:00:41
3151,renfe,MADRID,BARCELONA,2019-05-31 12:30:00,2019-05-31 15:30:00,3.0,AVE,Turista,85.1,Promo,,{},2019-04-11 22:00:41
3152,renfe,MADRID,BARCELONA,2019-05-31 17:00:00,2019-05-31 19:30:00,2.5,AVE,Turista,127.1,Flexible,,{},2019-04-11 22:00:41
3153,renfe,MADRID,BARCELONA,2019-05-31 21:25:00,2019-05-31 23:55:00,2.5,AVE,Turista,75.4,Promo,,{},2019-04-11 22:00:41
3154,renfe,MADRID,BARCELONA,2019-05-31 17:30:00,2019-05-31 20:40:00,3.17,AVE,Turista Plus,90.5,Promo,,{},2019-04-11 22:00:41
3155,renfe,MADRID,BARCELONA,2019-05-31 18:00:00,2019-05-31 20:30:00,2.5,AVE,Turista,100.4,Promo,,{},2019-04-11 22:00:41
3156,renfe,MADRID,BARCELONA,2019-05-31 18:30:00,2019-05-31 21:20:00,2.83,AVE,Preferente,,Promo,,{},2019-04-11 22:00:41
3157,renfe,MADRID,BARCELONA,2019-05-31 19:00:00,2019-05-31 21:30:00,2.5,AVE,Turista Plus,82.35,Promo,,{},2019-04-11 22:00:41
3158,renfe,MADRID,BARCELONA,2019-05-31 19:30:00,2019-05-31 22:40:00,3.17,AVE,Turista,75.4,Promo,,{},2019-04-11 22:00:41
3159,renfe,MADRID,BARCELONA,2019-05-31 20:00:00,2019-05-31 22:30:00,2.5,AVE,Turista,78.8,Promo,,{},2019-04-11 22:00:41
3160,renfe,MADRID,BARCELONA,2019-05-31 20:30:00,2019-05-31 23:40:00,3.17,AVE,Turista Plus,59.5,Promo,,{},2019-04-11 22:00:41
3161,renfe,MADRID,BARCELONA,2019-05-31 21:25:00,2019-05-31 23:55:00,2.5,AVE,Turista,75.4,Promo,,{},2019-04-11 22:00:41
3162,renfe,MADRID,BARCELONA,2019-05-31 19:00:00,2019-05-31 21:30:00,2.5,AVE,Turista Plus,82.35,Promo,,{},2019-04-11 22:00:41
3163,renfe,MADRID,BARCELONA,2019-05-31 07:15:00,2019-05-31 16:37:00,9.37,R. EXPRES,Turista,43.25,Adulto ida,,{},2019-04-11 22:00:41
3164,renfe,MADRID,BARCELONA,2019-05-31 16:00:00,2019-05-31 18:30:00,2.5,AVE,Turista,100.4,Promo,,{},2019-04-11 22:00:41
3165,renfe,MADRID,BARCELONA,2019-05-31 08:30:00,2019-05-31 11:15:00,2.75,AVE,Turista,85.1,Promo,,{},2019-04-11 22:00:41
3166,renfe,MADRID,BARCELONA,2019-05-31 20:00:00,2019-05-31 22:30:00,2.5,AVE,Turista,78.8,Promo,,{},2019-04-11 22:00:41
3167,renfe,MADRID,BARCELONA,2019-05-31 09:30:00,2019-05-31 12:34:00,3.07,AVE,Turista,85.1,Promo,,{},2019-04-11 22:00:41
3168,renfe,MADRID,BARCELONA,2019-05-31 20:30:00,2019-05-31 23:40:00,3.17,AVE,Turista Plus,59.5,Promo,,{},2019-04-11 22:00:41
3169,renfe,MADRID,VALENCIA,2019-06-05 06:08:00,2019-06-05 12:55:00,6.78,REGIONAL,Turista,28.35,Adulto ida,,{},2019-04-11 22:00:47
3170,renfe,MADRID,VALENCIA,2019-06-05 06:08:00,2019-06-05 12:55:00,6.78,REGIONAL,Turista,28.35,Adulto ida,,{},2019-04-11 22:00:47
3171,renfe,MADRID,VALENCIA,2019-06-05 16:05:00,2019-06-05 22:47:00,6.7,REGIONAL,Turista,28.35,Adulto ida,,{},2019-04-11 22:00:47
3172,renfe,MADRID,VALENCIA,2019-06-05 12:21:00,2019-06-05 19:04:00,6.72,REGIONAL,Turista,28.35,Adulto ida,,{},2019-04-11 22:00:47
3173,renfe,MADRID,VALENCIA,2019-06-05 16:05:00,2019-06-05 22:47:00,6.7,REGIONAL,Turista,28.35,Adulto ida,,{},2019-04-11 22:00:47
3174,renfe,MADRID,VALENCIA,2019-06-05 12:21:00,2019-06-05 19:04:00,6.72,REGIONAL,Turista,28.35,Adulto ida,,{},2019-04-11 22:00:47
3175,renfe,MADRID,VALENCIA,2019-04-25 17:40:00,2019-04-25 19:20:00,1.67,AVE,Turista,73.1,Flexible,,{},2019-04-11 22:00:57
3176,renfe,MADRID,VALENCIA,2019-04-25 06:08:00,2019-04-25 12:55:00,6.78,REGIONAL,Turista,28.35,Adulto ida,,{},2019-04-11 22:00:57
3177,renfe,MADRID,VALENCIA,2019-04-25 16:45:00,2019-04-25 18:50:00,2.08,ALVIA,Turista,,Flexible,,{},2019-04-11 22:00:57
3178,renfe,MADRID,VALENCIA,2019-04-25 06:45:00,2019-04-25 08:38:00,1.88,AVE,Turista,27.8,Promo,,{},2019-04-11 22:00:57
3179,renfe,MADRID,VALENCIA,2019-04-25 12:40:00,2019-04-25 14:20:00,1.67,AVE,Turista,39.45,Promo,,{},2019-04-11 22:00:57
3180,renfe,MADRID,VALENCIA,2019-04-25 07:40:00,2019-04-25 09:20:00,1.67,AVE,Turista,57.75,Promo,,{},2019-04-11 22:00:57
3181,renfe,MADRID,VALENCIA,2019-04-25 15:30:00,2019-04-25 22:31:00,7.02,AVE-MD,Turista con enlace,,Flexible,,{},2019-04-11 22:00:57
3182,renfe,MADRID,VALENCIA,2019-04-25 09:10:00,2019-04-25 10:58:00,1.8,AVE,Turista,45.3,Promo,,{},2019-04-11 22:00:57
3183,renfe,MADRID,VALENCIA,2019-04-25 06:45:00,2019-04-25 08:38:00,1.88,AVE,Turista,27.8,Promo,,{},2019-04-11 22:00:57
3184,renfe,MADRID,VALENCIA,2019-04-25 09:40:00,2019-04-25 11:24:00,1.73,AVE,Turista,39.45,Promo,,{},2019-04-11 22:00:57
3185,renfe,MADRID,VALENCIA,2019-04-25 15:40:00,2019-04-25 17:22:00,1.7,AVE,Preferente,66.55,Promo,,{},2019-04-11 22:00:57
3186,renfe,MADRID,VALENCIA,2019-04-25 10:40:00,2019-04-25 12:20:00,1.67,AVE,Turista,39.45,Promo,,{},2019-04-11 22:00:57
3187,renfe,MADRID,VALENCIA,2019-04-25 11:10:00,2019-04-25 13:25:00,2.25,INTERCITY,Turista,29.9,Promo,,{},2019-04-11 22:00:57
3188,renfe,MADRID,VALENCIA,2019-04-25 11:10:00,2019-04-25 13:25:00,2.25,INTERCITY,Turista,29.9,Promo,,{},2019-04-11 22:00:57
3189,renfe,MADRID,VALENCIA,2019-04-25 12:21:00,2019-04-25 19:04:00,6.72,REGIONAL,Turista,28.35,Adulto ida,,{},2019-04-11 22:00:57
3190,renfe,MADRID,VALENCIA,2019-04-25 11:55:00,2019-04-25 13:35:00,1.67,AVE,Turista,45.3,Promo,,{},2019-04-11 22:00:57
3191,renfe,MADRID,VALENCIA,2019-04-25 14:10:00,2019-04-25 16:03:00,1.88,AVE,Turista,39.45,Promo,,{},2019-04-11 22:00:57
3192,renfe,MADRID,VALENCIA,2019-04-25 12:21:00,2019-04-25 19:04:00,6.72,REGIONAL,Turista,28.35,Adulto ida,,{},2019-04-11 22:00:57
3193,renfe,MADRID,VALENCIA,2019-04-25 18:40:00,2019-04-25 20:20:00,1.67,AVE,Turista,73.1,Flexible,,{},2019-04-11 22:00:57
3194,renfe,MADRID,VALENCIA,2019-04-25 12:40:00,2019-04-25 14:20:00,1.67,AVE,Turista,39.45,Promo,,{},2019-04-11 22:00:57
3195,renfe,MADRID,VALENCIA,2019-04-25 20:40:00,2019-04-25 22:24:00,1.73,AVE,Preferente,66.55,Promo,,{},2019-04-11 22:00:57
3196,renfe,MADRID,VALENCIA,2019-04-25 14:10:00,2019-04-25 16:03:00,1.88,AVE,Turista,39.45,Promo,,{},2019-04-11 22:00:57
3197,renfe,MADRID,VALENCIA,2019-04-25 09:40:00,2019-04-25 11:24:00,1.73,AVE,Turista,39.45,Promo,,{},2019-04-11 22:00:57
3198,renfe,MADRID,VALENCIA,2019-04-25 15:10:00,2019-04-25 16:52:00,1.7,AVE,Turista,45.3,Promo,,{},2019-04-11 22:00:57
3199,renfe,MADRID,VALENCIA,2019-04-25 21:10:00,2019-04-25 23:03:00,1.88,AVE,Turista,45.3,Promo,,{},2019-04-11 22:00:57
3200,renfe,MADRID,VALENCIA,2019-04-25 15:30:00,2019-04-25 22:31:00,7.02,AVE-MD,Turista con enlace,,Flexible,,{},2019-04-11 22:00:57
3201,renfe,MADRID,VALENCIA,2019-04-25 16:05:00,2019-04-25 22:47:00,6.7,REGIONAL,Turista,28.35,Adulto ida,,{},2019-04-11 22:00:57
3202,renfe,MADRID,VALENCIA,2019-04-25 15:40:00,2019-04-25 17:22:00,1.7,AVE,Preferente,66.55,Promo,,{},2019-04-11 22:00:57
3203,renfe,MADRID,VALENCIA,2019-04-25 16:55:00,2019-04-25 21:58:00,5.05,AVE-LD,Turista con enlace,56.1,Flexible,,{},2019-04-11 22:00:57
3204,renfe,MADRID,VALENCIA,2019-04-25 16:05:00,2019-04-25 22:47:00,6.7,REGIONAL,Turista,28.35,Adulto ida,,{},2019-04-11 22:00:57
3205,renfe,MADRID,VALENCIA,2019-04-25 10:40:00,2019-04-25 12:20:00,1.67,AVE,Turista,39.45,Promo,,{},2019-04-11 22:00:57
3206,renfe,MADRID,VALENCIA,2019-04-25 16:45:00,2019-04-25 18:50:00,2.08,ALVIA,Turista,,Flexible,,{},2019-04-11 22:00:57
3207,renfe,MADRID,VALENCIA,2019-04-25 17:48:00,2019-04-25 21:58:00,4.17,INTERCITY,Turista,30.05,Promo,,{},2019-04-11 22:00:57
3208,renfe,MADRID,VALENCIA,2019-04-25 16:55:00,2019-04-25 21:58:00,5.05,AVE-LD,Turista con enlace,56.1,Flexible,,{},2019-04-11 22:00:57
3209,renfe,MADRID,VALENCIA,2019-04-25 17:40:00,2019-04-25 19:20:00,1.67,AVE,Turista,73.1,Flexible,,{},2019-04-11 22:00:57
3210,renfe,MADRID,VALENCIA,2019-04-25 17:48:00,2019-04-25 21:58:00,4.17,INTERCITY,Turista,30.05,Promo,,{},2019-04-11 22:00:57
3211,renfe,MADRID,VALENCIA,2019-04-25 18:40:00,2019-04-25 20:20:00,1.67,AVE,Turista,73.1,Flexible,,{},2019-04-11 22:00:57
3212,renfe,MADRID,VALENCIA,2019-04-25 19:40:00,2019-04-25 21:29:00,1.82,AVE,Preferente,66.55,Promo,,{},2019-04-11 22:00:57
3213,renfe,MADRID,VALENCIA,2019-04-25 20:40:00,2019-04-25 22:24:00,1.73,AVE,Preferente,66.55,Promo,,{},2019-04-11 22:00:57
3214,renfe,MADRID,VALENCIA,2019-04-25 21:10:00,2019-04-25 23:03:00,1.88,AVE,Turista,45.3,Promo,,{},2019-04-11 22:00:57
3215,renfe,MADRID,VALENCIA,2019-04-25 09:10:00,2019-04-25 10:58:00,1.8,AVE,Turista,45.3,Promo,,{},2019-04-11 22:00:57
3216,renfe,MADRID,VALENCIA,2019-04-25 06:08:00,2019-04-25 12:55:00,6.78,REGIONAL,Turista,28.35,Adulto ida,,{},2019-04-11 22:00:57
3217,renfe,MADRID,VALENCIA,2019-04-25 15:10:00,2019-04-25 16:52:00,1.7,AVE,Turista,45.3,Promo,,{},2019-04-11 22:00:57
3218,renfe,MADRID,VALENCIA,2019-04-25 07:40:00,2019-04-25 09:20:00,1.67,AVE,Turista,57.75,Promo,,{},2019-04-11 22:00:57
3219,renfe,MADRID,VALENCIA,2019-04-25 11:55:00,2019-04-25 13:35:00,1.67,AVE,Turista,45.3,Promo,,{},2019-04-11 22:00:57
3220,renfe,MADRID,VALENCIA,2019-04-25 19:40:00,2019-04-25 21:29:00,1.82,AVE,Preferente,66.55,Promo,,{},2019-04-11 22:00:57
3221,renfe,MADRID,BARCELONA,2019-05-13 10:30:00,2019-05-13 13:15:00,2.75,AVE,Turista Plus,80.15,Promo,,{},2019-04-11 22:01:03
3222,renfe,MADRID,BARCELONA,2019-05-13 05:50:00,2019-05-13 08:55:00,3.08,AVE,Turista,58.15,Promo,,{},2019-04-11 22:01:03
3223,renfe,MADRID,BARCELONA,2019-05-13 07:30:00,2019-05-13 10:40:00,3.17,AVE,Turista,85.1,Promo,,{},2019-04-11 22:01:03
3224,renfe,MADRID,BARCELONA,2019-05-13 06:10:00,2019-05-13 08:40:00,2.5,AVE,Turista Plus,80.15,Promo,,{},2019-04-11 22:01:03
3225,renfe,MADRID,BARCELONA,2019-05-13 11:30:00,2019-05-13 14:40:00,3.17,AVE,Turista,107.7,Flexible,,{},2019-04-11 22:01:03
3226,renfe,MADRID,BARCELONA,2019-05-13 06:30:00,2019-05-13 09:20:00,2.83,AVE,Turista,85.1,Promo,,{},2019-04-11 22:01:03
3227,renfe,MADRID,BARCELONA,2019-05-13 15:30:00,2019-05-13 18:40:00,3.17,AVE,Turista,85.1,Promo,,{},2019-04-11 22:01:03
3228,renfe,MADRID,BARCELONA,2019-05-13 07:00:00,2019-05-13 09:30:00,2.5,AVE,Turista,100.4,Promo,,{},2019-04-11 22:01:03
3229,renfe,MADRID,BARCELONA,2019-05-13 06:10:00,2019-05-13 08:40:00,2.5,AVE,Turista Plus,80.15,Promo,,{},2019-04-11 22:01:03
3230,renfe,MADRID,BARCELONA,2019-05-13 07:15:00,2019-05-13 16:37:00,9.37,R. EXPRES,Turista,43.25,Adulto ida,,{},2019-04-11 22:01:03
3231,renfe,MADRID,BARCELONA,2019-05-13 16:00:00,2019-05-13 18:30:00,2.5,AVE,Turista,88.95,Promo,,{},2019-04-11 22:01:03
3232,renfe,MADRID,BARCELONA,2019-05-13 07:20:00,2019-05-13 09:50:00,2.5,AVE,Preferente,115.65,Promo,,{},2019-04-11 22:01:03
3233,renfe,MADRID,BARCELONA,2019-05-13 21:25:00,2019-05-13 23:55:00,2.5,AVE,Turista Plus,49.15,Promo,,{},2019-04-11 22:01:03
3234,renfe,MADRID,BARCELONA,2019-05-13 07:30:00,2019-05-13 10:40:00,3.17,AVE,Turista,85.1,Promo,,{},2019-04-11 22:01:03
3235,renfe,MADRID,BARCELONA,2019-05-13 15:00:00,2019-05-13 17:30:00,2.5,AVE,Turista,78.8,Promo,,{},2019-04-11 22:01:03
3236,renfe,MADRID,BARCELONA,2019-05-13 08:00:00,2019-05-13 10:30:00,2.5,AVE,Turista,100.4,Promo,,{},2019-04-11 22:01:03
3237,renfe,MADRID,BARCELONA,2019-05-13 07:15:00,2019-05-13 16:37:00,9.37,R. EXPRES,Turista,43.25,Adulto ida,,{},2019-04-11 22:01:03
3238,renfe,MADRID,BARCELONA,2019-05-13 08:20:00,2019-05-13 11:05:00,2.75,AVE,Turista,85.1,Promo,,{},2019-04-11 22:01:03
3239,renfe,MADRID,BARCELONA,2019-05-13 17:00:00,2019-05-13 19:30:00,2.5,AVE,Turista,88.95,Promo,,{},2019-04-11 22:01:03
3240,renfe,MADRID,BARCELONA,2019-05-13 08:30:00,2019-05-13 11:15:00,2.75,AVE,Turista,85.1,Promo,,{},2019-04-11 22:01:03
3241,renfe,MADRID,BARCELONA,2019-05-13 18:30:00,2019-05-13 21:20:00,2.83,AVE,Turista Plus,69.8,Promo,,{},2019-04-11 22:01:03
3242,renfe,MADRID,BARCELONA,2019-05-13 09:30:00,2019-05-13 12:34:00,3.07,AVE,Turista,85.1,Promo,,{},2019-04-11 22:01:03
3243,renfe,MADRID,BARCELONA,2019-05-13 12:30:00,2019-05-13 15:30:00,3.0,AVE,Turista Plus,90.5,Promo,,{},2019-04-11 22:01:03
3244,renfe,MADRID,BARCELONA,2019-05-13 10:30:00,2019-05-13 13:15:00,2.75,AVE,Turista Plus,80.15,Promo,,{},2019-04-11 22:01:03
3245,renfe,MADRID,BARCELONA,2019-05-13 07:00:00,2019-05-13 09:30:00,2.5,AVE,Turista,100.4,Promo,,{},2019-04-11 22:01:03
3246,renfe,MADRID,BARCELONA,2019-05-13 11:30:00,2019-05-13 14:40:00,3.17,AVE,Turista,107.7,Flexible,,{},2019-04-11 22:01:03
3247,renfe,MADRID,BARCELONA,2019-05-13 08:30:00,2019-05-13 11:15:00,2.75,AVE,Turista,85.1,Promo,,{},2019-04-11 22:01:03
3248,renfe,MADRID,BARCELONA,2019-05-13 12:30:00,2019-05-13 15:30:00,3.0,AVE,Turista Plus,90.5,Promo,,{},2019-04-11 22:01:03
3249,renfe,MADRID,BARCELONA,2019-05-13 08:20:00,2019-05-13 11:05:00,2.75,AVE,Turista,85.1,Promo,,{},2019-04-11 22:01:03
3250,renfe,MADRID,BARCELONA,2019-05-13 13:25:00,2019-05-13 16:24:00,2.98,AVE-TGV,Turista,66.75,Promo,,{},2019-04-11 22:01:03
3251,renfe,MADRID,BARCELONA,2019-05-13 20:00:00,2019-05-13 22:30:00,2.5,AVE,Turista,58.45,Promo,,{},2019-04-11 22:01:03
3252,renfe,MADRID,BARCELONA,2019-05-13 14:00:00,2019-05-13 16:30:00,2.5,AVE,Turista,68.65,Promo,,{},2019-04-11 22:01:03
3253,renfe,MADRID,BARCELONA,2019-05-13 13:25:00,2019-05-13 16:24:00,2.98,AVE-TGV,Turista,66.75,Promo,,{},2019-04-11 22:01:03
3254,renfe,MADRID,BARCELONA,2019-05-13 14:30:00,2019-05-13 17:21:00,2.85,AVE,Turista,66.75,Promo,,{},2019-04-11 22:01:03
3255,renfe,MADRID,BARCELONA,2019-05-13 20:30:00,2019-05-13 23:40:00,3.17,AVE,Turista,49.55,Promo,,{},2019-04-11 22:01:03
3256,renfe,MADRID,BARCELONA,2019-05-13 15:00:00,2019-05-13 17:30:00,2.5,AVE,Turista,78.8,Promo,,{},2019-04-11 22:01:03
3257,renfe,MADRID,BARCELONA,2019-05-13 05:50:00,2019-05-13 08:55:00,3.08,AVE,Turista,58.15,Promo,,{},2019-04-11 22:01:03
3258,renfe,MADRID,BARCELONA,2019-05-13 15:30:00,2019-05-13 18:40:00,3.17,AVE,Turista,85.1,Promo,,{},2019-04-11 22:01:03
3259,renfe,MADRID,BARCELONA,2019-05-13 16:30:00,2019-05-13 19:15:00,2.75,AVE,Turista Plus,90.5,Promo,,{},2019-04-11 22:01:03
3260,renfe,MADRID,BARCELONA,2019-05-13 16:00:00,2019-05-13 18:30:00,2.5,AVE,Turista,88.95,Promo,,{},2019-04-11 22:01:03
3261,renfe,MADRID,BARCELONA,2019-05-13 19:30:00,2019-05-13 22:40:00,3.17,AVE,Turista,49.55,Promo,,{},2019-04-11 22:01:03
3262,renfe,MADRID,BARCELONA,2019-05-13 16:30:00,2019-05-13 19:15:00,2.75,AVE,Turista Plus,90.5,Promo,,{},2019-04-11 22:01:03
3263,renfe,MADRID,BARCELONA,2019-05-13 17:00:00,2019-05-13 19:30:00,2.5,AVE,Turista,88.95,Promo,,{},2019-04-11 22:01:03
3264,renfe,MADRID,BARCELONA,2019-05-13 17:30:00,2019-05-13 20:40:00,3.17,AVE,Preferente,,Promo,,{},2019-04-11 22:01:03
3265,renfe,MADRID,BARCELONA,2019-05-13 18:00:00,2019-05-13 20:30:00,2.5,AVE,Turista,88.95,Promo,,{},2019-04-11 22:01:03
3266,renfe,MADRID,BARCELONA,2019-05-13 18:30:00,2019-05-13 21:20:00,2.83,AVE,Turista Plus,69.8,Promo,,{},2019-04-11 22:01:03
3267,renfe,MADRID,BARCELONA,2019-05-13 19:00:00,2019-05-13 21:30:00,2.5,AVE,Turista Plus,94.55,Promo,,{},2019-04-11 22:01:03
3268,renfe,MADRID,BARCELONA,2019-05-13 19:30:00,2019-05-13 22:40:00,3.17,AVE,Turista,49.55,Promo,,{},2019-04-11 22:01:03
3269,renfe,MADRID,BARCELONA,2019-05-13 20:00:00,2019-05-13 22:30:00,2.5,AVE,Turista,58.45,Promo,,{},2019-04-11 22:01:03
3270,renfe,MADRID,BARCELONA,2019-05-13 20:30:00,2019-05-13 23:40:00,3.17,AVE,Turista,49.55,Promo,,{},2019-04-11 22:01:03
3271,renfe,MADRID,BARCELONA,2019-05-13 21:25:00,2019-05-13 23:55:00,2.5,AVE,Turista Plus,49.15,Promo,,{},2019-04-11 22:01:03
3272,renfe,MADRID,BARCELONA,2019-05-13 08:00:00,2019-05-13 10:30:00,2.5,AVE,Turista,100.4,Promo,,{},2019-04-11 22:01:03
3273,renfe,MADRID,BARCELONA,2019-05-13 09:30:00,2019-05-13 12:34:00,3.07,AVE,Turista,85.1,Promo,,{},2019-04-11 22:01:03
3274,renfe,MADRID,BARCELONA,2019-05-13 18:00:00,2019-05-13 20:30:00,2.5,AVE,Turista,88.95,Promo,,{},2019-04-11 22:01:03
3275,renfe,MADRID,BARCELONA,2019-05-13 17:30:00,2019-05-13 20:40:00,3.17,AVE,Preferente,,Promo,,{},2019-04-11 22:01:03
3276,renfe,MADRID,BARCELONA,2019-05-13 06:30:00,2019-05-13 09:20:00,2.83,AVE,Turista,85.1,Promo,,{},2019-04-11 22:01:03
3277,renfe,MADRID,BARCELONA,2019-05-13 14:00:00,2019-05-13 16:30:00,2.5,AVE,Turista,68.65,Promo,,{},2019-04-11 22:01:03
3278,renfe,MADRID,BARCELONA,2019-05-13 07:20:00,2019-05-13 09:50:00,2.5,AVE,Preferente,115.65,Promo,,{},2019-04-11 22:01:03
3279,renfe,MADRID,BARCELONA,2019-05-13 14:30:00,2019-05-13 17:21:00,2.85,AVE,Turista,66.75,Promo,,{},2019-04-11 22:01:03
3280,renfe,MADRID,BARCELONA,2019-05-13 19:00:00,2019-05-13 21:30:00,2.5,AVE,Turista Plus,94.55,Promo,,{},2019-04-11 22:01:03
3281,renfe,MADRID,VALENCIA,2019-05-10 06:45:00,2019-05-10 08:38:00,1.88,AVE,Turista,33.65,Promo,,{},2019-04-11 22:01:13
3282,renfe,MADRID,VALENCIA,2019-05-10 06:08:00,2019-05-10 12:55:00,6.78,REGIONAL,Turista,28.35,Adulto ida,,{},2019-04-11 22:01:13
3283,renfe,MADRID,VALENCIA,2019-05-10 16:30:00,2019-05-10 22:47:00,6.28,REGIONAL,Turista,28.35,Adulto ida,,{},2019-04-11 22:01:13
3284,renfe,MADRID,VALENCIA,2019-05-10 06:45:00,2019-05-10 08:38:00,1.88,AVE,Turista,33.65,Promo,,{},2019-04-11 22:01:13
3285,renfe,MADRID,VALENCIA,2019-05-10 14:10:00,2019-05-10 16:03:00,1.88,AVE,Turista,51.15,Promo,,{},2019-04-11 22:01:13
3286,renfe,MADRID,VALENCIA,2019-05-10 09:10:00,2019-05-10 10:58:00,1.8,AVE,Turista,45.3,Promo,,{},2019-04-11 22:01:13
3287,renfe,MADRID,VALENCIA,2019-05-10 06:08:00,2019-05-10 12:55:00,6.78,REGIONAL,Turista,28.35,Adulto ida,,{},2019-04-11 22:01:13
3288,renfe,MADRID,VALENCIA,2019-05-10 09:40:00,2019-05-10 11:24:00,1.73,AVE,Turista,39.45,Promo,,{},2019-04-11 22:01:13
3289,renfe,MADRID,VALENCIA,2019-05-10 09:10:00,2019-05-10 10:58:00,1.8,AVE,Turista,45.3,Promo,,{},2019-04-11 22:01:13
3290,renfe,MADRID,VALENCIA,2019-05-10 10:40:00,2019-05-10 12:20:00,1.67,AVE,Turista,39.45,Promo,,{},2019-04-11 22:01:13
3291,renfe,MADRID,VALENCIA,2019-05-10 17:10:00,2019-05-10 18:54:00,1.73,AVE,Preferente,66.55,Promo,,{},2019-04-11 22:01:13
3292,renfe,MADRID,VALENCIA,2019-05-10 11:10:00,2019-05-10 13:25:00,2.25,INTERCITY,Turista,34.35,Promo,,{},2019-04-11 22:01:13
3293,renfe,MADRID,VALENCIA,2019-05-10 19:40:00,2019-05-10 21:29:00,1.82,AVE,Turista,51.15,Promo,,{},2019-04-11 22:01:13
3294,renfe,MADRID,VALENCIA,2019-05-10 12:21:00,2019-05-10 19:04:00,6.72,REGIONAL,Turista,28.35,Adulto ida,,{},2019-04-11 22:01:13
3295,renfe,MADRID,VALENCIA,2019-05-10 18:40:00,2019-05-10 20:20:00,1.67,AVE,Turista,57.75,Promo,,{},2019-04-11 22:01:13
3296,renfe,MADRID,VALENCIA,2019-05-10 12:40:00,2019-05-10 14:20:00,1.67,AVE,Turista,51.15,Promo,,{},2019-04-11 22:01:13
3297,renfe,MADRID,VALENCIA,2019-05-10 12:21:00,2019-05-10 19:04:00,6.72,REGIONAL,Turista,28.35,Adulto ida,,{},2019-04-11 22:01:13
3298,renfe,MADRID,VALENCIA,2019-05-10 14:10:00,2019-05-10 16:03:00,1.88,AVE,Turista,51.15,Promo,,{},2019-04-11 22:01:13
3299,renfe,MADRID,VALENCIA,2019-05-10 18:10:00,2019-05-10 19:50:00,1.67,AVE,Preferente,66.55,Promo,,{},2019-04-11 22:01:13
3300,renfe,MADRID,VALENCIA,2019-05-10 15:10:00,2019-05-10 17:20:00,2.17,INTERCITY,Turista,38.8,Promo,,{},2019-04-11 22:01:13
3301,renfe,MADRID,VALENCIA,2019-05-10 16:45:00,2019-05-10 18:50:00,2.08,ALVIA,Turista,,Flexible,,{},2019-04-11 22:01:13
3302,renfe,MADRID,VALENCIA,2019-05-10 15:10:00,2019-05-10 17:20:00,2.17,INTERCITY,Turista,38.8,Promo,,{},2019-04-11 22:01:13
3303,renfe,MADRID,VALENCIA,2019-05-10 12:40:00,2019-05-10 14:20:00,1.67,AVE,Turista,51.15,Promo,,{},2019-04-11 22:01:13
3304,renfe,MADRID,VALENCIA,2019-05-10 15:30:00,2019-05-10 22:31:00,7.02,AVE-MD,Turista con enlace,,Flexible,,{},2019-04-11 22:01:13
3305,renfe,MADRID,VALENCIA,2019-05-10 17:40:00,2019-05-10 19:20:00,1.67,AVE,Preferente,66.55,Promo,,{},2019-04-11 22:01:13
3306,renfe,MADRID,VALENCIA,2019-05-10 15:40:00,2019-05-10 17:22:00,1.7,AVE,Turista,57.75,Promo,,{},2019-04-11 22:01:13
3307,renfe,MADRID,VALENCIA,2019-05-10 15:30:00,2019-05-10 22:31:00,7.02,AVE-MD,Turista con enlace,,Flexible,,{},2019-04-11 22:01:13
3308,renfe,MADRID,VALENCIA,2019-05-10 16:30:00,2019-05-10 22:47:00,6.28,REGIONAL,Turista,28.35,Adulto ida,,{},2019-04-11 22:01:13
3309,renfe,MADRID,VALENCIA,2019-05-10 16:55:00,2019-05-10 21:58:00,5.05,AVE-LD,Turista con enlace,56.1,Flexible,,{},2019-04-11 22:01:13
3310,renfe,MADRID,VALENCIA,2019-05-10 16:45:00,2019-05-10 18:50:00,2.08,ALVIA,Turista,,Flexible,,{},2019-04-11 22:01:13
3311,renfe,MADRID,VALENCIA,2019-05-10 16:55:00,2019-05-10 21:58:00,5.05,AVE-LD,Turista con enlace,56.1,Flexible,,{},2019-04-11 22:01:13
3312,renfe,MADRID,VALENCIA,2019-05-10 17:10:00,2019-05-10 18:54:00,1.73,AVE,Preferente,66.55,Promo,,{},2019-04-11 22:01:13
3313,renfe,MADRID,VALENCIA,2019-05-10 17:40:00,2019-05-10 19:20:00,1.67,AVE,Preferente,66.55,Promo,,{},2019-04-11 22:01:13
3314,renfe,MADRID,VALENCIA,2019-05-10 17:48:00,2019-05-10 21:58:00,4.17,INTERCITY,Turista Plus,30.9,Promo,,{},2019-04-11 22:01:13
3315,renfe,MADRID,VALENCIA,2019-05-10 18:10:00,2019-05-10 19:50:00,1.67,AVE,Preferente,66.55,Promo,,{},2019-04-11 22:01:13
3316,renfe,MADRID,VALENCIA,2019-05-10 18:40:00,2019-05-10 20:20:00,1.67,AVE,Turista,57.75,Promo,,{},2019-04-11 22:01:13
3317,renfe,MADRID,VALENCIA,2019-05-10 19:40:00,2019-05-10 21:29:00,1.82,AVE,Turista,51.15,Promo,,{},2019-04-11 22:01:13
3318,renfe,MADRID,VALENCIA,2019-05-10 20:40:00,2019-05-10 22:24:00,1.73,AVE,Turista,45.3,Promo,,{},2019-04-11 22:01:13
3319,renfe,MADRID,VALENCIA,2019-05-10 21:10:00,2019-05-10 23:03:00,1.88,AVE,Turista,45.3,Promo,,{},2019-04-11 22:01:13
3320,renfe,MADRID,VALENCIA,2019-05-10 10:40:00,2019-05-10 12:20:00,1.67,AVE,Turista,39.45,Promo,,{},2019-04-11 22:01:13
3321,renfe,MADRID,VALENCIA,2019-05-10 15:10:00,2019-05-10 17:20:00,2.17,INTERCITY,Turista,38.8,Promo,,{},2019-04-11 22:01:13
3322,renfe,MADRID,VALENCIA,2019-05-10 15:40:00,2019-05-10 17:22:00,1.7,AVE,Turista,57.75,Promo,,{},2019-04-11 22:01:13
3323,renfe,MADRID,VALENCIA,2019-05-10 17:48:00,2019-05-10 21:58:00,4.17,INTERCITY,Turista Plus,30.9,Promo,,{},2019-04-11 22:01:13
3324,renfe,MADRID,VALENCIA,2019-05-10 21:10:00,2019-05-10 23:03:00,1.88,AVE,Turista,45.3,Promo,,{},2019-04-11 22:01:13
3325,renfe,MADRID,VALENCIA,2019-05-10 15:10:00,2019-05-10 17:20:00,2.17,INTERCITY,Turista,38.8,Promo,,{},2019-04-11 22:01:13
3326,renfe,MADRID,VALENCIA,2019-05-10 09:40:00,2019-05-10 11:24:00,1.73,AVE,Turista,39.45,Promo,,{},2019-04-11 22:01:13
3327,renfe,MADRID,VALENCIA,2019-05-10 20:40:00,2019-05-10 22:24:00,1.73,AVE,Turista,45.3,Promo,,{},2019-04-11 22:01:13
3328,renfe,MADRID,VALENCIA,2019-05-10 11:10:00,2019-05-10 13:25:00,2.25,INTERCITY,Turista,34.35,Promo,,{},2019-04-11 22:01:13
3329,renfe,MADRID,SEVILLA,2019-05-03 09:00:00,2019-05-03 11:38:00,2.63,AVE,Turista,76.3,Flexible,,{},2019-04-11 22:01:19
3330,renfe,MADRID,SEVILLA,2019-05-03 07:00:00,2019-05-03 09:55:00,2.92,AV City,Turista,49.15,Promo,,{},2019-04-11 22:01:19
3331,renfe,MADRID,SEVILLA,2019-05-03 21:25:00,2019-05-04 00:10:00,2.75,AV City,Turista,49.15,Promo,,{},2019-04-11 22:01:19
3332,renfe,MADRID,SEVILLA,2019-05-03 08:00:00,2019-05-03 10:32:00,2.53,AVE,Preferente,69.4,Promo,,{},2019-04-11 22:01:19
3333,renfe,MADRID,SEVILLA,2019-05-03 12:00:00,2019-05-03 14:32:00,2.53,AVE,Turista,76.3,Flexible,,{},2019-04-11 22:01:19
3334,renfe,MADRID,SEVILLA,2019-05-03 08:30:00,2019-05-03 11:14:00,2.73,ALVIA,Turista,,Flexible,,{},2019-04-11 22:01:19
3335,renfe,MADRID,SEVILLA,2019-05-03 17:00:00,2019-05-03 19:38:00,2.63,AVE,Turista,76.3,Flexible,,{},2019-04-11 22:01:19
3336,renfe,MADRID,SEVILLA,2019-05-03 09:00:00,2019-05-03 11:38:00,2.63,AVE,Turista,76.3,Flexible,,{},2019-04-11 22:01:19
3337,renfe,MADRID,SEVILLA,2019-05-03 16:00:00,2019-05-03 18:30:00,2.5,AVE,Preferente,69.4,Promo,,{},2019-04-11 22:01:19
3338,renfe,MADRID,SEVILLA,2019-05-03 09:45:00,2019-05-03 12:27:00,2.7,INTERCITY,Turista,,Flexible,,{},2019-04-11 22:01:19
3339,renfe,MADRID,SEVILLA,2019-05-03 19:30:00,2019-05-03 22:05:00,2.58,AVE,Preferente,69.4,Promo,,{},2019-04-11 22:01:19
3340,renfe,MADRID,SEVILLA,2019-05-03 10:00:00,2019-05-03 12:32:00,2.53,AVE,Turista,76.3,Flexible,,{},2019-04-11 22:01:19
3341,renfe,MADRID,SEVILLA,2019-05-03 13:10:00,2019-05-03 20:51:00,7.68,MD-LD,Turista con enlace,34.35,Promo +,,{},2019-04-11 22:01:19
3342,renfe,MADRID,SEVILLA,2019-05-03 11:00:00,2019-05-03 13:32:00,2.53,AVE,Turista,60.3,Promo,,{},2019-04-11 22:01:19
3343,renfe,MADRID,SEVILLA,2019-05-03 14:00:00,2019-05-03 16:32:00,2.53,AVE,Turista,60.3,Promo,,{},2019-04-11 22:01:19
3344,renfe,MADRID,SEVILLA,2019-05-03 12:00:00,2019-05-03 14:32:00,2.53,AVE,Turista,76.3,Flexible,,{},2019-04-11 22:01:19
3345,renfe,MADRID,SEVILLA,2019-05-03 07:00:00,2019-05-03 09:55:00,2.92,AV City,Turista,49.15,Promo,,{},2019-04-11 22:01:19
3346,renfe,MADRID,SEVILLA,2019-05-03 13:00:00,2019-05-03 15:40:00,2.67,AVE,Turista,60.3,Promo,,{},2019-04-11 22:01:19
3347,renfe,MADRID,SEVILLA,2019-05-03 09:45:00,2019-05-03 12:27:00,2.7,INTERCITY,Turista,,Flexible,,{},2019-04-11 22:01:19
3348,renfe,MADRID,SEVILLA,2019-05-03 13:10:00,2019-05-03 20:51:00,7.68,MD-LD,Turista con enlace,34.35,Promo +,,{},2019-04-11 22:01:19
3349,renfe,MADRID,SEVILLA,2019-05-03 20:35:00,2019-05-03 23:15:00,2.67,AVE,Preferente,69.4,Promo,,{},2019-04-11 22:01:19
3350,renfe,MADRID,SEVILLA,2019-05-03 13:30:00,2019-05-03 16:05:00,2.58,ALVIA,Turista,,Promo,,{},2019-04-11 22:01:19
3351,renfe,MADRID,SEVILLA,2019-05-03 15:00:00,2019-05-03 17:21:00,2.35,AVE,Preferente,69.4,Promo,,{},2019-04-11 22:01:19
3352,renfe,MADRID,SEVILLA,2019-05-03 14:00:00,2019-05-03 16:32:00,2.53,AVE,Turista,60.3,Promo,,{},2019-04-11 22:01:19
3353,renfe,MADRID,SEVILLA,2019-05-03 13:00:00,2019-05-03 15:40:00,2.67,AVE,Turista,60.3,Promo,,{},2019-04-11 22:01:19
3354,renfe,MADRID,SEVILLA,2019-05-03 15:00:00,2019-05-03 17:21:00,2.35,AVE,Preferente,69.4,Promo,,{},2019-04-11 22:01:19
3355,renfe,MADRID,SEVILLA,2019-05-03 08:30:00,2019-05-03 11:14:00,2.73,ALVIA,Turista,,Flexible,,{},2019-04-11 22:01:19
3356,renfe,MADRID,SEVILLA,2019-05-03 16:00:00,2019-05-03 18:30:00,2.5,AVE,Preferente,69.4,Promo,,{},2019-04-11 22:01:19
3357,renfe,MADRID,SEVILLA,2019-05-03 11:00:00,2019-05-03 13:32:00,2.53,AVE,Turista,60.3,Promo,,{},2019-04-11 22:01:19
3358,renfe,MADRID,SEVILLA,2019-05-03 16:30:00,2019-05-03 18:55:00,2.42,AVE,Turista,76.3,Flexible,,{},2019-04-11 22:01:19
3359,renfe,MADRID,SEVILLA,2019-05-03 08:00:00,2019-05-03 10:32:00,2.53,AVE,Preferente,69.4,Promo,,{},2019-04-11 22:01:19
3360,renfe,MADRID,SEVILLA,2019-05-03 17:00:00,2019-05-03 19:38:00,2.63,AVE,Turista,76.3,Flexible,,{},2019-04-11 22:01:19
3361,renfe,MADRID,SEVILLA,2019-05-03 16:30:00,2019-05-03 18:55:00,2.42,AVE,Turista,76.3,Flexible,,{},2019-04-11 22:01:19
3362,renfe,MADRID,SEVILLA,2019-05-03 18:00:00,2019-05-03 20:32:00,2.53,AVE,Preferente,79.65,Promo,,{},2019-04-11 22:01:19
3363,renfe,MADRID,SEVILLA,2019-05-03 18:35:00,2019-05-03 21:08:00,2.55,ALVIA,Preferente,,Promo,,{},2019-04-11 22:01:19
3364,renfe,MADRID,SEVILLA,2019-05-03 19:00:00,2019-05-03 21:38:00,2.63,AVE,Preferente,69.4,Promo,,{},2019-04-11 22:01:19
3365,renfe,MADRID,SEVILLA,2019-05-03 19:30:00,2019-05-03 22:05:00,2.58,AVE,Preferente,69.4,Promo,,{},2019-04-11 22:01:19
3366,renfe,MADRID,SEVILLA,2019-05-03 20:35:00,2019-05-03 23:15:00,2.67,AVE,Preferente,69.4,Promo,,{},2019-04-11 22:01:19
3367,renfe,MADRID,SEVILLA,2019-05-03 21:25:00,2019-05-04 00:10:00,2.75,AV City,Turista,49.15,Promo,,{},2019-04-11 22:01:19
3368,renfe,MADRID,SEVILLA,2019-05-03 13:30:00,2019-05-03 16:05:00,2.58,ALVIA,Turista,,Promo,,{},2019-04-11 22:01:19
3369,renfe,MADRID,SEVILLA,2019-05-03 18:00:00,2019-05-03 20:32:00,2.53,AVE,Preferente,79.65,Promo,,{},2019-04-11 22:01:19
3370,renfe,MADRID,SEVILLA,2019-05-03 19:00:00,2019-05-03 21:38:00,2.63,AVE,Preferente,69.4,Promo,,{},2019-04-11 22:01:19
3371,renfe,MADRID,SEVILLA,2019-05-03 18:35:00,2019-05-03 21:08:00,2.55,ALVIA,Preferente,,Promo,,{},2019-04-11 22:01:19
3372,renfe,MADRID,SEVILLA,2019-05-03 10:00:00,2019-05-03 12:32:00,2.53,AVE,Turista,76.3,Flexible,,{},2019-04-11 22:01:19
3373,renfe,MADRID,VALENCIA,2019-05-26 17:48:00,2019-05-26 21:58:00,4.17,INTERCITY,Turista Plus,30.9,Promo,,{},2019-04-11 22:01:29
3374,renfe,MADRID,VALENCIA,2019-05-26 15:40:00,2019-05-26 17:22:00,1.7,AVE,Turista,51.15,Promo,,{},2019-04-11 22:01:29
3375,renfe,MADRID,VALENCIA,2019-05-26 11:10:00,2019-05-26 13:25:00,2.25,INTERCITY,Turista,29.9,Promo,,{},2019-04-11 22:01:29
3376,renfe,MADRID,VALENCIA,2019-05-26 06:20:00,2019-05-26 12:55:00,6.58,REGIONAL,Turista,28.35,Adulto ida,,{},2019-04-11 22:01:29
3377,renfe,MADRID,VALENCIA,2019-05-26 06:20:00,2019-05-26 12:55:00,6.58,REGIONAL,Turista,28.35,Adulto ida,,{},2019-04-11 22:01:29
3378,renfe,MADRID,VALENCIA,2019-05-26 08:40:00,2019-05-26 10:33:00,1.88,AVE,Turista,21.95,Promo,,{},2019-04-11 22:01:29
3379,renfe,MADRID,VALENCIA,2019-05-26 16:30:00,2019-05-26 22:47:00,6.28,REGIONAL,Turista,28.35,Adulto ida,,{},2019-04-11 22:01:29
3380,renfe,MADRID,VALENCIA,2019-05-26 09:40:00,2019-05-26 11:24:00,1.73,AVE,Turista,39.45,Promo,,{},2019-04-11 22:01:29
3381,renfe,MADRID,VALENCIA,2019-05-26 19:40:00,2019-05-26 21:29:00,1.82,AVE,Turista,51.15,Promo,,{},2019-04-11 22:01:29
3382,renfe,MADRID,VALENCIA,2019-05-26 10:40:00,2019-05-26 12:20:00,1.67,AVE,Turista,33.65,Promo,,{},2019-04-11 22:01:29
3383,renfe,MADRID,VALENCIA,2019-05-26 15:30:00,2019-05-26 22:31:00,7.02,AVE-MD,Turista con enlace,,Flexible,,{},2019-04-11 22:01:29
3384,renfe,MADRID,VALENCIA,2019-05-26 11:10:00,2019-05-26 13:25:00,2.25,INTERCITY,Turista,29.9,Promo,,{},2019-04-11 22:01:29
3385,renfe,MADRID,VALENCIA,2019-05-26 16:45:00,2019-05-26 18:50:00,2.08,ALVIA,Preferente,46.15,Promo,,{},2019-04-11 22:01:29
3386,renfe,MADRID,VALENCIA,2019-05-26 11:55:00,2019-05-26 13:35:00,1.67,AVE,Preferente,66.55,Promo,,{},2019-04-11 22:01:29
3387,renfe,MADRID,VALENCIA,2019-05-26 09:40:00,2019-05-26 11:24:00,1.73,AVE,Turista,39.45,Promo,,{},2019-04-11 22:01:29
3388,renfe,MADRID,VALENCIA,2019-05-26 12:42:00,2019-05-26 19:04:00,6.37,REGIONAL,Turista,28.35,Adulto ida,,{},2019-04-11 22:01:29
3389,renfe,MADRID,VALENCIA,2019-05-26 14:10:00,2019-05-26 16:03:00,1.88,AVE,Turista,45.3,Promo,,{},2019-04-11 22:01:29
3390,renfe,MADRID,VALENCIA,2019-05-26 14:10:00,2019-05-26 16:03:00,1.88,AVE,Turista,45.3,Promo,,{},2019-04-11 22:01:29
3391,renfe,MADRID,VALENCIA,2019-05-26 20:40:00,2019-05-26 22:24:00,1.73,AVE,Turista,45.3,Promo,,{},2019-04-11 22:01:29
3392,renfe,MADRID,VALENCIA,2019-05-26 15:30:00,2019-05-26 22:31:00,7.02,AVE-MD,Turista con enlace,,Flexible,,{},2019-04-11 22:01:29
3393,renfe,MADRID,VALENCIA,2019-05-26 21:10:00,2019-05-26 23:03:00,1.88,AVE,Turista,45.3,Promo,,{},2019-04-11 22:01:29
3394,renfe,MADRID,VALENCIA,2019-05-26 16:30:00,2019-05-26 22:47:00,6.28,REGIONAL,Turista,28.35,Adulto ida,,{},2019-04-11 22:01:29
3395,renfe,MADRID,VALENCIA,2019-05-26 15:40:00,2019-05-26 17:22:00,1.7,AVE,Turista,51.15,Promo,,{},2019-04-11 22:01:29
3396,renfe,MADRID,VALENCIA,2019-05-26 16:45:00,2019-05-26 18:50:00,2.08,ALVIA,Preferente,46.15,Promo,,{},2019-04-11 22:01:29
3397,renfe,MADRID,VALENCIA,2019-05-26 11:55:00,2019-05-26 13:35:00,1.67,AVE,Preferente,66.55,Promo,,{},2019-04-11 22:01:29
3398,renfe,MADRID,VALENCIA,2019-05-26 16:55:00,2019-05-26 21:58:00,5.05,AVE-LD,Turista con enlace,56.1,Flexible,,{},2019-04-11 22:01:29
3399,renfe,MADRID,VALENCIA,2019-05-26 10:40:00,2019-05-26 12:20:00,1.67,AVE,Turista,33.65,Promo,,{},2019-04-11 22:01:29
3400,renfe,MADRID,VALENCIA,2019-05-26 17:10:00,2019-05-26 18:54:00,1.73,AVE,Turista,73.1,Flexible,,{},2019-04-11 22:01:29
3401,renfe,MADRID,VALENCIA,2019-05-26 18:40:00,2019-05-26 20:20:00,1.67,AVE,Turista,57.75,Promo,,{},2019-04-11 22:01:29
3402,renfe,MADRID,VALENCIA,2019-05-26 17:48:00,2019-05-26 21:58:00,4.17,INTERCITY,Turista Plus,30.9,Promo,,{},2019-04-11 22:01:29
3403,renfe,MADRID,VALENCIA,2019-05-26 18:40:00,2019-05-26 20:20:00,1.67,AVE,Turista,57.75,Promo,,{},2019-04-11 22:01:29
3404,renfe,MADRID,VALENCIA,2019-05-26 19:40:00,2019-05-26 21:29:00,1.82,AVE,Turista,51.15,Promo,,{},2019-04-11 22:01:29
3405,renfe,MADRID,VALENCIA,2019-05-26 20:40:00,2019-05-26 22:24:00,1.73,AVE,Turista,45.3,Promo,,{},2019-04-11 22:01:29
3406,renfe,MADRID,VALENCIA,2019-05-26 21:10:00,2019-05-26 23:03:00,1.88,AVE,Turista,45.3,Promo,,{},2019-04-11 22:01:29
3407,renfe,MADRID,VALENCIA,2019-05-26 16:55:00,2019-05-26 21:58:00,5.05,AVE-LD,Turista con enlace,56.1,Flexible,,{},2019-04-11 22:01:29
3408,renfe,MADRID,VALENCIA,2019-05-26 17:10:00,2019-05-26 18:54:00,1.73,AVE,Turista,73.1,Flexible,,{},2019-04-11 22:01:29
3409,renfe,MADRID,VALENCIA,2019-05-26 08:40:00,2019-05-26 10:33:00,1.88,AVE,Turista,21.95,Promo,,{},2019-04-11 22:01:29
3410,renfe,MADRID,VALENCIA,2019-05-26 12:42:00,2019-05-26 19:04:00,6.37,REGIONAL,Turista,28.35,Adulto ida,,{},2019-04-11 22:01:29
3411,renfe,MADRID,VALENCIA,2019-04-12 06:45:00,2019-04-12 08:38:00,1.88,AVE,Turista,,Flexible,,{},2019-04-11 22:01:35
3412,renfe,MADRID,VALENCIA,2019-04-12 06:08:00,2019-04-12 12:55:00,6.78,REGIONAL,Turista,28.35,Adulto ida,,{},2019-04-11 22:01:35
3413,renfe,MADRID,VALENCIA,2019-04-12 18:40:00,2019-04-12 20:20:00,1.67,AVE,Preferente,,Flexible,,{},2019-04-11 22:01:35
3414,renfe,MADRID,VALENCIA,2019-04-12 06:45:00,2019-04-12 08:38:00,1.88,AVE,Turista,,Flexible,,{},2019-04-11 22:01:35
3415,renfe,MADRID,VALENCIA,2019-04-12 20:40:00,2019-04-12 22:24:00,1.73,AVE,Preferente,76.4,Promo,,{},2019-04-11 22:01:35
3416,renfe,MADRID,VALENCIA,2019-04-12 09:10:00,2019-04-12 10:58:00,1.8,AVE,Turista,,Flexible,,{},2019-04-11 22:01:35
3417,renfe,MADRID,VALENCIA,2019-04-12 10:40:00,2019-04-12 12:20:00,1.67,AVE,Turista,73.1,Flexible,,{},2019-04-11 22:01:35
3418,renfe,MADRID,VALENCIA,2019-04-12 09:40:00,2019-04-12 11:24:00,1.73,AVE,Turista,73.1,Flexible,,{},2019-04-11 22:01:35
3419,renfe,MADRID,VALENCIA,2019-04-12 16:30:00,2019-04-12 22:47:00,6.28,REGIONAL,Turista,28.35,Adulto ida,,{},2019-04-11 22:01:35
3420,renfe,MADRID,VALENCIA,2019-04-12 10:40:00,2019-04-12 12:20:00,1.67,AVE,Turista,73.1,Flexible,,{},2019-04-11 22:01:35
3421,renfe,MADRID,VALENCIA,2019-04-12 12:40:00,2019-04-12 14:20:00,1.67,AVE,Turista,73.1,Flexible,,{},2019-04-11 22:01:35
3422,renfe,MADRID,VALENCIA,2019-04-12 11:10:00,2019-04-12 13:25:00,2.25,INTERCITY,Turista,55.4,Flexible,,{},2019-04-11 22:01:35
3423,renfe,MADRID,VALENCIA,2019-04-12 11:10:00,2019-04-12 13:25:00,2.25,INTERCITY,Turista,55.4,Flexible,,{},2019-04-11 22:01:35
3424,renfe,MADRID,VALENCIA,2019-04-12 12:21:00,2019-04-12 19:04:00,6.72,REGIONAL,Turista,28.35,Adulto ida,,{},2019-04-11 22:01:35
3425,renfe,MADRID,VALENCIA,2019-04-12 18:10:00,2019-04-12 19:50:00,1.67,AVE,Turista,73.1,Flexible,,{},2019-04-11 22:01:35
3426,renfe,MADRID,VALENCIA,2019-04-12 12:40:00,2019-04-12 14:20:00,1.67,AVE,Turista,73.1,Flexible,,{},2019-04-11 22:01:35
3427,renfe,MADRID,VALENCIA,2019-04-12 06:08:00,2019-04-12 12:55:00,6.78,REGIONAL,Turista,28.35,Adulto ida,,{},2019-04-11 22:01:35
3428,renfe,MADRID,VALENCIA,2019-04-12 14:10:00,2019-04-12 16:03:00,1.88,AVE,Turista,,Flexible,,{},2019-04-11 22:01:35
3429,renfe,MADRID,VALENCIA,2019-04-12 16:45:00,2019-04-12 18:50:00,2.08,ALVIA,Preferente,,Flexible,,{},2019-04-11 22:01:35
3430,renfe,MADRID,VALENCIA,2019-04-12 15:10:00,2019-04-12 17:20:00,2.17,INTERCITY,Turista,55.4,Flexible,,{},2019-04-11 22:01:35
3431,renfe,MADRID,VALENCIA,2019-04-12 19:40:00,2019-04-12 21:29:00,1.82,AVE,Preferente,159.6,Flexible,,{},2019-04-11 22:01:35
3432,renfe,MADRID,VALENCIA,2019-04-12 15:10:00,2019-04-12 17:20:00,2.17,INTERCITY,Turista,55.4,Flexible,,{},2019-04-11 22:01:35
3433,renfe,MADRID,VALENCIA,2019-04-12 15:30:00,2019-04-12 22:31:00,7.02,AVE-MD,Turista,,Adulto ida,,{},2019-04-11 22:01:35
3434,renfe,MADRID,VALENCIA,2019-04-12 15:30:00,2019-04-12 22:31:00,7.02,AVE-MD,Turista,,Adulto ida,,{},2019-04-11 22:01:35
3435,renfe,MADRID,VALENCIA,2019-04-12 15:10:00,2019-04-12 17:20:00,2.17,INTERCITY,Turista,55.4,Flexible,,{},2019-04-11 22:01:35
3436,renfe,MADRID,VALENCIA,2019-04-12 15:40:00,2019-04-12 17:22:00,1.7,AVE,Turista,,Adulto ida,,{},2019-04-11 22:01:35
3437,renfe,MADRID,VALENCIA,2019-04-12 14:10:00,2019-04-12 16:03:00,1.88,AVE,Turista,,Flexible,,{},2019-04-11 22:01:35
3438,renfe,MADRID,VALENCIA,2019-04-12 16:30:00,2019-04-12 22:47:00,6.28,REGIONAL,Turista,28.35,Adulto ida,,{},2019-04-11 22:01:35
3439,renfe,MADRID,VALENCIA,2019-04-12 17:48:00,2019-04-12 21:58:00,4.17,INTERCITY,Turista Plus,51.5,Flexible,,{},2019-04-11 22:01:35
3440,renfe,MADRID,VALENCIA,2019-04-12 16:45:00,2019-04-12 18:50:00,2.08,ALVIA,Preferente,,Flexible,,{},2019-04-11 22:01:35
3441,renfe,MADRID,VALENCIA,2019-04-12 15:10:00,2019-04-12 17:20:00,2.17,INTERCITY,Turista,55.4,Flexible,,{},2019-04-11 22:01:35
3442,renfe,MADRID,VALENCIA,2019-04-12 16:55:00,2019-04-12 21:58:00,5.05,AVE-LD,Preferente,,Flexible,,{},2019-04-11 22:01:35
3443,renfe,MADRID,VALENCIA,2019-04-12 09:40:00,2019-04-12 11:24:00,1.73,AVE,Turista,73.1,Flexible,,{},2019-04-11 22:01:35
3444,renfe,MADRID,VALENCIA,2019-04-12 17:10:00,2019-04-12 18:54:00,1.73,AVE,Preferente,,Flexible,,{},2019-04-11 22:01:35
3445,renfe,MADRID,VALENCIA,2019-04-12 12:21:00,2019-04-12 19:04:00,6.72,REGIONAL,Turista,28.35,Adulto ida,,{},2019-04-11 22:01:35
3446,renfe,MADRID,VALENCIA,2019-04-12 17:40:00,2019-04-12 19:20:00,1.67,AVE,Preferente,123.2,Flexible,,{},2019-04-11 22:01:35
3447,renfe,MADRID,VALENCIA,2019-04-12 17:48:00,2019-04-12 21:58:00,4.17,INTERCITY,Turista Plus,51.5,Flexible,,{},2019-04-11 22:01:35
3448,renfe,MADRID,VALENCIA,2019-04-12 18:10:00,2019-04-12 19:50:00,1.67,AVE,Turista,73.1,Flexible,,{},2019-04-11 22:01:35
3449,renfe,MADRID,VALENCIA,2019-04-12 18:40:00,2019-04-12 20:20:00,1.67,AVE,Preferente,,Flexible,,{},2019-04-11 22:01:35
3450,renfe,MADRID,VALENCIA,2019-04-12 19:40:00,2019-04-12 21:29:00,1.82,AVE,Preferente,159.6,Flexible,,{},2019-04-11 22:01:35
3451,renfe,MADRID,VALENCIA,2019-04-12 20:40:00,2019-04-12 22:24:00,1.73,AVE,Preferente,76.4,Promo,,{},2019-04-11 22:01:35
3452,renfe,MADRID,VALENCIA,2019-04-12 21:10:00,2019-04-12 23:03:00,1.88,AVE,Preferente,66.55,Promo,,{},2019-04-11 22:01:35
3453,renfe,MADRID,VALENCIA,2019-04-12 16:55:00,2019-04-12 21:58:00,5.05,AVE-LD,Preferente,,Flexible,,{},2019-04-11 22:01:35
3454,renfe,MADRID,VALENCIA,2019-04-12 15:40:00,2019-04-12 17:22:00,1.7,AVE,Turista,,Adulto ida,,{},2019-04-11 22:01:35
3455,renfe,MADRID,VALENCIA,2019-04-12 09:10:00,2019-04-12 10:58:00,1.8,AVE,Turista,,Flexible,,{},2019-04-11 22:01:35
3456,renfe,MADRID,VALENCIA,2019-04-12 21:10:00,2019-04-12 23:03:00,1.88,AVE,Preferente,66.55,Promo,,{},2019-04-11 22:01:35
3457,renfe,MADRID,VALENCIA,2019-04-12 17:40:00,2019-04-12 19:20:00,1.67,AVE,Preferente,123.2,Flexible,,{},2019-04-11 22:01:35
3458,renfe,MADRID,VALENCIA,2019-04-12 17:10:00,2019-04-12 18:54:00,1.73,AVE,Preferente,,Flexible,,{},2019-04-11 22:01:35
3459,renfe,MADRID,BARCELONA,2019-04-13 16:30:00,2019-04-13 19:15:00,2.75,AVE,Turista,107.7,Flexible,,{},2019-04-11 22:01:45
3460,renfe,MADRID,BARCELONA,2019-04-13 06:20:00,2019-04-13 09:29:00,3.15,AVE,Preferente,,Promo,,{},2019-04-11 22:01:45
3461,renfe,MADRID,BARCELONA,2019-04-13 09:30:00,2019-04-13 12:34:00,3.07,AVE,Turista Plus,102.15,Promo,,{},2019-04-11 22:01:45
3462,renfe,MADRID,BARCELONA,2019-04-13 07:30:00,2019-04-13 10:40:00,3.17,AVE,Turista,107.7,Flexible,,{},2019-04-11 22:01:45
3463,renfe,MADRID,BARCELONA,2019-04-13 08:30:00,2019-04-13 11:15:00,2.75,AVE,Turista Plus,,Promo,,{},2019-04-11 22:01:45
3464,renfe,MADRID,BARCELONA,2019-04-13 08:30:00,2019-04-13 11:15:00,2.75,AVE,Turista Plus,,Promo,,{},2019-04-11 22:01:45
3465,renfe,MADRID,BARCELONA,2019-04-13 12:30:00,2019-04-13 15:30:00,3.0,AVE,Turista,75.4,Promo,,{},2019-04-11 22:01:45
3466,renfe,MADRID,BARCELONA,2019-04-13 09:30:00,2019-04-13 12:34:00,3.07,AVE,Turista Plus,102.15,Promo,,{},2019-04-11 22:01:45
3467,renfe,MADRID,BARCELONA,2019-04-13 11:30:00,2019-04-13 14:40:00,3.17,AVE,Turista,107.7,Flexible,,{},2019-04-11 22:01:45
3468,renfe,MADRID,BARCELONA,2019-04-13 10:30:00,2019-04-13 13:15:00,2.75,AVE,Turista Plus,129.3,Flexible,,{},2019-04-11 22:01:45
3469,renfe,MADRID,BARCELONA,2019-04-13 13:25:00,2019-04-13 16:24:00,2.98,AVE-TGV,Turista,107.7,Flexible,,{},2019-04-11 22:01:45
3470,renfe,MADRID,BARCELONA,2019-04-13 11:30:00,2019-04-13 14:40:00,3.17,AVE,Turista,107.7,Flexible,,{},2019-04-11 22:01:45
3471,renfe,MADRID,BARCELONA,2019-04-13 19:30:00,2019-04-13 22:40:00,3.17,AVE,Turista,107.7,Flexible,,{},2019-04-11 22:01:45
3472,renfe,MADRID,BARCELONA,2019-04-13 12:30:00,2019-04-13 15:30:00,3.0,AVE,Turista,75.4,Promo,,{},2019-04-11 22:01:45
3473,renfe,MADRID,BARCELONA,2019-04-13 15:30:00,2019-04-13 18:40:00,3.17,AVE,Turista Plus,102.15,Promo,,{},2019-04-11 22:01:45
3474,renfe,MADRID,BARCELONA,2019-04-13 13:25:00,2019-04-13 16:24:00,2.98,AVE-TGV,Turista,107.7,Flexible,,{},2019-04-11 22:01:45
3475,renfe,MADRID,BARCELONA,2019-04-13 17:30:00,2019-04-13 20:40:00,3.17,AVE,Turista,107.7,Flexible,,{},2019-04-11 22:01:45
3476,renfe,MADRID,BARCELONA,2019-04-13 15:30:00,2019-04-13 18:40:00,3.17,AVE,Turista Plus,102.15,Promo,,{},2019-04-11 22:01:45
3477,renfe,MADRID,BARCELONA,2019-04-13 06:20:00,2019-04-13 09:29:00,3.15,AVE,Preferente,,Promo,,{},2019-04-11 22:01:45
3478,renfe,MADRID,BARCELONA,2019-04-13 16:30:00,2019-04-13 19:15:00,2.75,AVE,Turista,107.7,Flexible,,{},2019-04-11 22:01:45
3479,renfe,MADRID,BARCELONA,2019-04-13 10:30:00,2019-04-13 13:15:00,2.75,AVE,Turista Plus,129.3,Flexible,,{},2019-04-11 22:01:45
3480,renfe,MADRID,BARCELONA,2019-04-13 17:30:00,2019-04-13 20:40:00,3.17,AVE,Turista,107.7,Flexible,,{},2019-04-11 22:01:45
3481,renfe,MADRID,BARCELONA,2019-04-13 18:30:00,2019-04-13 21:20:00,2.83,AVE,Turista,107.7,Flexible,,{},2019-04-11 22:01:45
3482,renfe,MADRID,BARCELONA,2019-04-13 18:30:00,2019-04-13 21:20:00,2.83,AVE,Turista,107.7,Flexible,,{},2019-04-11 22:01:45
3483,renfe,MADRID,BARCELONA,2019-04-13 19:30:00,2019-04-13 22:40:00,3.17,AVE,Turista,107.7,Flexible,,{},2019-04-11 22:01:45
3484,renfe,MADRID,BARCELONA,2019-04-13 20:30:00,2019-04-13 23:40:00,3.17,AVE,Turista Plus,90.5,Promo,,{},2019-04-11 22:01:45
3485,renfe,MADRID,BARCELONA,2019-04-13 20:30:00,2019-04-13 23:40:00,3.17,AVE,Turista Plus,90.5,Promo,,{},2019-04-11 22:01:45
3486,renfe,MADRID,BARCELONA,2019-04-13 07:30:00,2019-04-13 10:40:00,3.17,AVE,Turista,107.7,Flexible,,{},2019-04-11 22:01:45
3487,renfe,MADRID,VALENCIA,2019-05-02 17:40:00,2019-05-02 19:20:00,1.67,AVE,Turista,57.75,Promo,,{},2019-04-11 22:01:51
3488,renfe,MADRID,VALENCIA,2019-05-02 06:08:00,2019-05-02 12:55:00,6.78,REGIONAL,Turista,28.35,Adulto ida,,{},2019-04-11 22:01:51
3489,renfe,MADRID,VALENCIA,2019-05-02 06:08:00,2019-05-02 12:55:00,6.78,REGIONAL,Turista,28.35,Adulto ida,,{},2019-04-11 22:01:51
3490,renfe,MADRID,VALENCIA,2019-05-02 08:40:00,2019-05-02 10:33:00,1.88,AVE,Turista,33.65,Promo,,{},2019-04-11 22:01:51
3491,renfe,MADRID,VALENCIA,2019-05-02 15:30:00,2019-05-02 22:31:00,7.02,AVE-MD,Turista con enlace,,Flexible,,{},2019-04-11 22:01:51
3492,renfe,MADRID,VALENCIA,2019-05-02 09:40:00,2019-05-02 11:24:00,1.73,AVE,Turista,39.45,Promo,,{},2019-04-11 22:01:51
3493,renfe,MADRID,VALENCIA,2019-05-02 19:40:00,2019-05-02 21:29:00,1.82,AVE,Turista,51.15,Promo,,{},2019-04-11 22:01:51
3494,renfe,MADRID,VALENCIA,2019-05-02 10:40:00,2019-05-02 12:20:00,1.67,AVE,Turista,51.15,Promo,,{},2019-04-11 22:01:51
3495,renfe,MADRID,VALENCIA,2019-05-02 21:10:00,2019-05-02 23:03:00,1.88,AVE,Turista,33.65,Promo,,{},2019-04-11 22:01:51
3496,renfe,MADRID,VALENCIA,2019-05-02 11:10:00,2019-05-02 13:25:00,2.25,INTERCITY,Turista,34.35,Promo,,{},2019-04-11 22:01:51
3497,renfe,MADRID,VALENCIA,2019-05-02 20:40:00,2019-05-02 22:24:00,1.73,AVE,Turista,57.75,Promo,,{},2019-04-11 22:01:51
3498,renfe,MADRID,VALENCIA,2019-05-02 12:21:00,2019-05-02 19:04:00,6.72,REGIONAL,Turista,28.35,Adulto ida,,{},2019-04-11 22:01:51
3499,renfe,MADRID,VALENCIA,2019-05-02 11:10:00,2019-05-02 13:25:00,2.25,INTERCITY,Turista,34.35,Promo,,{},2019-04-11 22:01:51
3500,renfe,MADRID,VALENCIA,2019-05-02 12:40:00,2019-05-02 14:20:00,1.67,AVE,Turista,39.45,Promo,,{},2019-04-11 22:01:51
3501,renfe,MADRID,VALENCIA,2019-05-02 14:10:00,2019-05-02 16:03:00,1.88,AVE,Turista,39.45,Promo,,{},2019-04-11 22:01:51
3502,renfe,MADRID,VALENCIA,2019-05-02 14:10:00,2019-05-02 16:03:00,1.88,AVE,Turista,39.45,Promo,,{},2019-04-11 22:01:51
3503,renfe,MADRID,VALENCIA,2019-05-02 16:45:00,2019-05-02 18:50:00,2.08,ALVIA,Turista,35.5,Promo,,{},2019-04-11 22:01:51
3504,renfe,MADRID,VALENCIA,2019-05-02 15:10:00,2019-05-02 16:52:00,1.7,AVE,Turista,39.45,Promo,,{},2019-04-11 22:01:51
3505,renfe,MADRID,VALENCIA,2019-05-02 12:40:00,2019-05-02 14:20:00,1.67,AVE,Turista,39.45,Promo,,{},2019-04-11 22:01:51
3506,renfe,MADRID,VALENCIA,2019-05-02 15:30:00,2019-05-02 22:31:00,7.02,AVE-MD,Turista con enlace,,Flexible,,{},2019-04-11 22:01:51
3507,renfe,MADRID,VALENCIA,2019-05-02 10:40:00,2019-05-02 12:20:00,1.67,AVE,Turista,51.15,Promo,,{},2019-04-11 22:01:51
3508,renfe,MADRID,VALENCIA,2019-05-02 15:40:00,2019-05-02 17:22:00,1.7,AVE,Turista,57.75,Promo,,{},2019-04-11 22:01:51
3509,renfe,MADRID,VALENCIA,2019-05-02 15:40:00,2019-05-02 17:22:00,1.7,AVE,Turista,57.75,Promo,,{},2019-04-11 22:01:51
3510,renfe,MADRID,VALENCIA,2019-05-02 16:05:00,2019-05-02 22:47:00,6.7,REGIONAL,Turista,28.35,Adulto ida,,{},2019-04-11 22:01:51
3511,renfe,MADRID,VALENCIA,2019-05-02 16:55:00,2019-05-02 21:58:00,5.05,AVE-LD,Turista con enlace,56.1,Flexible,,{},2019-04-11 22:01:51
3512,renfe,MADRID,VALENCIA,2019-05-02 16:45:00,2019-05-02 18:50:00,2.08,ALVIA,Turista,35.5,Promo,,{},2019-04-11 22:01:51
3513,renfe,MADRID,VALENCIA,2019-05-02 09:40:00,2019-05-02 11:24:00,1.73,AVE,Turista,39.45,Promo,,{},2019-04-11 22:01:51
3514,renfe,MADRID,VALENCIA,2019-05-02 16:55:00,2019-05-02 21:58:00,5.05,AVE-LD,Turista con enlace,56.1,Flexible,,{},2019-04-11 22:01:51
3515,renfe,MADRID,VALENCIA,2019-05-02 16:05:00,2019-05-02 22:47:00,6.7,REGIONAL,Turista,28.35,Adulto ida,,{},2019-04-11 22:01:51
3516,renfe,MADRID,VALENCIA,2019-05-02 17:40:00,2019-05-02 19:20:00,1.67,AVE,Turista,57.75,Promo,,{},2019-04-11 22:01:51
3517,renfe,MADRID,VALENCIA,2019-05-02 18:40:00,2019-05-02 20:20:00,1.67,AVE,Turista,57.75,Promo,,{},2019-04-11 22:01:51
3518,renfe,MADRID,VALENCIA,2019-05-02 17:48:00,2019-05-02 21:58:00,4.17,INTERCITY,Turista,21.45,Promo,,{},2019-04-11 22:01:51
3519,renfe,MADRID,VALENCIA,2019-05-02 18:40:00,2019-05-02 20:20:00,1.67,AVE,Turista,57.75,Promo,,{},2019-04-11 22:01:51
3520,renfe,MADRID,VALENCIA,2019-05-02 19:40:00,2019-05-02 21:29:00,1.82,AVE,Turista,51.15,Promo,,{},2019-04-11 22:01:51
3521,renfe,MADRID,VALENCIA,2019-05-02 20:40:00,2019-05-02 22:24:00,1.73,AVE,Turista,57.75,Promo,,{},2019-04-11 22:01:51
3522,renfe,MADRID,VALENCIA,2019-05-02 21:10:00,2019-05-02 23:03:00,1.88,AVE,Turista,33.65,Promo,,{},2019-04-11 22:01:51
3523,renfe,MADRID,VALENCIA,2019-05-02 08:40:00,2019-05-02 10:33:00,1.88,AVE,Turista,33.65,Promo,,{},2019-04-11 22:01:51
3524,renfe,MADRID,VALENCIA,2019-05-02 15:10:00,2019-05-02 16:52:00,1.7,AVE,Turista,39.45,Promo,,{},2019-04-11 22:01:51
3525,renfe,MADRID,VALENCIA,2019-05-02 17:48:00,2019-05-02 21:58:00,4.17,INTERCITY,Turista,21.45,Promo,,{},2019-04-11 22:01:51
3526,renfe,MADRID,VALENCIA,2019-05-02 12:21:00,2019-05-02 19:04:00,6.72,REGIONAL,Turista,28.35,Adulto ida,,{},2019-04-11 22:01:51
3527,renfe,MADRID,VALENCIA,2019-06-02 21:10:00,2019-06-02 23:03:00,1.88,AVE,Turista,33.65,Promo,,{},2019-04-11 22:02:01
3528,renfe,MADRID,VALENCIA,2019-06-02 06:20:00,2019-06-02 12:55:00,6.58,REGIONAL,Turista,28.35,Adulto ida,,{},2019-04-11 22:02:01
3529,renfe,MADRID,VALENCIA,2019-06-02 18:40:00,2019-06-02 20:20:00,1.67,AVE,Preferente,66.55,Promo,,{},2019-04-11 22:02:01
3530,renfe,MADRID,VALENCIA,2019-06-02 08:40:00,2019-06-02 10:33:00,1.88,AVE,Turista,21.95,Promo,,{},2019-04-11 22:02:01
3531,renfe,MADRID,VALENCIA,2019-06-02 19:40:00,2019-06-02 21:29:00,1.82,AVE,Turista,45.3,Promo,,{},2019-04-11 22:02:01
3532,renfe,MADRID,VALENCIA,2019-06-02 09:40:00,2019-06-02 11:24:00,1.73,AVE,Turista,39.45,Promo,,{},2019-04-11 22:02:01
3533,renfe,MADRID,VALENCIA,2019-06-02 20:40:00,2019-06-02 22:24:00,1.73,AVE,Turista,33.65,Promo,,{},2019-04-11 22:02:01
3534,renfe,MADRID,VALENCIA,2019-06-02 10:40:00,2019-06-02 12:20:00,1.67,AVE,Turista,21.95,Promo,,{},2019-04-11 22:02:01
3535,renfe,MADRID,VALENCIA,2019-06-02 08:40:00,2019-06-02 10:33:00,1.88,AVE,Turista,21.95,Promo,,{},2019-04-11 22:02:01
3536,renfe,MADRID,VALENCIA,2019-06-02 11:10:00,2019-06-02 13:25:00,2.25,INTERCITY,Turista,29.9,Promo,,{},2019-04-11 22:02:01
3537,renfe,MADRID,VALENCIA,2019-06-02 10:40:00,2019-06-02 12:20:00,1.67,AVE,Turista,21.95,Promo,,{},2019-04-11 22:02:01
3538,renfe,MADRID,VALENCIA,2019-06-02 11:55:00,2019-06-02 13:35:00,1.67,AVE,Turista,33.65,Promo,,{},2019-04-11 22:02:01
3539,renfe,MADRID,VALENCIA,2019-06-02 06:20:00,2019-06-02 12:55:00,6.58,REGIONAL,Turista,28.35,Adulto ida,,{},2019-04-11 22:02:01
3540,renfe,MADRID,VALENCIA,2019-06-02 12:42:00,2019-06-02 19:04:00,6.37,REGIONAL,Turista,28.35,Adulto ida,,{},2019-04-11 22:02:01
3541,renfe,MADRID,VALENCIA,2019-06-02 17:10:00,2019-06-02 18:54:00,1.73,AVE,Preferente,66.55,Promo,,{},2019-04-11 22:02:01
3542,renfe,MADRID,VALENCIA,2019-06-02 14:10:00,2019-06-02 16:03:00,1.88,AVE,Turista,45.3,Promo,,{},2019-04-11 22:02:01
3543,renfe,MADRID,VALENCIA,2019-06-02 11:10:00,2019-06-02 13:25:00,2.25,INTERCITY,Turista,29.9,Promo,,{},2019-04-11 22:02:01
3544,renfe,MADRID,VALENCIA,2019-06-02 15:30:00,2019-06-02 22:31:00,7.02,AVE-MD,Turista con enlace,,Flexible,,{},2019-04-11 22:02:01
3545,renfe,MADRID,VALENCIA,2019-06-02 15:40:00,2019-06-02 17:22:00,1.7,AVE,Turista,45.3,Promo,,{},2019-04-11 22:02:01
3546,renfe,MADRID,VALENCIA,2019-06-02 16:30:00,2019-06-02 22:47:00,6.28,REGIONAL,Turista,28.35,Adulto ida,,{},2019-04-11 22:02:01
3547,renfe,MADRID,VALENCIA,2019-06-02 16:55:00,2019-06-02 21:58:00,5.05,AVE-LD,Turista con enlace,56.1,Flexible,,{},2019-04-11 22:02:01
3548,renfe,MADRID,VALENCIA,2019-06-02 17:10:00,2019-06-02 18:54:00,1.73,AVE,Preferente,66.55,Promo,,{},2019-04-11 22:02:01
3549,renfe,MADRID,VALENCIA,2019-06-02 17:48:00,2019-06-02 21:58:00,4.17,INTERCITY,Turista Plus,30.9,Promo,,{},2019-04-11 22:02:01
3550,renfe,MADRID,VALENCIA,2019-06-02 18:40:00,2019-06-02 20:20:00,1.67,AVE,Preferente,66.55,Promo,,{},2019-04-11 22:02:01
3551,renfe,MADRID,VALENCIA,2019-06-02 19:40:00,2019-06-02 21:29:00,1.82,AVE,Turista,45.3,Promo,,{},2019-04-11 22:02:01
3552,renfe,MADRID,VALENCIA,2019-06-02 20:40:00,2019-06-02 22:24:00,1.73,AVE,Turista,33.65,Promo,,{},2019-04-11 22:02:01
3553,renfe,MADRID,VALENCIA,2019-06-02 21:10:00,2019-06-02 23:03:00,1.88,AVE,Turista,33.65,Promo,,{},2019-04-11 22:02:01
3554,renfe,MADRID,VALENCIA,2019-06-02 09:40:00,2019-06-02 11:24:00,1.73,AVE,Turista,39.45,Promo,,{},2019-04-11 22:02:01
3555,renfe,MADRID,VALENCIA,2019-06-02 15:30:00,2019-06-02 22:31:00,7.02,AVE-MD,Turista con enlace,,Flexible,,{},2019-04-11 22:02:01
3556,renfe,MADRID,VALENCIA,2019-06-02 14:10:00,2019-06-02 16:03:00,1.88,AVE,Turista,45.3,Promo,,{},2019-04-11 22:02:01
3557,renfe,MADRID,VALENCIA,2019-06-02 11:55:00,2019-06-02 13:35:00,1.67,AVE,Turista,33.65,Promo,,{},2019-04-11 22:02:01
3558,renfe,MADRID,VALENCIA,2019-06-02 16:55:00,2019-06-02 21:58:00,5.05,AVE-LD,Turista con enlace,56.1,Flexible,,{},2019-04-11 22:02:01
3559,renfe,MADRID,VALENCIA,2019-06-02 17:48:00,2019-06-02 21:58:00,4.17,INTERCITY,Turista Plus,30.9,Promo,,{},2019-04-11 22:02:01
3560,renfe,MADRID,VALENCIA,2019-06-02 16:30:00,2019-06-02 22:47:00,6.28,REGIONAL,Turista,28.35,Adulto ida,,{},2019-04-11 22:02:01
3561,renfe,MADRID,VALENCIA,2019-06-02 15:40:00,2019-06-02 17:22:00,1.7,AVE,Turista,45.3,Promo,,{},2019-04-11 22:02:01
3562,renfe,MADRID,VALENCIA,2019-06-02 12:42:00,2019-06-02 19:04:00,6.37,REGIONAL,Turista,28.35,Adulto ida,,{},2019-04-11 22:02:01
3563,renfe,MADRID,VALENCIA,2019-05-03 16:45:00,2019-05-03 18:50:00,2.08,ALVIA,Turista,,Flexible,,{},2019-04-11 22:02:07
3564,renfe,MADRID,VALENCIA,2019-05-03 06:08:00,2019-05-03 12:55:00,6.78,REGIONAL,Turista,28.35,Adulto ida,,{},2019-04-11 22:02:07
3565,renfe,MADRID,VALENCIA,2019-05-03 17:40:00,2019-05-03 19:20:00,1.67,AVE,Preferente,56.65,Promo,,{},2019-04-11 22:02:07
3566,renfe,MADRID,VALENCIA,2019-05-03 06:45:00,2019-05-03 08:38:00,1.88,AVE,Turista,33.65,Promo,,{},2019-04-11 22:02:07
3567,renfe,MADRID,VALENCIA,2019-05-03 12:21:00,2019-05-03 19:04:00,6.72,REGIONAL,Turista,28.35,Adulto ida,,{},2019-04-11 22:02:07
3568,renfe,MADRID,VALENCIA,2019-05-03 08:40:00,2019-05-03 10:33:00,1.88,AVE,Turista,33.65,Promo,,{},2019-04-11 22:02:07
3569,renfe,MADRID,VALENCIA,2019-05-03 21:10:00,2019-05-03 23:03:00,1.88,AVE,Turista,33.65,Promo,,{},2019-04-11 22:02:07
3570,renfe,MADRID,VALENCIA,2019-05-03 09:40:00,2019-05-03 11:24:00,1.73,AVE,Turista,39.45,Promo,,{},2019-04-11 22:02:07
3571,renfe,MADRID,VALENCIA,2019-05-03 16:30:00,2019-05-03 22:47:00,6.28,REGIONAL,Turista,28.35,Adulto ida,,{},2019-04-11 22:02:07
3572,renfe,MADRID,VALENCIA,2019-05-03 10:40:00,2019-05-03 12:20:00,1.67,AVE,Turista,39.45,Promo,,{},2019-04-11 22:02:07
3573,renfe,MADRID,VALENCIA,2019-05-03 18:40:00,2019-05-03 20:20:00,1.67,AVE,Turista,57.75,Promo,,{},2019-04-11 22:02:07
3574,renfe,MADRID,VALENCIA,2019-05-03 11:10:00,2019-05-03 13:25:00,2.25,INTERCITY,Turista,34.35,Promo,,{},2019-04-11 22:02:07
3575,renfe,MADRID,VALENCIA,2019-05-03 12:40:00,2019-05-03 14:20:00,1.67,AVE,Turista,45.3,Promo,,{},2019-04-11 22:02:07
3576,renfe,MADRID,VALENCIA,2019-05-03 12:21:00,2019-05-03 19:04:00,6.72,REGIONAL,Turista,28.35,Adulto ida,,{},2019-04-11 22:02:07
3577,renfe,MADRID,VALENCIA,2019-05-03 16:55:00,2019-05-03 21:58:00,5.05,AVE-LD,Turista con enlace,56.1,Flexible,,{},2019-04-11 22:02:07
3578,renfe,MADRID,VALENCIA,2019-05-03 12:40:00,2019-05-03 14:20:00,1.67,AVE,Turista,45.3,Promo,,{},2019-04-11 22:02:07
3579,renfe,MADRID,VALENCIA,2019-05-03 14:10:00,2019-05-03 16:03:00,1.88,AVE,Turista,51.15,Promo,,{},2019-04-11 22:02:07
3580,renfe,MADRID,VALENCIA,2019-05-03 14:10:00,2019-05-03 16:03:00,1.88,AVE,Turista,51.15,Promo,,{},2019-04-11 22:02:07
3581,renfe,MADRID,VALENCIA,2019-05-03 15:30:00,2019-05-03 22:31:00,7.02,AVE-MD,Turista con enlace,,Flexible,,{},2019-04-11 22:02:07
3582,renfe,MADRID,VALENCIA,2019-05-03 15:30:00,2019-05-03 22:31:00,7.02,AVE-MD,Turista con enlace,,Flexible,,{},2019-04-11 22:02:07
3583,renfe,MADRID,VALENCIA,2019-05-03 18:10:00,2019-05-03 19:50:00,1.67,AVE,Preferente,66.55,Promo,,{},2019-04-11 22:02:07
3584,renfe,MADRID,VALENCIA,2019-05-03 15:40:00,2019-05-03 17:22:00,1.7,AVE,Turista,57.75,Promo,,{},2019-04-11 22:02:07
3585,renfe,MADRID,VALENCIA,2019-05-03 08:40:00,2019-05-03 10:33:00,1.88,AVE,Turista,33.65,Promo,,{},2019-04-11 22:02:07
3586,renfe,MADRID,VALENCIA,2019-05-03 16:30:00,2019-05-03 22:47:00,6.28,REGIONAL,Turista,28.35,Adulto ida,,{},2019-04-11 22:02:07
3587,renfe,MADRID,VALENCIA,2019-05-03 19:40:00,2019-05-03 21:29:00,1.82,AVE,Turista,51.15,Promo,,{},2019-04-11 22:02:07
3588,renfe,MADRID,VALENCIA,2019-05-03 16:45:00,2019-05-03 18:50:00,2.08,ALVIA,Turista,,Flexible,,{},2019-04-11 22:02:07
3589,renfe,MADRID,VALENCIA,2019-05-03 15:40:00,2019-05-03 17:22:00,1.7,AVE,Turista,57.75,Promo,,{},2019-04-11 22:02:07
3590,renfe,MADRID,VALENCIA,2019-05-03 16:55:00,2019-05-03 21:58:00,5.05,AVE-LD,Turista con enlace,56.1,Flexible,,{},2019-04-11 22:02:07
3591,renfe,MADRID,VALENCIA,2019-05-03 06:08:00,2019-05-03 12:55:00,6.78,REGIONAL,Turista,28.35,Adulto ida,,{},2019-04-11 22:02:07
3592,renfe,MADRID,VALENCIA,2019-05-03 17:10:00,2019-05-03 18:54:00,1.73,AVE,Turista,73.1,Flexible,,{},2019-04-11 22:02:07
3593,renfe,MADRID,VALENCIA,2019-05-03 17:40:00,2019-05-03 19:20:00,1.67,AVE,Preferente,56.65,Promo,,{},2019-04-11 22:02:07
3594,renfe,MADRID,VALENCIA,2019-05-03 17:48:00,2019-05-03 21:58:00,4.17,INTERCITY,Turista Plus,30.9,Promo,,{},2019-04-11 22:02:07
3595,renfe,MADRID,VALENCIA,2019-05-03 18:10:00,2019-05-03 19:50:00,1.67,AVE,Preferente,66.55,Promo,,{},2019-04-11 22:02:07
3596,renfe,MADRID,VALENCIA,2019-05-03 18:40:00,2019-05-03 20:20:00,1.67,AVE,Turista,57.75,Promo,,{},2019-04-11 22:02:07
3597,renfe,MADRID,VALENCIA,2019-05-03 19:40:00,2019-05-03 21:29:00,1.82,AVE,Turista,51.15,Promo,,{},2019-04-11 22:02:07
3598,renfe,MADRID,VALENCIA,2019-05-03 20:40:00,2019-05-03 22:24:00,1.73,AVE,Turista,45.3,Promo,,{},2019-04-11 22:02:07
3599,renfe,MADRID,VALENCIA,2019-05-03 21:10:00,2019-05-03 23:03:00,1.88,AVE,Turista,33.65,Promo,,{},2019-04-11 22:02:07
3600,renfe,MADRID,VALENCIA,2019-05-03 11:10:00,2019-05-03 13:25:00,2.25,INTERCITY,Turista,34.35,Promo,,{},2019-04-11 22:02:07
3601,renfe,MADRID,VALENCIA,2019-05-03 17:10:00,2019-05-03 18:54:00,1.73,AVE,Turista,73.1,Flexible,,{},2019-04-11 22:02:07
3602,renfe,MADRID,VALENCIA,2019-05-03 09:40:00,2019-05-03 11:24:00,1.73,AVE,Turista,39.45,Promo,,{},2019-04-11 22:02:07
3603,renfe,MADRID,VALENCIA,2019-05-03 10:40:00,2019-05-03 12:20:00,1.67,AVE,Turista,39.45,Promo,,{},2019-04-11 22:02:07
3604,renfe,MADRID,VALENCIA,2019-05-03 20:40:00,2019-05-03 22:24:00,1.73,AVE,Turista,45.3,Promo,,{},2019-04-11 22:02:07
3605,renfe,MADRID,VALENCIA,2019-05-03 17:48:00,2019-05-03 21:58:00,4.17,INTERCITY,Turista Plus,30.9,Promo,,{},2019-04-11 22:02:07
3606,renfe,MADRID,VALENCIA,2019-05-03 06:45:00,2019-05-03 08:38:00,1.88,AVE,Turista,33.65,Promo,,{},2019-04-11 22:02:07
3607,renfe,MADRID,VALENCIA,2019-06-04 16:05:00,2019-06-04 22:47:00,6.7,REGIONAL,Turista,28.35,Adulto ida,,{},2019-04-11 22:02:17
3608,renfe,MADRID,VALENCIA,2019-06-04 06:08:00,2019-06-04 12:55:00,6.78,REGIONAL,Turista,28.35,Adulto ida,,{},2019-04-11 22:02:17
3609,renfe,MADRID,VALENCIA,2019-06-04 12:21:00,2019-06-04 19:04:00,6.72,REGIONAL,Turista,28.35,Adulto ida,,{},2019-04-11 22:02:17
3610,renfe,MADRID,VALENCIA,2019-06-04 12:21:00,2019-06-04 19:04:00,6.72,REGIONAL,Turista,28.35,Adulto ida,,{},2019-04-11 22:02:17
3611,renfe,MADRID,VALENCIA,2019-06-04 16:05:00,2019-06-04 22:47:00,6.7,REGIONAL,Turista,28.35,Adulto ida,,{},2019-04-11 22:02:17
3612,renfe,MADRID,VALENCIA,2019-06-04 06:08:00,2019-06-04 12:55:00,6.78,REGIONAL,Turista,28.35,Adulto ida,,{},2019-04-11 22:02:17
3613,renfe,MADRID,VALENCIA,2019-05-05 12:42:00,2019-05-05 19:04:00,6.37,REGIONAL,Turista,28.35,Adulto ida,,{},2019-04-11 22:02:23
3614,renfe,MADRID,VALENCIA,2019-05-05 06:20:00,2019-05-05 12:55:00,6.58,REGIONAL,Turista,28.35,Adulto ida,,{},2019-04-11 22:02:23
3615,renfe,MADRID,VALENCIA,2019-05-05 17:48:00,2019-05-05 21:58:00,4.17,INTERCITY,Turista,30.05,Promo,,{},2019-04-11 22:02:23
3616,renfe,MADRID,VALENCIA,2019-05-05 08:40:00,2019-05-05 10:33:00,1.88,AVE,Turista,27.8,Promo,,{},2019-04-11 22:02:23
3617,renfe,MADRID,VALENCIA,2019-05-05 16:30:00,2019-05-05 22:47:00,6.28,REGIONAL,Turista,28.35,Adulto ida,,{},2019-04-11 22:02:23
3618,renfe,MADRID,VALENCIA,2019-05-05 09:40:00,2019-05-05 11:24:00,1.73,AVE,Turista,39.45,Promo,,{},2019-04-11 22:02:23
3619,renfe,MADRID,VALENCIA,2019-05-05 16:55:00,2019-05-05 21:58:00,5.05,AVE-LD,Turista con enlace,56.1,Flexible,,{},2019-04-11 22:02:23
3620,renfe,MADRID,VALENCIA,2019-05-05 10:40:00,2019-05-05 12:20:00,1.67,AVE,Turista,39.45,Promo,,{},2019-04-11 22:02:23
3621,renfe,MADRID,VALENCIA,2019-05-05 16:45:00,2019-05-05 18:50:00,2.08,ALVIA,Turista,,Flexible,,{},2019-04-11 22:02:23
3622,renfe,MADRID,VALENCIA,2019-05-05 11:10:00,2019-05-05 13:25:00,2.25,INTERCITY,Turista,34.35,Promo,,{},2019-04-11 22:02:23
3623,renfe,MADRID,VALENCIA,2019-05-05 11:10:00,2019-05-05 13:25:00,2.25,INTERCITY,Turista,34.35,Promo,,{},2019-04-11 22:02:23
3624,renfe,MADRID,VALENCIA,2019-05-05 11:55:00,2019-05-05 13:35:00,1.67,AVE,Turista,39.45,Promo,,{},2019-04-11 22:02:23
3625,renfe,MADRID,VALENCIA,2019-05-05 06:20:00,2019-05-05 12:55:00,6.58,REGIONAL,Turista,28.35,Adulto ida,,{},2019-04-11 22:02:23
3626,renfe,MADRID,VALENCIA,2019-05-05 12:42:00,2019-05-05 19:04:00,6.37,REGIONAL,Turista,28.35,Adulto ida,,{},2019-04-11 22:02:23
3627,renfe,MADRID,VALENCIA,2019-05-05 15:30:00,2019-05-05 22:31:00,7.02,AVE-MD,Turista con enlace,,Flexible,,{},2019-04-11 22:02:23
3628,renfe,MADRID,VALENCIA,2019-05-05 14:10:00,2019-05-05 16:03:00,1.88,AVE,Turista,45.3,Promo,,{},2019-04-11 22:02:23
3629,renfe,MADRID,VALENCIA,2019-05-05 14:10:00,2019-05-05 16:03:00,1.88,AVE,Turista,45.3,Promo,,{},2019-04-11 22:02:23
3630,renfe,MADRID,VALENCIA,2019-05-05 15:30:00,2019-05-05 22:31:00,7.02,AVE-MD,Turista con enlace,,Flexible,,{},2019-04-11 22:02:23
3631,renfe,MADRID,VALENCIA,2019-05-05 10:40:00,2019-05-05 12:20:00,1.67,AVE,Turista,39.45,Promo,,{},2019-04-11 22:02:23
3632,renfe,MADRID,VALENCIA,2019-05-05 15:40:00,2019-05-05 17:22:00,1.7,AVE,Preferente,46.8,Promo,,{},2019-04-11 22:02:23
3633,renfe,MADRID,VALENCIA,2019-05-05 21:10:00,2019-05-05 23:03:00,1.88,AVE,Turista,45.3,Promo,,{},2019-04-11 22:02:23
3634,renfe,MADRID,VALENCIA,2019-05-05 16:30:00,2019-05-05 22:47:00,6.28,REGIONAL,Turista,28.35,Adulto ida,,{},2019-04-11 22:02:23
3635,renfe,MADRID,VALENCIA,2019-05-05 09:40:00,2019-05-05 11:24:00,1.73,AVE,Turista,39.45,Promo,,{},2019-04-11 22:02:23
3636,renfe,MADRID,VALENCIA,2019-05-05 16:45:00,2019-05-05 18:50:00,2.08,ALVIA,Turista,,Flexible,,{},2019-04-11 22:02:23
3637,renfe,MADRID,VALENCIA,2019-05-05 16:55:00,2019-05-05 21:58:00,5.05,AVE-LD,Turista con enlace,56.1,Flexible,,{},2019-04-11 22:02:23
3638,renfe,MADRID,VALENCIA,2019-05-05 17:10:00,2019-05-05 18:54:00,1.73,AVE,Preferente,66.55,Promo,,{},2019-04-11 22:02:23
3639,renfe,MADRID,VALENCIA,2019-05-05 17:48:00,2019-05-05 21:58:00,4.17,INTERCITY,Turista,30.05,Promo,,{},2019-04-11 22:02:23
3640,renfe,MADRID,VALENCIA,2019-05-05 18:40:00,2019-05-05 20:20:00,1.67,AVE,Turista,73.1,Flexible,,{},2019-04-11 22:02:23
3641,renfe,MADRID,VALENCIA,2019-05-05 19:40:00,2019-05-05 21:29:00,1.82,AVE,Turista,57.75,Promo,,{},2019-04-11 22:02:23
3642,renfe,MADRID,VALENCIA,2019-05-05 20:40:00,2019-05-05 22:24:00,1.73,AVE,Preferente,46.8,Promo,,{},2019-04-11 22:02:23
3643,renfe,MADRID,VALENCIA,2019-05-05 21:10:00,2019-05-05 23:03:00,1.88,AVE,Turista,45.3,Promo,,{},2019-04-11 22:02:23
3644,renfe,MADRID,VALENCIA,2019-05-05 08:40:00,2019-05-05 10:33:00,1.88,AVE,Turista,27.8,Promo,,{},2019-04-11 22:02:23
3645,renfe,MADRID,VALENCIA,2019-05-05 19:40:00,2019-05-05 21:29:00,1.82,AVE,Turista,57.75,Promo,,{},2019-04-11 22:02:23
3646,renfe,MADRID,VALENCIA,2019-05-05 15:40:00,2019-05-05 17:22:00,1.7,AVE,Preferente,46.8,Promo,,{},2019-04-11 22:02:23
3647,renfe,MADRID,VALENCIA,2019-05-05 17:10:00,2019-05-05 18:54:00,1.73,AVE,Preferente,66.55,Promo,,{},2019-04-11 22:02:23
3648,renfe,MADRID,VALENCIA,2019-05-05 20:40:00,2019-05-05 22:24:00,1.73,AVE,Preferente,46.8,Promo,,{},2019-04-11 22:02:23
3649,renfe,MADRID,VALENCIA,2019-05-05 11:55:00,2019-05-05 13:35:00,1.67,AVE,Turista,39.45,Promo,,{},2019-04-11 22:02:23
3650,renfe,MADRID,VALENCIA,2019-05-05 18:40:00,2019-05-05 20:20:00,1.67,AVE,Turista,73.1,Flexible,,{},2019-04-11 22:02:23
3651,renfe,MADRID,VALENCIA,2019-05-06 16:45:00,2019-05-06 18:50:00,2.08,ALVIA,Turista,35.5,Promo,,{},2019-04-11 22:02:33
3652,renfe,MADRID,VALENCIA,2019-05-06 17:40:00,2019-05-06 19:20:00,1.67,AVE,Turista,27.8,Promo,,{},2019-04-11 22:02:33
3653,renfe,MADRID,VALENCIA,2019-05-06 09:10:00,2019-05-06 10:58:00,1.8,AVE,Turista,39.45,Promo,,{},2019-04-11 22:02:33
3654,renfe,MADRID,VALENCIA,2019-05-06 17:48:00,2019-05-06 21:58:00,4.17,INTERCITY,Turista,17.15,Promo,,{},2019-04-11 22:02:33
3655,renfe,MADRID,VALENCIA,2019-05-06 12:40:00,2019-05-06 14:20:00,1.67,AVE,Turista,27.8,Promo,,{},2019-04-11 22:02:33
3656,renfe,MADRID,VALENCIA,2019-05-06 18:40:00,2019-05-06 20:20:00,1.67,AVE,Turista,33.65,Promo,,{},2019-04-11 22:02:33
3657,renfe,MADRID,VALENCIA,2019-05-06 15:10:00,2019-05-06 16:52:00,1.7,AVE,Turista,27.8,Promo,,{},2019-04-11 22:02:33
3658,renfe,MADRID,VALENCIA,2019-05-06 19:40:00,2019-05-06 21:29:00,1.82,AVE,Turista,27.8,Promo,,{},2019-04-11 22:02:33
3659,renfe,MADRID,VALENCIA,2019-05-06 16:05:00,2019-05-06 22:47:00,6.7,REGIONAL,Turista,28.35,Adulto ida,,{},2019-04-11 22:02:33
3660,renfe,MADRID,VALENCIA,2019-05-06 20:40:00,2019-05-06 22:24:00,1.73,AVE,Turista,27.8,Promo,,{},2019-04-11 22:02:33
3661,renfe,MADRID,VALENCIA,2019-05-06 17:48:00,2019-05-06 21:58:00,4.17,INTERCITY,Turista,17.15,Promo,,{},2019-04-11 22:02:33
3662,renfe,MADRID,VALENCIA,2019-05-06 21:10:00,2019-05-06 23:03:00,1.88,AVE,Turista,27.8,Promo,,{},2019-04-11 22:02:33
3663,renfe,MADRID,VALENCIA,2019-05-06 21:10:00,2019-05-06 23:03:00,1.88,AVE,Turista,27.8,Promo,,{},2019-04-11 22:02:33
3664,renfe,MADRID,VALENCIA,2019-05-06 06:08:00,2019-05-06 12:55:00,6.78,REGIONAL,Turista,28.35,Adulto ida,,{},2019-04-11 22:02:33
3665,renfe,MADRID,VALENCIA,2019-05-06 18:40:00,2019-05-06 20:20:00,1.67,AVE,Turista,33.65,Promo,,{},2019-04-11 22:02:33
3666,renfe,MADRID,VALENCIA,2019-05-06 06:45:00,2019-05-06 08:38:00,1.88,AVE,Turista,27.8,Promo,,{},2019-04-11 22:02:33
3667,renfe,MADRID,VALENCIA,2019-05-06 06:45:00,2019-05-06 08:38:00,1.88,AVE,Turista,27.8,Promo,,{},2019-04-11 22:02:33
3668,renfe,MADRID,VALENCIA,2019-05-06 07:40:00,2019-05-06 09:20:00,1.67,AVE,Turista,57.75,Promo,,{},2019-04-11 22:02:33
3669,renfe,MADRID,VALENCIA,2019-05-06 15:40:00,2019-05-06 17:22:00,1.7,AVE,Turista,33.65,Promo,,{},2019-04-11 22:02:33
3670,renfe,MADRID,VALENCIA,2019-05-06 09:10:00,2019-05-06 10:58:00,1.8,AVE,Turista,39.45,Promo,,{},2019-04-11 22:02:33
3671,renfe,MADRID,VALENCIA,2019-05-06 10:40:00,2019-05-06 12:20:00,1.67,AVE,Turista,33.65,Promo,,{},2019-04-11 22:02:33
3672,renfe,MADRID,VALENCIA,2019-05-06 09:40:00,2019-05-06 11:24:00,1.73,AVE,Turista,39.45,Promo,,{},2019-04-11 22:02:33
3673,renfe,MADRID,VALENCIA,2019-05-06 12:21:00,2019-05-06 19:04:00,6.72,REGIONAL,Turista,28.35,Adulto ida,,{},2019-04-11 22:02:33
3674,renfe,MADRID,VALENCIA,2019-05-06 10:40:00,2019-05-06 12:20:00,1.67,AVE,Turista,33.65,Promo,,{},2019-04-11 22:02:33
3675,renfe,MADRID,VALENCIA,2019-05-06 06:08:00,2019-05-06 12:55:00,6.78,REGIONAL,Turista,28.35,Adulto ida,,{},2019-04-11 22:02:33
3676,renfe,MADRID,VALENCIA,2019-05-06 11:10:00,2019-05-06 13:25:00,2.25,INTERCITY,Turista,29.9,Promo,,{},2019-04-11 22:02:33
3677,renfe,MADRID,VALENCIA,2019-05-06 15:30:00,2019-05-06 22:31:00,7.02,AVE-MD,Turista con enlace,,Flexible,,{},2019-04-11 22:02:33
3678,renfe,MADRID,VALENCIA,2019-05-06 11:55:00,2019-05-06 13:35:00,1.67,AVE,Turista,27.8,Promo,,{},2019-04-11 22:02:33
3679,renfe,MADRID,VALENCIA,2019-05-06 14:10:00,2019-05-06 16:03:00,1.88,AVE,Turista,33.65,Promo,,{},2019-04-11 22:02:33
3680,renfe,MADRID,VALENCIA,2019-05-06 12:21:00,2019-05-06 19:04:00,6.72,REGIONAL,Turista,28.35,Adulto ida,,{},2019-04-11 22:02:33
3681,renfe,MADRID,VALENCIA,2019-05-06 20:40:00,2019-05-06 22:24:00,1.73,AVE,Turista,27.8,Promo,,{},2019-04-11 22:02:33
3682,renfe,MADRID,VALENCIA,2019-05-06 12:40:00,2019-05-06 14:20:00,1.67,AVE,Turista,27.8,Promo,,{},2019-04-11 22:02:33
3683,renfe,MADRID,VALENCIA,2019-05-06 11:55:00,2019-05-06 13:35:00,1.67,AVE,Turista,27.8,Promo,,{},2019-04-11 22:02:33
3684,renfe,MADRID,VALENCIA,2019-05-06 14:10:00,2019-05-06 16:03:00,1.88,AVE,Turista,33.65,Promo,,{},2019-04-11 22:02:33
3685,renfe,MADRID,VALENCIA,2019-05-06 09:40:00,2019-05-06 11:24:00,1.73,AVE,Turista,39.45,Promo,,{},2019-04-11 22:02:33
3686,renfe,MADRID,VALENCIA,2019-05-06 15:10:00,2019-05-06 16:52:00,1.7,AVE,Turista,27.8,Promo,,{},2019-04-11 22:02:33
3687,renfe,MADRID,VALENCIA,2019-05-06 15:30:00,2019-05-06 22:31:00,7.02,AVE-MD,Turista con enlace,,Flexible,,{},2019-04-11 22:02:33
3688,renfe,MADRID,VALENCIA,2019-05-06 15:40:00,2019-05-06 17:22:00,1.7,AVE,Turista,33.65,Promo,,{},2019-04-11 22:02:33
3689,renfe,MADRID,VALENCIA,2019-05-06 16:05:00,2019-05-06 22:47:00,6.7,REGIONAL,Turista,28.35,Adulto ida,,{},2019-04-11 22:02:33
3690,renfe,MADRID,VALENCIA,2019-05-06 16:45:00,2019-05-06 18:50:00,2.08,ALVIA,Turista,35.5,Promo,,{},2019-04-11 22:02:33
3691,renfe,MADRID,VALENCIA,2019-05-06 16:55:00,2019-05-06 21:58:00,5.05,AVE-LD,Turista con enlace,39.25,Promo,,{},2019-04-11 22:02:33
3692,renfe,MADRID,VALENCIA,2019-05-06 19:40:00,2019-05-06 21:29:00,1.82,AVE,Turista,27.8,Promo,,{},2019-04-11 22:02:33
3693,renfe,MADRID,VALENCIA,2019-05-06 17:40:00,2019-05-06 19:20:00,1.67,AVE,Turista,27.8,Promo,,{},2019-04-11 22:02:33
3694,renfe,MADRID,VALENCIA,2019-05-06 11:10:00,2019-05-06 13:25:00,2.25,INTERCITY,Turista,29.9,Promo,,{},2019-04-11 22:02:33
3695,renfe,MADRID,VALENCIA,2019-05-06 16:55:00,2019-05-06 21:58:00,5.05,AVE-LD,Turista con enlace,39.25,Promo,,{},2019-04-11 22:02:33
3696,renfe,MADRID,VALENCIA,2019-05-06 07:40:00,2019-05-06 09:20:00,1.67,AVE,Turista,57.75,Promo,,{},2019-04-11 22:02:33
3697,renfe,MADRID,VALENCIA,2019-05-07 10:40:00,2019-05-07 12:20:00,1.67,AVE,Turista,27.8,Promo,,{},2019-04-11 22:02:39
3698,renfe,MADRID,VALENCIA,2019-05-07 06:08:00,2019-05-07 12:55:00,6.78,REGIONAL,Turista,28.35,Adulto ida,,{},2019-04-11 22:02:39
3699,renfe,MADRID,VALENCIA,2019-05-07 09:10:00,2019-05-07 10:58:00,1.8,AVE,Turista,45.3,Promo,,{},2019-04-11 22:02:39
3700,renfe,MADRID,VALENCIA,2019-05-07 06:45:00,2019-05-07 08:38:00,1.88,AVE,Turista,27.8,Promo,,{},2019-04-11 22:02:39
3701,renfe,MADRID,VALENCIA,2019-05-07 14:10:00,2019-05-07 16:03:00,1.88,AVE,Turista,27.8,Promo,,{},2019-04-11 22:02:39
3702,renfe,MADRID,VALENCIA,2019-05-07 07:40:00,2019-05-07 09:20:00,1.67,AVE,Preferente,66.55,Promo,,{},2019-04-11 22:02:39
3703,renfe,MADRID,VALENCIA,2019-05-07 15:10:00,2019-05-07 16:52:00,1.7,AVE,Turista,27.8,Promo,,{},2019-04-11 22:02:39
3704,renfe,MADRID,VALENCIA,2019-05-07 09:10:00,2019-05-07 10:58:00,1.8,AVE,Turista,45.3,Promo,,{},2019-04-11 22:02:39
3705,renfe,MADRID,VALENCIA,2019-05-07 07:40:00,2019-05-07 09:20:00,1.67,AVE,Preferente,66.55,Promo,,{},2019-04-11 22:02:39
3706,renfe,MADRID,VALENCIA,2019-05-07 09:40:00,2019-05-07 11:24:00,1.73,AVE,Turista,39.45,Promo,,{},2019-04-11 22:02:39
3707,renfe,MADRID,VALENCIA,2019-05-07 20:40:00,2019-05-07 22:24:00,1.73,AVE,Turista,27.8,Promo,,{},2019-04-11 22:02:39
3708,renfe,MADRID,VALENCIA,2019-05-07 10:40:00,2019-05-07 12:20:00,1.67,AVE,Turista,27.8,Promo,,{},2019-04-11 22:02:39
3709,renfe,MADRID,VALENCIA,2019-05-07 15:40:00,2019-05-07 17:22:00,1.7,AVE,Turista,27.8,Promo,,{},2019-04-11 22:02:39
3710,renfe,MADRID,VALENCIA,2019-05-07 11:10:00,2019-05-07 13:25:00,2.25,INTERCITY,Turista,29.9,Promo,,{},2019-04-11 22:02:39
3711,renfe,MADRID,VALENCIA,2019-05-07 17:48:00,2019-05-07 21:58:00,4.17,INTERCITY,Turista Plus,20.6,Promo,,{},2019-04-11 22:02:39
3712,renfe,MADRID,VALENCIA,2019-05-07 11:55:00,2019-05-07 13:35:00,1.67,AVE,Turista,27.8,Promo,,{},2019-04-11 22:02:39
3713,renfe,MADRID,VALENCIA,2019-05-07 12:21:00,2019-05-07 19:04:00,6.72,REGIONAL,Turista,28.35,Adulto ida,,{},2019-04-11 22:02:39
3714,renfe,MADRID,VALENCIA,2019-05-07 12:21:00,2019-05-07 19:04:00,6.72,REGIONAL,Turista,28.35,Adulto ida,,{},2019-04-11 22:02:39
3715,renfe,MADRID,VALENCIA,2019-05-07 11:10:00,2019-05-07 13:25:00,2.25,INTERCITY,Turista,29.9,Promo,,{},2019-04-11 22:02:39
3716,renfe,MADRID,VALENCIA,2019-05-07 12:40:00,2019-05-07 14:20:00,1.67,AVE,Turista,27.8,Promo,,{},2019-04-11 22:02:39
3717,renfe,MADRID,VALENCIA,2019-05-07 11:55:00,2019-05-07 13:35:00,1.67,AVE,Turista,27.8,Promo,,{},2019-04-11 22:02:39
3718,renfe,MADRID,VALENCIA,2019-05-07 14:10:00,2019-05-07 16:03:00,1.88,AVE,Turista,27.8,Promo,,{},2019-04-11 22:02:39
3719,renfe,MADRID,VALENCIA,2019-05-07 15:30:00,2019-05-07 22:31:00,7.02,AVE-MD,Turista con enlace,,Flexible,,{},2019-04-11 22:02:39
3720,renfe,MADRID,VALENCIA,2019-05-07 15:10:00,2019-05-07 16:52:00,1.7,AVE,Turista,27.8,Promo,,{},2019-04-11 22:02:39
3721,renfe,MADRID,VALENCIA,2019-05-07 12:40:00,2019-05-07 14:20:00,1.67,AVE,Turista,27.8,Promo,,{},2019-04-11 22:02:39
3722,renfe,MADRID,VALENCIA,2019-05-07 15:30:00,2019-05-07 22:31:00,7.02,AVE-MD,Turista con enlace,,Flexible,,{},2019-04-11 22:02:39
3723,renfe,MADRID,VALENCIA,2019-05-07 16:55:00,2019-05-07 21:58:00,5.05,AVE-LD,Turista con enlace,39.25,Promo,,{},2019-04-11 22:02:39
3724,renfe,MADRID,VALENCIA,2019-05-07 15:40:00,2019-05-07 17:22:00,1.7,AVE,Turista,27.8,Promo,,{},2019-04-11 22:02:39
3725,renfe,MADRID,VALENCIA,2019-05-07 06:45:00,2019-05-07 08:38:00,1.88,AVE,Turista,27.8,Promo,,{},2019-04-11 22:02:39
3726,renfe,MADRID,VALENCIA,2019-05-07 16:05:00,2019-05-07 22:47:00,6.7,REGIONAL,Turista,28.35,Adulto ida,,{},2019-04-11 22:02:39
3727,renfe,MADRID,VALENCIA,2019-05-07 18:40:00,2019-05-07 20:20:00,1.67,AVE,Turista,57.75,Promo,,{},2019-04-11 22:02:39
3728,renfe,MADRID,VALENCIA,2019-05-07 16:45:00,2019-05-07 18:50:00,2.08,ALVIA,Preferente,46.15,Promo,,{},2019-04-11 22:02:39
3729,renfe,MADRID,VALENCIA,2019-05-07 06:08:00,2019-05-07 12:55:00,6.78,REGIONAL,Turista,28.35,Adulto ida,,{},2019-04-11 22:02:39
3730,renfe,MADRID,VALENCIA,2019-05-07 16:55:00,2019-05-07 21:58:00,5.05,AVE-LD,Turista con enlace,39.25,Promo,,{},2019-04-11 22:02:39
3731,renfe,MADRID,VALENCIA,2019-05-07 16:45:00,2019-05-07 18:50:00,2.08,ALVIA,Preferente,46.15,Promo,,{},2019-04-11 22:02:39
3732,renfe,MADRID,VALENCIA,2019-05-07 17:40:00,2019-05-07 19:20:00,1.67,AVE,Turista,73.1,Flexible,,{},2019-04-11 22:02:39
3733,renfe,MADRID,VALENCIA,2019-05-07 09:40:00,2019-05-07 11:24:00,1.73,AVE,Turista,39.45,Promo,,{},2019-04-11 22:02:39
3734,renfe,MADRID,VALENCIA,2019-05-07 17:48:00,2019-05-07 21:58:00,4.17,INTERCITY,Turista Plus,20.6,Promo,,{},2019-04-11 22:02:39
3735,renfe,MADRID,VALENCIA,2019-05-07 18:40:00,2019-05-07 20:20:00,1.67,AVE,Turista,57.75,Promo,,{},2019-04-11 22:02:39
3736,renfe,MADRID,VALENCIA,2019-05-07 19:40:00,2019-05-07 21:29:00,1.82,AVE,Turista,45.3,Promo,,{},2019-04-11 22:02:39
3737,renfe,MADRID,VALENCIA,2019-05-07 20:40:00,2019-05-07 22:24:00,1.73,AVE,Turista,27.8,Promo,,{},2019-04-11 22:02:39
3738,renfe,MADRID,VALENCIA,2019-05-07 21:10:00,2019-05-07 23:03:00,1.88,AVE,Turista,27.8,Promo,,{},2019-04-11 22:02:39
3739,renfe,MADRID,VALENCIA,2019-05-07 16:05:00,2019-05-07 22:47:00,6.7,REGIONAL,Turista,28.35,Adulto ida,,{},2019-04-11 22:02:39
3740,renfe,MADRID,VALENCIA,2019-05-07 19:40:00,2019-05-07 21:29:00,1.82,AVE,Turista,45.3,Promo,,{},2019-04-11 22:02:39
3741,renfe,MADRID,VALENCIA,2019-05-07 21:10:00,2019-05-07 23:03:00,1.88,AVE,Turista,27.8,Promo,,{},2019-04-11 22:02:39
3742,renfe,MADRID,VALENCIA,2019-05-07 17:40:00,2019-05-07 19:20:00,1.67,AVE,Turista,73.1,Flexible,,{},2019-04-11 22:02:39
3743,renfe,MADRID,VALENCIA,2019-05-09 07:40:00,2019-05-09 09:20:00,1.67,AVE,Turista,57.75,Promo,,{},2019-04-11 22:02:49
3744,renfe,MADRID,VALENCIA,2019-05-09 06:08:00,2019-05-09 12:55:00,6.78,REGIONAL,Turista,28.35,Adulto ida,,{},2019-04-11 22:02:49
3745,renfe,MADRID,VALENCIA,2019-05-09 21:10:00,2019-05-09 23:03:00,1.88,AVE,Turista,39.45,Promo,,{},2019-04-11 22:02:49
3746,renfe,MADRID,VALENCIA,2019-05-09 06:45:00,2019-05-09 08:38:00,1.88,AVE,Turista,27.8,Promo,,{},2019-04-11 22:02:49
3747,renfe,MADRID,VALENCIA,2019-05-09 12:40:00,2019-05-09 14:20:00,1.67,AVE,Turista,39.45,Promo,,{},2019-04-11 22:02:49
3748,renfe,MADRID,VALENCIA,2019-05-09 07:40:00,2019-05-09 09:20:00,1.67,AVE,Turista,57.75,Promo,,{},2019-04-11 22:02:49
3749,renfe,MADRID,VALENCIA,2019-05-09 16:45:00,2019-05-09 18:50:00,2.08,ALVIA,Preferente,64.6,Promo,,{},2019-04-11 22:02:49
3750,renfe,MADRID,VALENCIA,2019-05-09 09:10:00,2019-05-09 10:58:00,1.8,AVE,Preferente,56.65,Promo,,{},2019-04-11 22:02:49
3751,renfe,MADRID,VALENCIA,2019-05-09 06:08:00,2019-05-09 12:55:00,6.78,REGIONAL,Turista,28.35,Adulto ida,,{},2019-04-11 22:02:49
3752,renfe,MADRID,VALENCIA,2019-05-09 09:40:00,2019-05-09 11:24:00,1.73,AVE,Turista,39.45,Promo,,{},2019-04-11 22:02:49
3753,renfe,MADRID,VALENCIA,2019-05-09 09:40:00,2019-05-09 11:24:00,1.73,AVE,Turista,39.45,Promo,,{},2019-04-11 22:02:49
3754,renfe,MADRID,VALENCIA,2019-05-09 10:40:00,2019-05-09 12:20:00,1.67,AVE,Turista,27.8,Promo,,{},2019-04-11 22:02:49
3755,renfe,MADRID,VALENCIA,2019-05-09 20:40:00,2019-05-09 22:24:00,1.73,AVE,Turista,57.75,Promo,,{},2019-04-11 22:02:49
3756,renfe,MADRID,VALENCIA,2019-05-09 11:10:00,2019-05-09 13:25:00,2.25,INTERCITY,Turista,29.9,Promo,,{},2019-04-11 22:02:49
3757,renfe,MADRID,VALENCIA,2019-05-09 15:10:00,2019-05-09 16:52:00,1.7,AVE,Turista,39.45,Promo,,{},2019-04-11 22:02:49
3758,renfe,MADRID,VALENCIA,2019-05-09 11:55:00,2019-05-09 13:35:00,1.67,AVE,Turista,27.8,Promo,,{},2019-04-11 22:02:49
3759,renfe,MADRID,VALENCIA,2019-05-09 12:21:00,2019-05-09 19:04:00,6.72,REGIONAL,Turista,28.35,Adulto ida,,{},2019-04-11 22:02:49
3760,renfe,MADRID,VALENCIA,2019-05-09 12:21:00,2019-05-09 19:04:00,6.72,REGIONAL,Turista,28.35,Adulto ida,,{},2019-04-11 22:02:49
3761,renfe,MADRID,VALENCIA,2019-05-09 15:40:00,2019-05-09 17:22:00,1.7,AVE,Turista,57.75,Promo,,{},2019-04-11 22:02:49
3762,renfe,MADRID,VALENCIA,2019-05-09 12:40:00,2019-05-09 14:20:00,1.67,AVE,Turista,39.45,Promo,,{},2019-04-11 22:02:49
3763,renfe,MADRID,VALENCIA,2019-05-09 11:55:00,2019-05-09 13:35:00,1.67,AVE,Turista,27.8,Promo,,{},2019-04-11 22:02:49
3764,renfe,MADRID,VALENCIA,2019-05-09 14:10:00,2019-05-09 16:03:00,1.88,AVE,Turista,33.65,Promo,,{},2019-04-11 22:02:49
3765,renfe,MADRID,VALENCIA,2019-05-09 18:40:00,2019-05-09 20:20:00,1.67,AVE,Preferente,66.55,Promo,,{},2019-04-11 22:02:49
3766,renfe,MADRID,VALENCIA,2019-05-09 15:10:00,2019-05-09 16:52:00,1.7,AVE,Turista,39.45,Promo,,{},2019-04-11 22:02:49
3767,renfe,MADRID,VALENCIA,2019-05-09 14:10:00,2019-05-09 16:03:00,1.88,AVE,Turista,33.65,Promo,,{},2019-04-11 22:02:49
3768,renfe,MADRID,VALENCIA,2019-05-09 15:30:00,2019-05-09 22:31:00,7.02,AVE-MD,Turista con enlace,,Flexible,,{},2019-04-11 22:02:49
3769,renfe,MADRID,VALENCIA,2019-05-09 15:40:00,2019-05-09 17:22:00,1.7,AVE,Turista,57.75,Promo,,{},2019-04-11 22:02:49
3770,renfe,MADRID,VALENCIA,2019-05-09 16:05:00,2019-05-09 22:47:00,6.7,REGIONAL,Turista,28.35,Adulto ida,,{},2019-04-11 22:02:49
3771,renfe,MADRID,VALENCIA,2019-05-09 16:45:00,2019-05-09 18:50:00,2.08,ALVIA,Preferente,64.6,Promo,,{},2019-04-11 22:02:49
3772,renfe,MADRID,VALENCIA,2019-05-09 16:55:00,2019-05-09 21:58:00,5.05,AVE-LD,Turista con enlace,56.1,Flexible,,{},2019-04-11 22:02:49
3773,renfe,MADRID,VALENCIA,2019-05-09 17:40:00,2019-05-09 19:20:00,1.67,AVE,Turista,73.1,Flexible,,{},2019-04-11 22:02:49
3774,renfe,MADRID,VALENCIA,2019-05-09 17:48:00,2019-05-09 21:58:00,4.17,INTERCITY,Turista,25.75,Promo,,{},2019-04-11 22:02:49
3775,renfe,MADRID,VALENCIA,2019-05-09 18:40:00,2019-05-09 20:20:00,1.67,AVE,Preferente,66.55,Promo,,{},2019-04-11 22:02:49
3776,renfe,MADRID,VALENCIA,2019-05-09 19:40:00,2019-05-09 21:29:00,1.82,AVE,Turista,51.15,Promo,,{},2019-04-11 22:02:49
3777,renfe,MADRID,VALENCIA,2019-05-09 20:40:00,2019-05-09 22:24:00,1.73,AVE,Turista,57.75,Promo,,{},2019-04-11 22:02:49
3778,renfe,MADRID,VALENCIA,2019-05-09 21:10:00,2019-05-09 23:03:00,1.88,AVE,Turista,39.45,Promo,,{},2019-04-11 22:02:49
3779,renfe,MADRID,VALENCIA,2019-05-09 15:30:00,2019-05-09 22:31:00,7.02,AVE-MD,Turista con enlace,,Flexible,,{},2019-04-11 22:02:49
3780,renfe,MADRID,VALENCIA,2019-05-09 16:55:00,2019-05-09 21:58:00,5.05,AVE-LD,Turista con enlace,56.1,Flexible,,{},2019-04-11 22:02:49
3781,renfe,MADRID,VALENCIA,2019-05-09 19:40:00,2019-05-09 21:29:00,1.82,AVE,Turista,51.15,Promo,,{},2019-04-11 22:02:49
3782,renfe,MADRID,VALENCIA,2019-05-09 17:40:00,2019-05-09 19:20:00,1.67,AVE,Turista,73.1,Flexible,,{},2019-04-11 22:02:49
3783,renfe,MADRID,VALENCIA,2019-05-09 09:10:00,2019-05-09 10:58:00,1.8,AVE,Preferente,56.65,Promo,,{},2019-04-11 22:02:49
3784,renfe,MADRID,VALENCIA,2019-05-09 10:40:00,2019-05-09 12:20:00,1.67,AVE,Turista,27.8,Promo,,{},2019-04-11 22:02:49
3785,renfe,MADRID,VALENCIA,2019-05-09 06:45:00,2019-05-09 08:38:00,1.88,AVE,Turista,27.8,Promo,,{},2019-04-11 22:02:49
3786,renfe,MADRID,VALENCIA,2019-05-09 17:48:00,2019-05-09 21:58:00,4.17,INTERCITY,Turista,25.75,Promo,,{},2019-04-11 22:02:49
3787,renfe,MADRID,VALENCIA,2019-05-09 16:05:00,2019-05-09 22:47:00,6.7,REGIONAL,Turista,28.35,Adulto ida,,{},2019-04-11 22:02:49
3788,renfe,MADRID,VALENCIA,2019-05-09 11:10:00,2019-05-09 13:25:00,2.25,INTERCITY,Turista,29.9,Promo,,{},2019-04-11 22:02:49
3789,renfe,MADRID,VALENCIA,2019-05-11 08:00:00,2019-05-11 14:10:00,6.17,REGIONAL,Turista,28.35,Adulto ida,,{},2019-04-11 22:03:05
3790,renfe,MADRID,VALENCIA,2019-05-11 08:00:00,2019-05-11 14:10:00,6.17,REGIONAL,Turista,28.35,Adulto ida,,{},2019-04-11 22:03:05
3791,renfe,MADRID,VALENCIA,2019-05-11 19:40:00,2019-05-11 21:29:00,1.82,AVE,Turista,45.3,Promo,,{},2019-04-11 22:03:05
3792,renfe,MADRID,VALENCIA,2019-05-11 08:40:00,2019-05-11 10:33:00,1.88,AVE,Turista,45.3,Promo,,{},2019-04-11 22:03:05
3793,renfe,MADRID,VALENCIA,2019-05-11 11:55:00,2019-05-11 13:35:00,1.67,AVE,Turista,33.65,Promo,,{},2019-04-11 22:03:05
3794,renfe,MADRID,VALENCIA,2019-05-11 09:40:00,2019-05-11 11:24:00,1.73,AVE,Turista,39.45,Promo,,{},2019-04-11 22:03:05
3795,renfe,MADRID,VALENCIA,2019-05-11 16:30:00,2019-05-11 22:47:00,6.28,REGIONAL,Turista,28.35,Adulto ida,,{},2019-04-11 22:03:05
3796,renfe,MADRID,VALENCIA,2019-05-11 10:40:00,2019-05-11 12:20:00,1.67,AVE,Turista,33.65,Promo,,{},2019-04-11 22:03:05
3797,renfe,MADRID,VALENCIA,2019-05-11 14:10:00,2019-05-11 16:03:00,1.88,AVE,Turista,39.45,Promo,,{},2019-04-11 22:03:05
3798,renfe,MADRID,VALENCIA,2019-05-11 11:10:00,2019-05-11 13:25:00,2.25,INTERCITY,Turista,29.9,Promo,,{},2019-04-11 22:03:05
3799,renfe,MADRID,VALENCIA,2019-05-11 17:40:00,2019-05-11 19:20:00,1.67,AVE,Turista,45.3,Promo,,{},2019-04-11 22:03:05
3800,renfe,MADRID,VALENCIA,2019-05-11 11:55:00,2019-05-11 13:35:00,1.67,AVE,Turista,33.65,Promo,,{},2019-04-11 22:03:05
3801,renfe,MADRID,VALENCIA,2019-05-11 10:40:00,2019-05-11 12:20:00,1.67,AVE,Turista,33.65,Promo,,{},2019-04-11 22:03:05
3802,renfe,MADRID,VALENCIA,2019-05-11 14:10:00,2019-05-11 16:03:00,1.88,AVE,Turista,39.45,Promo,,{},2019-04-11 22:03:05
3803,renfe,MADRID,VALENCIA,2019-05-11 09:40:00,2019-05-11 11:24:00,1.73,AVE,Turista,39.45,Promo,,{},2019-04-11 22:03:05
3804,renfe,MADRID,VALENCIA,2019-05-11 15:30:00,2019-05-11 22:31:00,7.02,AVE-MD,Turista con enlace,,Flexible,,{},2019-04-11 22:03:05
3805,renfe,MADRID,VALENCIA,2019-05-11 21:10:00,2019-05-11 23:03:00,1.88,AVE,Turista,33.65,Promo,,{},2019-04-11 22:03:05
3806,renfe,MADRID,VALENCIA,2019-05-11 15:40:00,2019-05-11 17:22:00,1.7,AVE,Turista,39.45,Promo,,{},2019-04-11 22:03:05
3807,renfe,MADRID,VALENCIA,2019-05-11 16:30:00,2019-05-11 22:47:00,6.28,REGIONAL,Turista,28.35,Adulto ida,,{},2019-04-11 22:03:05
3808,renfe,MADRID,VALENCIA,2019-05-11 17:40:00,2019-05-11 19:20:00,1.67,AVE,Turista,45.3,Promo,,{},2019-04-11 22:03:05
3809,renfe,MADRID,VALENCIA,2019-05-11 19:40:00,2019-05-11 21:29:00,1.82,AVE,Turista,45.3,Promo,,{},2019-04-11 22:03:05
3810,renfe,MADRID,VALENCIA,2019-05-11 21:10:00,2019-05-11 23:03:00,1.88,AVE,Turista,33.65,Promo,,{},2019-04-11 22:03:05
3811,renfe,MADRID,VALENCIA,2019-05-11 08:40:00,2019-05-11 10:33:00,1.88,AVE,Turista,45.3,Promo,,{},2019-04-11 22:03:05
3812,renfe,MADRID,VALENCIA,2019-05-11 15:40:00,2019-05-11 17:22:00,1.7,AVE,Turista,39.45,Promo,,{},2019-04-11 22:03:05
3813,renfe,MADRID,VALENCIA,2019-05-11 11:10:00,2019-05-11 13:25:00,2.25,INTERCITY,Turista,29.9,Promo,,{},2019-04-11 22:03:05
3814,renfe,MADRID,VALENCIA,2019-05-11 15:30:00,2019-05-11 22:31:00,7.02,AVE-MD,Turista con enlace,,Flexible,,{},2019-04-11 22:03:05
3815,renfe,MADRID,VALENCIA,2019-04-13 16:30:00,2019-04-13 22:47:00,6.28,REGIONAL,Turista,28.35,Adulto ida,,{},2019-04-11 22:03:11
3816,renfe,MADRID,VALENCIA,2019-04-13 08:00:00,2019-04-13 14:10:00,6.17,REGIONAL,Turista,28.35,Adulto ida,,{},2019-04-11 22:03:11
3817,renfe,MADRID,VALENCIA,2019-04-13 11:55:00,2019-04-13 13:35:00,1.67,AVE,Turista,73.1,Flexible,,{},2019-04-11 22:03:11
3818,renfe,MADRID,VALENCIA,2019-04-13 08:40:00,2019-04-13 10:33:00,1.88,AVE,Turista,,Flexible,,{},2019-04-11 22:03:11
3819,renfe,MADRID,VALENCIA,2019-04-13 14:10:00,2019-04-13 16:03:00,1.88,AVE,Turista con enlace,,Flexible,,{},2019-04-11 22:03:11
3820,renfe,MADRID,VALENCIA,2019-04-13 09:40:00,2019-04-13 11:24:00,1.73,AVE,Turista,,Flexible,,{},2019-04-11 22:03:11
3821,renfe,MADRID,VALENCIA,2019-04-13 09:40:00,2019-04-13 11:24:00,1.73,AVE,Turista,,Flexible,,{},2019-04-11 22:03:11
3822,renfe,MADRID,VALENCIA,2019-04-13 10:40:00,2019-04-13 12:20:00,1.67,AVE,Turista,73.1,Flexible,,{},2019-04-11 22:03:11
3823,renfe,MADRID,VALENCIA,2019-04-13 17:40:00,2019-04-13 19:20:00,1.67,AVE,Turista,73.1,Flexible,,{},2019-04-11 22:03:11
3824,renfe,MADRID,VALENCIA,2019-04-13 11:10:00,2019-04-13 13:25:00,2.25,INTERCITY,Turista,,Flexible,,{},2019-04-11 22:03:11
3825,renfe,MADRID,VALENCIA,2019-04-13 15:40:00,2019-04-13 17:22:00,1.7,AVE,Turista,,Adulto ida,,{},2019-04-11 22:03:11
3826,renfe,MADRID,VALENCIA,2019-04-13 11:55:00,2019-04-13 13:35:00,1.67,AVE,Turista,73.1,Flexible,,{},2019-04-11 22:03:11
3827,renfe,MADRID,VALENCIA,2019-04-13 11:10:00,2019-04-13 13:25:00,2.25,INTERCITY,Turista,,Flexible,,{},2019-04-11 22:03:11
3828,renfe,MADRID,VALENCIA,2019-04-13 14:10:00,2019-04-13 16:03:00,1.88,AVE,Turista con enlace,,Flexible,,{},2019-04-11 22:03:11
3829,renfe,MADRID,VALENCIA,2019-04-13 10:40:00,2019-04-13 12:20:00,1.67,AVE,Turista,73.1,Flexible,,{},2019-04-11 22:03:11
3830,renfe,MADRID,VALENCIA,2019-04-13 15:30:00,2019-04-13 22:31:00,7.02,AVE-MD,Turista con enlace,,Flexible,,{},2019-04-11 22:03:11
3831,renfe,MADRID,VALENCIA,2019-04-13 21:10:00,2019-04-13 23:03:00,1.88,AVE,Turista,57.75,Promo,,{},2019-04-11 22:03:11
3832,renfe,MADRID,VALENCIA,2019-04-13 15:40:00,2019-04-13 17:22:00,1.7,AVE,Turista,,Adulto ida,,{},2019-04-11 22:03:11
3833,renfe,MADRID,VALENCIA,2019-04-13 19:40:00,2019-04-13 21:29:00,1.82,AVE,Turista,73.1,Flexible,,{},2019-04-11 22:03:11
3834,renfe,MADRID,VALENCIA,2019-04-13 16:30:00,2019-04-13 22:47:00,6.28,REGIONAL,Turista,28.35,Adulto ida,,{},2019-04-11 22:03:11
3835,renfe,MADRID,VALENCIA,2019-04-13 15:30:00,2019-04-13 22:31:00,7.02,AVE-MD,Turista con enlace,,Flexible,,{},2019-04-11 22:03:11
3836,renfe,MADRID,VALENCIA,2019-04-13 17:40:00,2019-04-13 19:20:00,1.67,AVE,Turista,73.1,Flexible,,{},2019-04-11 22:03:11
3837,renfe,MADRID,VALENCIA,2019-04-13 08:40:00,2019-04-13 10:33:00,1.88,AVE,Turista,,Flexible,,{},2019-04-11 22:03:11
3838,renfe,MADRID,VALENCIA,2019-04-13 19:40:00,2019-04-13 21:29:00,1.82,AVE,Turista,73.1,Flexible,,{},2019-04-11 22:03:11
3839,renfe,MADRID,VALENCIA,2019-04-13 21:10:00,2019-04-13 23:03:00,1.88,AVE,Turista,57.75,Promo,,{},2019-04-11 22:03:11
3840,renfe,MADRID,VALENCIA,2019-04-13 08:00:00,2019-04-13 14:10:00,6.17,REGIONAL,Turista,28.35,Adulto ida,,{},2019-04-11 22:03:11
3841,renfe,MADRID,VALENCIA,2019-05-13 16:05:00,2019-05-13 22:47:00,6.7,REGIONAL,Turista,28.35,Adulto ida,,{},2019-04-11 22:03:21
3842,renfe,MADRID,VALENCIA,2019-05-13 06:08:00,2019-05-13 12:55:00,6.78,REGIONAL,Turista,28.35,Adulto ida,,{},2019-04-11 22:03:21
3843,renfe,MADRID,VALENCIA,2019-05-13 18:40:00,2019-05-13 20:20:00,1.67,AVE,Turista,27.8,Promo,,{},2019-04-11 22:03:21
3844,renfe,MADRID,VALENCIA,2019-05-13 06:45:00,2019-05-13 08:38:00,1.88,AVE,Turista,21.95,Promo,,{},2019-04-11 22:03:21
3845,renfe,MADRID,VALENCIA,2019-05-13 12:21:00,2019-05-13 19:04:00,6.72,REGIONAL,Turista,28.35,Adulto ida,,{},2019-04-11 22:03:21
3846,renfe,MADRID,VALENCIA,2019-05-13 07:40:00,2019-05-13 09:20:00,1.67,AVE,Turista,57.75,Promo,,{},2019-04-11 22:03:21
3847,renfe,MADRID,VALENCIA,2019-05-13 11:55:00,2019-05-13 13:35:00,1.67,AVE,Turista,21.95,Promo,,{},2019-04-11 22:03:21
3848,renfe,MADRID,VALENCIA,2019-05-13 09:10:00,2019-05-13 10:58:00,1.8,AVE,Turista,39.45,Promo,,{},2019-04-11 22:03:21
3849,renfe,MADRID,VALENCIA,2019-05-13 15:30:00,2019-05-13 22:31:00,7.02,AVE-MD,Turista con enlace,,Flexible,,{},2019-04-11 22:03:21
3850,renfe,MADRID,VALENCIA,2019-05-13 09:40:00,2019-05-13 11:24:00,1.73,AVE,Turista,39.45,Promo,,{},2019-04-11 22:03:21
3851,renfe,MADRID,VALENCIA,2019-05-13 12:40:00,2019-05-13 14:20:00,1.67,AVE,Turista,27.8,Promo,,{},2019-04-11 22:03:21
3852,renfe,MADRID,VALENCIA,2019-05-13 10:40:00,2019-05-13 12:20:00,1.67,AVE,Turista,21.95,Promo,,{},2019-04-11 22:03:21
3853,renfe,MADRID,VALENCIA,2019-05-13 17:40:00,2019-05-13 19:20:00,1.67,AVE,Turista,27.8,Promo,,{},2019-04-11 22:03:21
3854,renfe,MADRID,VALENCIA,2019-05-13 11:10:00,2019-05-13 13:25:00,2.25,INTERCITY,Turista,21.05,Promo,,{},2019-04-11 22:03:21
3855,renfe,MADRID,VALENCIA,2019-05-13 15:10:00,2019-05-13 16:52:00,1.7,AVE,Turista,21.95,Promo,,{},2019-04-11 22:03:21
3856,renfe,MADRID,VALENCIA,2019-05-13 11:55:00,2019-05-13 13:35:00,1.67,AVE,Turista,21.95,Promo,,{},2019-04-11 22:03:21
3857,renfe,MADRID,VALENCIA,2019-05-13 21:10:00,2019-05-13 23:03:00,1.88,AVE,Turista,21.95,Promo,,{},2019-04-11 22:03:21
3858,renfe,MADRID,VALENCIA,2019-05-13 12:21:00,2019-05-13 19:04:00,6.72,REGIONAL,Turista,28.35,Adulto ida,,{},2019-04-11 22:03:21
3859,renfe,MADRID,VALENCIA,2019-05-13 10:40:00,2019-05-13 12:20:00,1.67,AVE,Turista,21.95,Promo,,{},2019-04-11 22:03:21
3860,renfe,MADRID,VALENCIA,2019-05-13 12:40:00,2019-05-13 14:20:00,1.67,AVE,Turista,27.8,Promo,,{},2019-04-11 22:03:21
3861,renfe,MADRID,VALENCIA,2019-05-13 06:08:00,2019-05-13 12:55:00,6.78,REGIONAL,Turista,28.35,Adulto ida,,{},2019-04-11 22:03:21
3862,renfe,MADRID,VALENCIA,2019-05-13 14:10:00,2019-05-13 16:03:00,1.88,AVE,Turista,33.65,Promo,,{},2019-04-11 22:03:21
3863,renfe,MADRID,VALENCIA,2019-05-13 07:40:00,2019-05-13 09:20:00,1.67,AVE,Turista,57.75,Promo,,{},2019-04-11 22:03:21
3864,renfe,MADRID,VALENCIA,2019-05-13 15:10:00,2019-05-13 16:52:00,1.7,AVE,Turista,21.95,Promo,,{},2019-04-11 22:03:21
3865,renfe,MADRID,VALENCIA,2019-05-13 19:40:00,2019-05-13 21:29:00,1.82,AVE,Turista,39.45,Promo,,{},2019-04-11 22:03:21
3866,renfe,MADRID,VALENCIA,2019-05-13 15:30:00,2019-05-13 22:31:00,7.02,AVE-MD,Turista con enlace,,Flexible,,{},2019-04-11 22:03:21
3867,renfe,MADRID,VALENCIA,2019-05-13 16:45:00,2019-05-13 18:50:00,2.08,ALVIA,Turista,35.5,Promo,,{},2019-04-11 22:03:21
3868,renfe,MADRID,VALENCIA,2019-05-13 15:40:00,2019-05-13 17:22:00,1.7,AVE,Turista,21.95,Promo,,{},2019-04-11 22:03:21
3869,renfe,MADRID,VALENCIA,2019-05-13 14:10:00,2019-05-13 16:03:00,1.88,AVE,Turista,33.65,Promo,,{},2019-04-11 22:03:21
3870,renfe,MADRID,VALENCIA,2019-05-13 16:05:00,2019-05-13 22:47:00,6.7,REGIONAL,Turista,28.35,Adulto ida,,{},2019-04-11 22:03:21
3871,renfe,MADRID,VALENCIA,2019-05-13 16:55:00,2019-05-13 21:58:00,5.05,AVE-LD,Turista con enlace,39.25,Promo,,{},2019-04-11 22:03:21
3872,renfe,MADRID,VALENCIA,2019-05-13 16:45:00,2019-05-13 18:50:00,2.08,ALVIA,Turista,35.5,Promo,,{},2019-04-11 22:03:21
3873,renfe,MADRID,VALENCIA,2019-05-13 16:55:00,2019-05-13 21:58:00,5.05,AVE-LD,Turista con enlace,39.25,Promo,,{},2019-04-11 22:03:21
3874,renfe,MADRID,VALENCIA,2019-05-13 17:40:00,2019-05-13 19:20:00,1.67,AVE,Turista,27.8,Promo,,{},2019-04-11 22:03:21
3875,renfe,MADRID,VALENCIA,2019-05-13 17:48:00,2019-05-13 21:58:00,4.17,INTERCITY,Turista,17.15,Promo,,{},2019-04-11 22:03:21
3876,renfe,MADRID,VALENCIA,2019-05-13 18:40:00,2019-05-13 20:20:00,1.67,AVE,Turista,27.8,Promo,,{},2019-04-11 22:03:21
3877,renfe,MADRID,VALENCIA,2019-05-13 19:40:00,2019-05-13 21:29:00,1.82,AVE,Turista,39.45,Promo,,{},2019-04-11 22:03:21
3878,renfe,MADRID,VALENCIA,2019-05-13 20:40:00,2019-05-13 22:24:00,1.73,AVE,Turista,21.95,Promo,,{},2019-04-11 22:03:21
3879,renfe,MADRID,VALENCIA,2019-05-13 21:10:00,2019-05-13 23:03:00,1.88,AVE,Turista,21.95,Promo,,{},2019-04-11 22:03:21
3880,renfe,MADRID,VALENCIA,2019-05-13 09:10:00,2019-05-13 10:58:00,1.8,AVE,Turista,39.45,Promo,,{},2019-04-11 22:03:21
3881,renfe,MADRID,VALENCIA,2019-05-13 11:10:00,2019-05-13 13:25:00,2.25,INTERCITY,Turista,21.05,Promo,,{},2019-04-11 22:03:21
3882,renfe,MADRID,VALENCIA,2019-05-13 09:40:00,2019-05-13 11:24:00,1.73,AVE,Turista,39.45,Promo,,{},2019-04-11 22:03:21
3883,renfe,MADRID,VALENCIA,2019-05-13 20:40:00,2019-05-13 22:24:00,1.73,AVE,Turista,21.95,Promo,,{},2019-04-11 22:03:21
3884,renfe,MADRID,VALENCIA,2019-05-13 17:48:00,2019-05-13 21:58:00,4.17,INTERCITY,Turista,17.15,Promo,,{},2019-04-11 22:03:21
3885,renfe,MADRID,VALENCIA,2019-05-13 06:45:00,2019-05-13 08:38:00,1.88,AVE,Turista,21.95,Promo,,{},2019-04-11 22:03:21
3886,renfe,MADRID,VALENCIA,2019-05-13 15:40:00,2019-05-13 17:22:00,1.7,AVE,Turista,21.95,Promo,,{},2019-04-11 22:03:21
3887,renfe,MADRID,VALENCIA,2019-05-14 11:55:00,2019-05-14 13:35:00,1.67,AVE,Turista,21.95,Promo,,{},2019-04-11 22:03:27
3888,renfe,MADRID,VALENCIA,2019-05-14 06:08:00,2019-05-14 12:55:00,6.78,REGIONAL,Turista,28.35,Adulto ida,,{},2019-04-11 22:03:27
3889,renfe,MADRID,VALENCIA,2019-05-14 07:40:00,2019-05-14 09:20:00,1.67,AVE,Turista,57.75,Promo,,{},2019-04-11 22:03:27
3890,renfe,MADRID,VALENCIA,2019-05-14 06:45:00,2019-05-14 08:38:00,1.88,AVE,Turista,27.8,Promo,,{},2019-04-11 22:03:27
3891,renfe,MADRID,VALENCIA,2019-05-14 09:10:00,2019-05-14 10:58:00,1.8,AVE,Turista,45.3,Promo,,{},2019-04-11 22:03:27
3892,renfe,MADRID,VALENCIA,2019-05-14 07:40:00,2019-05-14 09:20:00,1.67,AVE,Turista,57.75,Promo,,{},2019-04-11 22:03:27
3893,renfe,MADRID,VALENCIA,2019-05-14 11:10:00,2019-05-14 13:25:00,2.25,INTERCITY,Turista,29.9,Promo,,{},2019-04-11 22:03:27
3894,renfe,MADRID,VALENCIA,2019-05-14 09:10:00,2019-05-14 10:58:00,1.8,AVE,Turista,45.3,Promo,,{},2019-04-11 22:03:27
3895,renfe,MADRID,VALENCIA,2019-05-14 10:40:00,2019-05-14 12:20:00,1.67,AVE,Turista,27.8,Promo,,{},2019-04-11 22:03:27
3896,renfe,MADRID,VALENCIA,2019-05-14 09:40:00,2019-05-14 11:24:00,1.73,AVE,Turista,39.45,Promo,,{},2019-04-11 22:03:27
3897,renfe,MADRID,VALENCIA,2019-05-14 21:10:00,2019-05-14 23:03:00,1.88,AVE,Turista,21.95,Promo,,{},2019-04-11 22:03:27
3898,renfe,MADRID,VALENCIA,2019-05-14 10:40:00,2019-05-14 12:20:00,1.67,AVE,Turista,27.8,Promo,,{},2019-04-11 22:03:27
3899,renfe,MADRID,VALENCIA,2019-05-14 06:45:00,2019-05-14 08:38:00,1.88,AVE,Turista,27.8,Promo,,{},2019-04-11 22:03:27
3900,renfe,MADRID,VALENCIA,2019-05-14 11:10:00,2019-05-14 13:25:00,2.25,INTERCITY,Turista,29.9,Promo,,{},2019-04-11 22:03:27
3901,renfe,MADRID,VALENCIA,2019-05-14 15:40:00,2019-05-14 17:22:00,1.7,AVE,Turista,33.65,Promo,,{},2019-04-11 22:03:27
3902,renfe,MADRID,VALENCIA,2019-05-14 11:55:00,2019-05-14 13:35:00,1.67,AVE,Turista,21.95,Promo,,{},2019-04-11 22:03:27
3903,renfe,MADRID,VALENCIA,2019-05-14 18:40:00,2019-05-14 20:20:00,1.67,AVE,Turista,57.75,Promo,,{},2019-04-11 22:03:27
3904,renfe,MADRID,VALENCIA,2019-05-14 12:21:00,2019-05-14 19:04:00,6.72,REGIONAL,Turista,28.35,Adulto ida,,{},2019-04-11 22:03:27
3905,renfe,MADRID,VALENCIA,2019-05-14 20:40:00,2019-05-14 22:24:00,1.73,AVE,Turista,21.95,Promo,,{},2019-04-11 22:03:27
3906,renfe,MADRID,VALENCIA,2019-05-14 12:40:00,2019-05-14 14:20:00,1.67,AVE,Turista,27.8,Promo,,{},2019-04-11 22:03:27
3907,renfe,MADRID,VALENCIA,2019-05-14 16:55:00,2019-05-14 21:58:00,5.05,AVE-LD,Turista con enlace,56.1,Flexible,,{},2019-04-11 22:03:27
3908,renfe,MADRID,VALENCIA,2019-05-14 14:10:00,2019-05-14 16:03:00,1.88,AVE,Turista,27.8,Promo,,{},2019-04-11 22:03:27
3909,renfe,MADRID,VALENCIA,2019-05-14 12:40:00,2019-05-14 14:20:00,1.67,AVE,Turista,27.8,Promo,,{},2019-04-11 22:03:27
3910,renfe,MADRID,VALENCIA,2019-05-14 15:10:00,2019-05-14 16:52:00,1.7,AVE,Turista,21.95,Promo,,{},2019-04-11 22:03:27
3911,renfe,MADRID,VALENCIA,2019-05-14 16:05:00,2019-05-14 22:47:00,6.7,REGIONAL,Turista,28.35,Adulto ida,,{},2019-04-11 22:03:27
3912,renfe,MADRID,VALENCIA,2019-05-14 15:30:00,2019-05-14 22:31:00,7.02,AVE-MD,Turista con enlace,,Flexible,,{},2019-04-11 22:03:27
3913,renfe,MADRID,VALENCIA,2019-05-14 14:10:00,2019-05-14 16:03:00,1.88,AVE,Turista,27.8,Promo,,{},2019-04-11 22:03:27
3914,renfe,MADRID,VALENCIA,2019-05-14 15:40:00,2019-05-14 17:22:00,1.7,AVE,Turista,33.65,Promo,,{},2019-04-11 22:03:27
3915,renfe,MADRID,VALENCIA,2019-05-14 19:40:00,2019-05-14 21:29:00,1.82,AVE,Turista,39.45,Promo,,{},2019-04-11 22:03:27
3916,renfe,MADRID,VALENCIA,2019-05-14 16:05:00,2019-05-14 22:47:00,6.7,REGIONAL,Turista,28.35,Adulto ida,,{},2019-04-11 22:03:27
3917,renfe,MADRID,VALENCIA,2019-05-14 09:40:00,2019-05-14 11:24:00,1.73,AVE,Turista,39.45,Promo,,{},2019-04-11 22:03:27
3918,renfe,MADRID,VALENCIA,2019-05-14 16:45:00,2019-05-14 18:50:00,2.08,ALVIA,Preferente,46.15,Promo,,{},2019-04-11 22:03:27
3919,renfe,MADRID,VALENCIA,2019-05-14 17:48:00,2019-05-14 21:58:00,4.17,INTERCITY,Turista,17.15,Promo,,{},2019-04-11 22:03:27
3920,renfe,MADRID,VALENCIA,2019-05-14 16:55:00,2019-05-14 21:58:00,5.05,AVE-LD,Turista con enlace,56.1,Flexible,,{},2019-04-11 22:03:27
3921,renfe,MADRID,VALENCIA,2019-05-14 17:40:00,2019-05-14 19:20:00,1.67,AVE,Turista,57.75,Promo,,{},2019-04-11 22:03:27
3922,renfe,MADRID,VALENCIA,2019-05-14 17:48:00,2019-05-14 21:58:00,4.17,INTERCITY,Turista,17.15,Promo,,{},2019-04-11 22:03:27
3923,renfe,MADRID,VALENCIA,2019-05-14 18:40:00,2019-05-14 20:20:00,1.67,AVE,Turista,57.75,Promo,,{},2019-04-11 22:03:27
3924,renfe,MADRID,VALENCIA,2019-05-14 19:40:00,2019-05-14 21:29:00,1.82,AVE,Turista,39.45,Promo,,{},2019-04-11 22:03:27
3925,renfe,MADRID,VALENCIA,2019-05-14 20:40:00,2019-05-14 22:24:00,1.73,AVE,Turista,21.95,Promo,,{},2019-04-11 22:03:27
3926,renfe,MADRID,VALENCIA,2019-05-14 21:10:00,2019-05-14 23:03:00,1.88,AVE,Turista,21.95,Promo,,{},2019-04-11 22:03:27
3927,renfe,MADRID,VALENCIA,2019-05-14 16:45:00,2019-05-14 18:50:00,2.08,ALVIA,Preferente,46.15,Promo,,{},2019-04-11 22:03:27
3928,renfe,MADRID,VALENCIA,2019-05-14 15:10:00,2019-05-14 16:52:00,1.7,AVE,Turista,21.95,Promo,,{},2019-04-11 22:03:27
3929,renfe,MADRID,VALENCIA,2019-05-14 17:40:00,2019-05-14 19:20:00,1.67,AVE,Turista,57.75,Promo,,{},2019-04-11 22:03:27
3930,renfe,MADRID,VALENCIA,2019-05-14 06:08:00,2019-05-14 12:55:00,6.78,REGIONAL,Turista,28.35,Adulto ida,,{},2019-04-11 22:03:27
3931,renfe,MADRID,VALENCIA,2019-05-14 12:21:00,2019-05-14 19:04:00,6.72,REGIONAL,Turista,28.35,Adulto ida,,{},2019-04-11 22:03:27
3932,renfe,MADRID,VALENCIA,2019-05-14 15:30:00,2019-05-14 22:31:00,7.02,AVE-MD,Turista con enlace,,Flexible,,{},2019-04-11 22:03:27
3933,renfe,MADRID,VALENCIA,2019-04-15 15:40:00,2019-04-15 17:22:00,1.7,AVE,Turista,39.45,Promo,,{},2019-04-11 22:03:37
3934,renfe,MADRID,VALENCIA,2019-04-15 06:08:00,2019-04-15 12:55:00,6.78,REGIONAL,Turista,28.35,Adulto ida,,{},2019-04-11 22:03:37
3935,renfe,MADRID,VALENCIA,2019-04-15 10:40:00,2019-04-15 12:20:00,1.67,AVE,Preferente,66.55,Promo,,{},2019-04-11 22:03:37
3936,renfe,MADRID,VALENCIA,2019-04-15 06:45:00,2019-04-15 08:38:00,1.88,AVE,Turista,51.15,Promo,,{},2019-04-11 22:03:37
3937,renfe,MADRID,VALENCIA,2019-04-15 16:55:00,2019-04-15 21:58:00,5.05,AVE-LD,Turista con enlace,56.1,Flexible,,{},2019-04-11 22:03:37
3938,renfe,MADRID,VALENCIA,2019-04-15 07:40:00,2019-04-15 09:20:00,1.67,AVE,Turista,73.1,Flexible,,{},2019-04-11 22:03:37
3939,renfe,MADRID,VALENCIA,2019-04-15 17:40:00,2019-04-15 19:20:00,1.67,AVE,Turista,39.45,Promo,,{},2019-04-11 22:03:37
3940,renfe,MADRID,VALENCIA,2019-04-15 09:10:00,2019-04-15 10:58:00,1.8,AVE,Preferente,66.55,Promo,,{},2019-04-11 22:03:37
3941,renfe,MADRID,VALENCIA,2019-04-15 16:05:00,2019-04-15 22:47:00,6.7,REGIONAL,Turista,28.35,Adulto ida,,{},2019-04-11 22:03:37
3942,renfe,MADRID,VALENCIA,2019-04-15 09:40:00,2019-04-15 11:24:00,1.73,AVE,Preferente,66.55,Promo,,{},2019-04-11 22:03:37
3943,renfe,MADRID,VALENCIA,2019-04-15 18:40:00,2019-04-15 20:20:00,1.67,AVE,Turista,39.45,Promo,,{},2019-04-11 22:03:37
3944,renfe,MADRID,VALENCIA,2019-04-15 10:40:00,2019-04-15 12:20:00,1.67,AVE,Preferente,66.55,Promo,,{},2019-04-11 22:03:37
3945,renfe,MADRID,VALENCIA,2019-04-15 12:40:00,2019-04-15 14:20:00,1.67,AVE,Turista,51.15,Promo,,{},2019-04-11 22:03:37
3946,renfe,MADRID,VALENCIA,2019-04-15 11:10:00,2019-04-15 13:25:00,2.25,INTERCITY,Turista,55.4,Flexible,,{},2019-04-11 22:03:37
3947,renfe,MADRID,VALENCIA,2019-04-15 06:45:00,2019-04-15 08:38:00,1.88,AVE,Turista,51.15,Promo,,{},2019-04-11 22:03:37
3948,renfe,MADRID,VALENCIA,2019-04-15 11:55:00,2019-04-15 13:35:00,1.67,AVE,Preferente,66.55,Promo,,{},2019-04-11 22:03:37
3949,renfe,MADRID,VALENCIA,2019-04-15 11:10:00,2019-04-15 13:25:00,2.25,INTERCITY,Turista,55.4,Flexible,,{},2019-04-11 22:03:37
3950,renfe,MADRID,VALENCIA,2019-04-15 12:21:00,2019-04-15 19:04:00,6.72,REGIONAL,Turista,28.35,Adulto ida,,{},2019-04-11 22:03:37
3951,renfe,MADRID,VALENCIA,2019-04-15 15:30:00,2019-04-15 22:31:00,7.02,AVE-MD,Turista con enlace,,Flexible,,{},2019-04-11 22:03:37
3952,renfe,MADRID,VALENCIA,2019-04-15 12:40:00,2019-04-15 14:20:00,1.67,AVE,Turista,51.15,Promo,,{},2019-04-11 22:03:37
3953,renfe,MADRID,VALENCIA,2019-04-15 09:40:00,2019-04-15 11:24:00,1.73,AVE,Preferente,66.55,Promo,,{},2019-04-11 22:03:37
3954,renfe,MADRID,VALENCIA,2019-04-15 14:10:00,2019-04-15 16:03:00,1.88,AVE,Turista,45.3,Promo,,{},2019-04-11 22:03:37
3955,renfe,MADRID,VALENCIA,2019-04-15 06:08:00,2019-04-15 12:55:00,6.78,REGIONAL,Turista,28.35,Adulto ida,,{},2019-04-11 22:03:37
3956,renfe,MADRID,VALENCIA,2019-04-15 15:10:00,2019-04-15 16:52:00,1.7,AVE,Turista,45.3,Promo,,{},2019-04-11 22:03:37
3957,renfe,MADRID,VALENCIA,2019-04-15 07:40:00,2019-04-15 09:20:00,1.67,AVE,Turista,73.1,Flexible,,{},2019-04-11 22:03:37
3958,renfe,MADRID,VALENCIA,2019-04-15 15:30:00,2019-04-15 22:31:00,7.02,AVE-MD,Turista con enlace,,Flexible,,{},2019-04-11 22:03:37
3959,renfe,MADRID,VALENCIA,2019-04-15 16:45:00,2019-04-15 18:50:00,2.08,ALVIA,Turista,35.5,Promo,,{},2019-04-11 22:03:37
3960,renfe,MADRID,VALENCIA,2019-04-15 15:40:00,2019-04-15 17:22:00,1.7,AVE,Turista,39.45,Promo,,{},2019-04-11 22:03:37
3961,renfe,MADRID,VALENCIA,2019-04-15 21:10:00,2019-04-15 23:03:00,1.88,AVE,Turista,39.45,Promo,,{},2019-04-11 22:03:37
3962,renfe,MADRID,VALENCIA,2019-04-15 16:05:00,2019-04-15 22:47:00,6.7,REGIONAL,Turista,28.35,Adulto ida,,{},2019-04-11 22:03:37
3963,renfe,MADRID,VALENCIA,2019-04-15 17:48:00,2019-04-15 21:58:00,4.17,INTERCITY,Turista,30.05,Promo,,{},2019-04-11 22:03:37
3964,renfe,MADRID,VALENCIA,2019-04-15 16:45:00,2019-04-15 18:50:00,2.08,ALVIA,Turista,35.5,Promo,,{},2019-04-11 22:03:37
3965,renfe,MADRID,VALENCIA,2019-04-15 09:10:00,2019-04-15 10:58:00,1.8,AVE,Preferente,66.55,Promo,,{},2019-04-11 22:03:37
3966,renfe,MADRID,VALENCIA,2019-04-15 16:55:00,2019-04-15 21:58:00,5.05,AVE-LD,Turista con enlace,56.1,Flexible,,{},2019-04-11 22:03:37
3967,renfe,MADRID,VALENCIA,2019-04-15 19:40:00,2019-04-15 21:29:00,1.82,AVE,Turista,39.45,Promo,,{},2019-04-11 22:03:37
3968,renfe,MADRID,VALENCIA,2019-04-15 17:40:00,2019-04-15 19:20:00,1.67,AVE,Turista,39.45,Promo,,{},2019-04-11 22:03:37
3969,renfe,MADRID,VALENCIA,2019-04-15 17:48:00,2019-04-15 21:58:00,4.17,INTERCITY,Turista,30.05,Promo,,{},2019-04-11 22:03:37
3970,renfe,MADRID,VALENCIA,2019-04-15 18:40:00,2019-04-15 20:20:00,1.67,AVE,Turista,39.45,Promo,,{},2019-04-11 22:03:37
3971,renfe,MADRID,VALENCIA,2019-04-15 19:40:00,2019-04-15 21:29:00,1.82,AVE,Turista,39.45,Promo,,{},2019-04-11 22:03:37
3972,renfe,MADRID,VALENCIA,2019-04-15 20:40:00,2019-04-15 22:24:00,1.73,AVE,Turista,39.45,Promo,,{},2019-04-11 22:03:37
3973,renfe,MADRID,VALENCIA,2019-04-15 21:10:00,2019-04-15 23:03:00,1.88,AVE,Turista,39.45,Promo,,{},2019-04-11 22:03:37
3974,renfe,MADRID,VALENCIA,2019-04-15 12:21:00,2019-04-15 19:04:00,6.72,REGIONAL,Turista,28.35,Adulto ida,,{},2019-04-11 22:03:37
3975,renfe,MADRID,VALENCIA,2019-04-15 14:10:00,2019-04-15 16:03:00,1.88,AVE,Turista,45.3,Promo,,{},2019-04-11 22:03:37
3976,renfe,MADRID,VALENCIA,2019-04-15 11:55:00,2019-04-15 13:35:00,1.67,AVE,Preferente,66.55,Promo,,{},2019-04-11 22:03:37
3977,renfe,MADRID,VALENCIA,2019-04-15 15:10:00,2019-04-15 16:52:00,1.7,AVE,Turista,45.3,Promo,,{},2019-04-11 22:03:37
3978,renfe,MADRID,VALENCIA,2019-04-15 20:40:00,2019-04-15 22:24:00,1.73,AVE,Turista,39.45,Promo,,{},2019-04-11 22:03:37
3979,renfe,MADRID,VALENCIA,2019-04-16 16:05:00,2019-04-16 22:47:00,6.7,REGIONAL,Turista,28.35,Adulto ida,,{},2019-04-11 22:03:43
3980,renfe,MADRID,VALENCIA,2019-04-16 06:08:00,2019-04-16 12:55:00,6.78,REGIONAL,Turista,28.35,Adulto ida,,{},2019-04-11 22:03:43
3981,renfe,MADRID,VALENCIA,2019-04-16 06:45:00,2019-04-16 08:38:00,1.88,AVE,Turista,33.65,Promo,,{},2019-04-11 22:03:43
3982,renfe,MADRID,VALENCIA,2019-04-16 06:45:00,2019-04-16 08:38:00,1.88,AVE,Turista,33.65,Promo,,{},2019-04-11 22:03:43
3983,renfe,MADRID,VALENCIA,2019-04-16 11:10:00,2019-04-16 13:25:00,2.25,INTERCITY,Turista,38.8,Promo,,{},2019-04-11 22:03:43
3984,renfe,MADRID,VALENCIA,2019-04-16 07:40:00,2019-04-16 09:20:00,1.67,AVE,Turista,73.1,Flexible,,{},2019-04-11 22:03:43
3985,renfe,MADRID,VALENCIA,2019-04-16 12:21:00,2019-04-16 19:04:00,6.72,REGIONAL,Turista,28.35,Adulto ida,,{},2019-04-11 22:03:43
3986,renfe,MADRID,VALENCIA,2019-04-16 09:10:00,2019-04-16 10:58:00,1.8,AVE,Turista,39.45,Promo,,{},2019-04-11 22:03:43
3987,renfe,MADRID,VALENCIA,2019-04-16 21:10:00,2019-04-16 23:03:00,1.88,AVE,Turista,33.65,Promo,,{},2019-04-11 22:03:43
3988,renfe,MADRID,VALENCIA,2019-04-16 09:40:00,2019-04-16 11:24:00,1.73,AVE,Turista,39.45,Promo,,{},2019-04-11 22:03:43
3989,renfe,MADRID,VALENCIA,2019-04-16 18:40:00,2019-04-16 20:20:00,1.67,AVE,Turista,51.15,Promo,,{},2019-04-11 22:03:43
3990,renfe,MADRID,VALENCIA,2019-04-16 10:40:00,2019-04-16 12:20:00,1.67,AVE,Turista,45.3,Promo,,{},2019-04-11 22:03:43
3991,renfe,MADRID,VALENCIA,2019-04-16 10:40:00,2019-04-16 12:20:00,1.67,AVE,Turista,45.3,Promo,,{},2019-04-11 22:03:43
3992,renfe,MADRID,VALENCIA,2019-04-16 11:10:00,2019-04-16 13:25:00,2.25,INTERCITY,Turista,38.8,Promo,,{},2019-04-11 22:03:43
3993,renfe,MADRID,VALENCIA,2019-04-16 15:10:00,2019-04-16 16:52:00,1.7,AVE,Turista,33.65,Promo,,{},2019-04-11 22:03:43
3994,renfe,MADRID,VALENCIA,2019-04-16 11:55:00,2019-04-16 13:35:00,1.67,AVE,Turista,39.45,Promo,,{},2019-04-11 22:03:43
3995,renfe,MADRID,VALENCIA,2019-04-16 07:40:00,2019-04-16 09:20:00,1.67,AVE,Turista,73.1,Flexible,,{},2019-04-11 22:03:43
3996,renfe,MADRID,VALENCIA,2019-04-16 12:21:00,2019-04-16 19:04:00,6.72,REGIONAL,Turista,28.35,Adulto ida,,{},2019-04-11 22:03:43
3997,renfe,MADRID,VALENCIA,2019-04-16 16:45:00,2019-04-16 18:50:00,2.08,ALVIA,Turista,,Flexible,,{},2019-04-11 22:03:43
3998,renfe,MADRID,VALENCIA,2019-04-16 12:40:00,2019-04-16 14:20:00,1.67,AVE,Turista,33.65,Promo,,{},2019-04-11 22:03:43
3999,renfe,MADRID,VALENCIA,2019-04-16 14:10:00,2019-04-16 16:03:00,1.88,AVE,Turista,33.65,Promo,,{},2019-04-11 22:03:43
4000,renfe,MADRID,VALENCIA,2019-04-16 14:10:00,2019-04-16 16:03:00,1.88,AVE,Turista,33.65,Promo,,{},2019-04-11 22:03:43
4001,renfe,MADRID,VALENCIA,2019-04-16 19:40:00,2019-04-16 21:29:00,1.82,AVE,Turista,45.3,Promo,,{},2019-04-11 22:03:43
4002,renfe,MADRID,VALENCIA,2019-04-16 15:10:00,2019-04-16 16:52:00,1.7,AVE,Turista,33.65,Promo,,{},2019-04-11 22:03:43
4003,renfe,MADRID,VALENCIA,2019-04-16 20:40:00,2019-04-16 22:24:00,1.73,AVE,Turista,39.45,Promo,,{},2019-04-11 22:03:43
4004,renfe,MADRID,VALENCIA,2019-04-16 15:30:00,2019-04-16 22:31:00,7.02,AVE-MD,Turista,,Promo,,{},2019-04-11 22:03:43
4005,renfe,MADRID,VALENCIA,2019-04-16 17:48:00,2019-04-16 21:58:00,4.17,INTERCITY,Turista,30.05,Promo,,{},2019-04-11 22:03:43
4006,renfe,MADRID,VALENCIA,2019-04-16 15:40:00,2019-04-16 17:22:00,1.7,AVE,Turista,39.45,Promo,,{},2019-04-11 22:03:43
4007,renfe,MADRID,VALENCIA,2019-04-16 12:40:00,2019-04-16 14:20:00,1.67,AVE,Turista,33.65,Promo,,{},2019-04-11 22:03:43
4008,renfe,MADRID,VALENCIA,2019-04-16 16:05:00,2019-04-16 22:47:00,6.7,REGIONAL,Turista,28.35,Adulto ida,,{},2019-04-11 22:03:43
4009,renfe,MADRID,VALENCIA,2019-04-16 15:30:00,2019-04-16 22:31:00,7.02,AVE-MD,Turista,,Promo,,{},2019-04-11 22:03:43
4010,renfe,MADRID,VALENCIA,2019-04-16 16:45:00,2019-04-16 18:50:00,2.08,ALVIA,Turista,,Flexible,,{},2019-04-11 22:03:43
4011,renfe,MADRID,VALENCIA,2019-04-16 09:10:00,2019-04-16 10:58:00,1.8,AVE,Turista,39.45,Promo,,{},2019-04-11 22:03:43
4012,renfe,MADRID,VALENCIA,2019-04-16 16:55:00,2019-04-16 21:58:00,5.05,AVE-LD,Turista con enlace,56.1,Flexible,,{},2019-04-11 22:03:43
4013,renfe,MADRID,VALENCIA,2019-04-16 17:40:00,2019-04-16 19:20:00,1.67,AVE,Preferente,66.55,Promo,,{},2019-04-11 22:03:43
4014,renfe,MADRID,VALENCIA,2019-04-16 17:48:00,2019-04-16 21:58:00,4.17,INTERCITY,Turista,30.05,Promo,,{},2019-04-11 22:03:43
4015,renfe,MADRID,VALENCIA,2019-04-16 18:40:00,2019-04-16 20:20:00,1.67,AVE,Turista,51.15,Promo,,{},2019-04-11 22:03:43
4016,renfe,MADRID,VALENCIA,2019-04-16 19:40:00,2019-04-16 21:29:00,1.82,AVE,Turista,45.3,Promo,,{},2019-04-11 22:03:43
4017,renfe,MADRID,VALENCIA,2019-04-16 20:40:00,2019-04-16 22:24:00,1.73,AVE,Turista,39.45,Promo,,{},2019-04-11 22:03:43
4018,renfe,MADRID,VALENCIA,2019-04-16 21:10:00,2019-04-16 23:03:00,1.88,AVE,Turista,33.65,Promo,,{},2019-04-11 22:03:43
4019,renfe,MADRID,VALENCIA,2019-04-16 06:08:00,2019-04-16 12:55:00,6.78,REGIONAL,Turista,28.35,Adulto ida,,{},2019-04-11 22:03:43
4020,renfe,MADRID,VALENCIA,2019-04-16 15:40:00,2019-04-16 17:22:00,1.7,AVE,Turista,39.45,Promo,,{},2019-04-11 22:03:43
4021,renfe,MADRID,VALENCIA,2019-04-16 17:40:00,2019-04-16 19:20:00,1.67,AVE,Preferente,66.55,Promo,,{},2019-04-11 22:03:43
4022,renfe,MADRID,VALENCIA,2019-04-16 16:55:00,2019-04-16 21:58:00,5.05,AVE-LD,Turista con enlace,56.1,Flexible,,{},2019-04-11 22:03:43
4023,renfe,MADRID,VALENCIA,2019-04-16 11:55:00,2019-04-16 13:35:00,1.67,AVE,Turista,39.45,Promo,,{},2019-04-11 22:03:43
4024,renfe,MADRID,VALENCIA,2019-04-16 09:40:00,2019-04-16 11:24:00,1.73,AVE,Turista,39.45,Promo,,{},2019-04-11 22:03:43
4025,renfe,MADRID,VALENCIA,2019-04-17 16:05:00,2019-04-17 22:47:00,6.7,REGIONAL,Turista,28.35,Adulto ida,,{},2019-04-11 22:03:53
4026,renfe,MADRID,VALENCIA,2019-04-17 06:08:00,2019-04-17 12:55:00,6.78,REGIONAL,Turista,28.35,Adulto ida,,{},2019-04-11 22:03:53
4027,renfe,MADRID,VALENCIA,2019-04-17 15:10:00,2019-04-17 17:20:00,2.17,INTERCITY,Turista,55.4,Flexible,,{},2019-04-11 22:03:53
4028,renfe,MADRID,VALENCIA,2019-04-17 06:45:00,2019-04-17 08:38:00,1.88,AVE,Turista,33.65,Promo,,{},2019-04-11 22:03:53
4029,renfe,MADRID,VALENCIA,2019-04-17 09:40:00,2019-04-17 11:24:00,1.73,AVE,Preferente,66.55,Promo,,{},2019-04-11 22:03:53
4030,renfe,MADRID,VALENCIA,2019-04-17 07:40:00,2019-04-17 09:20:00,1.67,AVE,Turista,73.1,Flexible,,{},2019-04-11 22:03:53
4031,renfe,MADRID,VALENCIA,2019-04-17 12:21:00,2019-04-17 19:04:00,6.72,REGIONAL,Turista,28.35,Adulto ida,,{},2019-04-11 22:03:53
4032,renfe,MADRID,VALENCIA,2019-04-17 09:10:00,2019-04-17 10:58:00,1.8,AVE,Turista,45.3,Promo,,{},2019-04-11 22:03:53
4033,renfe,MADRID,VALENCIA,2019-04-17 06:45:00,2019-04-17 08:38:00,1.88,AVE,Turista,33.65,Promo,,{},2019-04-11 22:03:53
4034,renfe,MADRID,VALENCIA,2019-04-17 09:40:00,2019-04-17 11:24:00,1.73,AVE,Preferente,66.55,Promo,,{},2019-04-11 22:03:53
4035,renfe,MADRID,VALENCIA,2019-04-17 11:10:00,2019-04-17 13:25:00,2.25,INTERCITY,Turista,55.4,Flexible,,{},2019-04-11 22:03:53
4036,renfe,MADRID,VALENCIA,2019-04-17 10:40:00,2019-04-17 12:20:00,1.67,AVE,Preferente,66.55,Promo,,{},2019-04-11 22:03:53
4037,renfe,MADRID,VALENCIA,2019-04-17 20:40:00,2019-04-17 22:24:00,1.73,AVE,,,,,{},2019-04-11 22:03:53
4038,renfe,MADRID,VALENCIA,2019-04-17 11:10:00,2019-04-17 13:25:00,2.25,INTERCITY,Turista,55.4,Flexible,,{},2019-04-11 22:03:53
4039,renfe,MADRID,VALENCIA,2019-04-17 16:45:00,2019-04-17 18:50:00,2.08,ALVIA,Preferente,,Promo,,{},2019-04-11 22:03:53
4040,renfe,MADRID,VALENCIA,2019-04-17 11:55:00,2019-04-17 13:35:00,1.67,AVE,Preferente,66.55,Promo,,{},2019-04-11 22:03:53
4041,renfe,MADRID,VALENCIA,2019-04-17 16:55:00,2019-04-17 21:58:00,5.05,AVE-LD,Preferente,,Promo,,{},2019-04-11 22:03:53
4042,renfe,MADRID,VALENCIA,2019-04-17 12:21:00,2019-04-17 19:04:00,6.72,REGIONAL,Turista,28.35,Adulto ida,,{},2019-04-11 22:03:53
4043,renfe,MADRID,VALENCIA,2019-04-17 18:40:00,2019-04-17 20:20:00,1.67,AVE,,,,,{},2019-04-11 22:03:53
4044,renfe,MADRID,VALENCIA,2019-04-17 12:40:00,2019-04-17 14:20:00,1.67,AVE,Preferente,66.55,Promo,,{},2019-04-11 22:03:53
4045,renfe,MADRID,VALENCIA,2019-04-17 11:55:00,2019-04-17 13:35:00,1.67,AVE,Preferente,66.55,Promo,,{},2019-04-11 22:03:53
4046,renfe,MADRID,VALENCIA,2019-04-17 14:10:00,2019-04-17 16:03:00,1.88,AVE,Preferente,86.25,Promo,,{},2019-04-11 22:03:53
4047,renfe,MADRID,VALENCIA,2019-04-17 17:48:00,2019-04-17 21:58:00,4.17,INTERCITY,,,,,{},2019-04-11 22:03:53
4048,renfe,MADRID,VALENCIA,2019-04-17 15:10:00,2019-04-17 17:20:00,2.17,INTERCITY,Turista,55.4,Flexible,,{},2019-04-11 22:03:53
4049,renfe,MADRID,VALENCIA,2019-04-17 09:10:00,2019-04-17 10:58:00,1.8,AVE,Turista,45.3,Promo,,{},2019-04-11 22:03:53
4050,renfe,MADRID,VALENCIA,2019-04-17 15:10:00,2019-04-17 17:20:00,2.17,INTERCITY,Turista,55.4,Flexible,,{},2019-04-11 22:03:53
4051,renfe,MADRID,VALENCIA,2019-04-17 15:30:00,2019-04-17 22:31:00,7.02,AVE-MD,Turista,,Adulto ida,,{},2019-04-11 22:03:53
4052,renfe,MADRID,VALENCIA,2019-04-17 15:40:00,2019-04-17 17:22:00,1.7,AVE,Turista,,Adulto ida,,{},2019-04-11 22:03:53
4053,renfe,MADRID,VALENCIA,2019-04-17 16:05:00,2019-04-17 22:47:00,6.7,REGIONAL,Turista,28.35,Adulto ida,,{},2019-04-11 22:03:53
4054,renfe,MADRID,VALENCIA,2019-04-17 16:45:00,2019-04-17 18:50:00,2.08,ALVIA,Preferente,,Promo,,{},2019-04-11 22:03:53
4055,renfe,MADRID,VALENCIA,2019-04-17 16:55:00,2019-04-17 21:58:00,5.05,AVE-LD,Preferente,,Promo,,{},2019-04-11 22:03:53
4056,renfe,MADRID,VALENCIA,2019-04-17 17:10:00,2019-04-17 18:54:00,1.73,AVE,Preferente,97.35,Promo,,{},2019-04-11 22:03:53
4057,renfe,MADRID,VALENCIA,2019-04-17 17:40:00,2019-04-17 19:20:00,1.67,AVE,Preferente,97.35,Promo,,{},2019-04-11 22:03:53
4058,renfe,MADRID,VALENCIA,2019-04-17 17:48:00,2019-04-17 21:58:00,4.17,INTERCITY,,,,,{},2019-04-11 22:03:53
4059,renfe,MADRID,VALENCIA,2019-04-17 18:40:00,2019-04-17 20:20:00,1.67,AVE,,,,,{},2019-04-11 22:03:53
4060,renfe,MADRID,VALENCIA,2019-04-17 19:40:00,2019-04-17 21:29:00,1.82,AVE,,,,,{},2019-04-11 22:03:53
4061,renfe,MADRID,VALENCIA,2019-04-17 20:40:00,2019-04-17 22:24:00,1.73,AVE,,,,,{},2019-04-11 22:03:53
4062,renfe,MADRID,VALENCIA,2019-04-17 21:10:00,2019-04-17 23:03:00,1.88,AVE,,,,,{},2019-04-11 22:03:53
4063,renfe,MADRID,VALENCIA,2019-04-17 15:10:00,2019-04-17 17:20:00,2.17,INTERCITY,Turista,55.4,Flexible,,{},2019-04-11 22:03:53
4064,renfe,MADRID,VALENCIA,2019-04-17 15:40:00,2019-04-17 17:22:00,1.7,AVE,Turista,,Adulto ida,,{},2019-04-11 22:03:53
4065,renfe,MADRID,VALENCIA,2019-04-17 19:40:00,2019-04-17 21:29:00,1.82,AVE,,,,,{},2019-04-11 22:03:53
4066,renfe,MADRID,VALENCIA,2019-04-17 10:40:00,2019-04-17 12:20:00,1.67,AVE,Preferente,66.55,Promo,,{},2019-04-11 22:03:53
4067,renfe,MADRID,VALENCIA,2019-04-17 07:40:00,2019-04-17 09:20:00,1.67,AVE,Turista,73.1,Flexible,,{},2019-04-11 22:03:53
4068,renfe,MADRID,VALENCIA,2019-04-17 17:40:00,2019-04-17 19:20:00,1.67,AVE,Preferente,97.35,Promo,,{},2019-04-11 22:03:53
4069,renfe,MADRID,VALENCIA,2019-04-17 14:10:00,2019-04-17 16:03:00,1.88,AVE,Preferente,86.25,Promo,,{},2019-04-11 22:03:53
4070,renfe,MADRID,VALENCIA,2019-04-17 12:40:00,2019-04-17 14:20:00,1.67,AVE,Preferente,66.55,Promo,,{},2019-04-11 22:03:53
4071,renfe,MADRID,VALENCIA,2019-04-17 17:10:00,2019-04-17 18:54:00,1.73,AVE,Preferente,97.35,Promo,,{},2019-04-11 22:03:53
4072,renfe,MADRID,VALENCIA,2019-04-17 06:08:00,2019-04-17 12:55:00,6.78,REGIONAL,Turista,28.35,Adulto ida,,{},2019-04-11 22:03:53
4073,renfe,MADRID,VALENCIA,2019-04-17 21:10:00,2019-04-17 23:03:00,1.88,AVE,,,,,{},2019-04-11 22:03:53
4074,renfe,MADRID,VALENCIA,2019-04-17 15:30:00,2019-04-17 22:31:00,7.02,AVE-MD,Turista,,Adulto ida,,{},2019-04-11 22:03:53
4075,renfe,MADRID,VALENCIA,2019-05-18 10:40:00,2019-05-18 12:20:00,1.67,AVE,Turista,33.65,Promo,,{},2019-04-11 22:03:59
4076,renfe,MADRID,VALENCIA,2019-05-18 08:00:00,2019-05-18 14:10:00,6.17,REGIONAL,Turista,28.35,Adulto ida,,{},2019-04-11 22:03:59
4077,renfe,MADRID,VALENCIA,2019-05-18 17:40:00,2019-05-18 19:20:00,1.67,AVE,Turista,27.8,Promo,,{},2019-04-11 22:03:59
4078,renfe,MADRID,VALENCIA,2019-05-18 08:40:00,2019-05-18 10:33:00,1.88,AVE,Turista,45.3,Promo,,{},2019-04-11 22:03:59
4079,renfe,MADRID,VALENCIA,2019-05-18 15:40:00,2019-05-18 17:22:00,1.7,AVE,Turista,33.65,Promo,,{},2019-04-11 22:03:59
4080,renfe,MADRID,VALENCIA,2019-05-18 09:40:00,2019-05-18 11:24:00,1.73,AVE,Preferente,36.15,Promo,,{},2019-04-11 22:03:59
4081,renfe,MADRID,VALENCIA,2019-05-18 21:10:00,2019-05-18 23:03:00,1.88,AVE,Turista,27.8,Promo,,{},2019-04-11 22:03:59
4082,renfe,MADRID,VALENCIA,2019-05-18 10:40:00,2019-05-18 12:20:00,1.67,AVE,Turista,33.65,Promo,,{},2019-04-11 22:03:59
4083,renfe,MADRID,VALENCIA,2019-05-18 11:55:00,2019-05-18 13:35:00,1.67,AVE,Turista,27.8,Promo,,{},2019-04-11 22:03:59
4084,renfe,MADRID,VALENCIA,2019-05-18 11:10:00,2019-05-18 13:25:00,2.25,INTERCITY,Turista,29.9,Promo,,{},2019-04-11 22:03:59
4085,renfe,MADRID,VALENCIA,2019-05-18 08:40:00,2019-05-18 10:33:00,1.88,AVE,Turista,45.3,Promo,,{},2019-04-11 22:03:59
4086,renfe,MADRID,VALENCIA,2019-05-18 11:55:00,2019-05-18 13:35:00,1.67,AVE,Turista,27.8,Promo,,{},2019-04-11 22:03:59
4087,renfe,MADRID,VALENCIA,2019-05-18 19:40:00,2019-05-18 21:29:00,1.82,AVE,Preferente,36.15,Promo,,{},2019-04-11 22:03:59
4088,renfe,MADRID,VALENCIA,2019-05-18 14:10:00,2019-05-18 16:03:00,1.88,AVE,Turista,39.45,Promo,,{},2019-04-11 22:03:59
4089,renfe,MADRID,VALENCIA,2019-05-18 15:30:00,2019-05-18 22:31:00,7.02,AVE-MD,Turista con enlace,,Flexible,,{},2019-04-11 22:03:59
4090,renfe,MADRID,VALENCIA,2019-05-18 15:40:00,2019-05-18 17:22:00,1.7,AVE,Turista,33.65,Promo,,{},2019-04-11 22:03:59
4091,renfe,MADRID,VALENCIA,2019-05-18 16:30:00,2019-05-18 22:47:00,6.28,REGIONAL,Turista,28.35,Adulto ida,,{},2019-04-11 22:03:59
4092,renfe,MADRID,VALENCIA,2019-05-18 17:40:00,2019-05-18 19:20:00,1.67,AVE,Turista,27.8,Promo,,{},2019-04-11 22:03:59
4093,renfe,MADRID,VALENCIA,2019-05-18 19:40:00,2019-05-18 21:29:00,1.82,AVE,Preferente,36.15,Promo,,{},2019-04-11 22:03:59
4094,renfe,MADRID,VALENCIA,2019-05-18 21:10:00,2019-05-18 23:03:00,1.88,AVE,Turista,27.8,Promo,,{},2019-04-11 22:03:59
4095,renfe,MADRID,VALENCIA,2019-05-18 14:10:00,2019-05-18 16:03:00,1.88,AVE,Turista,39.45,Promo,,{},2019-04-11 22:03:59
4096,renfe,MADRID,VALENCIA,2019-05-18 16:30:00,2019-05-18 22:47:00,6.28,REGIONAL,Turista,28.35,Adulto ida,,{},2019-04-11 22:03:59
4097,renfe,MADRID,VALENCIA,2019-05-18 11:10:00,2019-05-18 13:25:00,2.25,INTERCITY,Turista,29.9,Promo,,{},2019-04-11 22:03:59
4098,renfe,MADRID,VALENCIA,2019-05-18 08:00:00,2019-05-18 14:10:00,6.17,REGIONAL,Turista,28.35,Adulto ida,,{},2019-04-11 22:03:59
4099,renfe,MADRID,VALENCIA,2019-05-18 15:30:00,2019-05-18 22:31:00,7.02,AVE-MD,Turista con enlace,,Flexible,,{},2019-04-11 22:03:59
4100,renfe,MADRID,VALENCIA,2019-05-18 09:40:00,2019-05-18 11:24:00,1.73,AVE,Preferente,36.15,Promo,,{},2019-04-11 22:03:59
4101,renfe,MADRID,VALENCIA,2019-04-19 16:45:00,2019-04-19 18:50:00,2.08,ALVIA,Turista,35.5,Promo,,{},2019-04-11 22:04:09
4102,renfe,MADRID,VALENCIA,2019-04-19 06:20:00,2019-04-19 12:55:00,6.58,REGIONAL,Turista,28.35,Adulto ida,,{},2019-04-11 22:04:09
4103,renfe,MADRID,VALENCIA,2019-04-19 15:30:00,2019-04-19 22:31:00,7.02,AVE-MD,Turista con enlace,53.25,Promo +,,{},2019-04-11 22:04:09
4104,renfe,MADRID,VALENCIA,2019-04-19 08:40:00,2019-04-19 10:33:00,1.88,AVE,Turista,45.3,Promo,,{},2019-04-11 22:04:09
4105,renfe,MADRID,VALENCIA,2019-04-19 21:10:00,2019-04-19 23:03:00,1.88,AVE,Turista,27.8,Promo,,{},2019-04-11 22:04:09
4106,renfe,MADRID,VALENCIA,2019-04-19 09:40:00,2019-04-19 11:24:00,1.73,AVE,Turista,57.75,Promo,,{},2019-04-11 22:04:09
4107,renfe,MADRID,VALENCIA,2019-04-19 19:40:00,2019-04-19 21:29:00,1.82,AVE,Turista,45.3,Promo,,{},2019-04-11 22:04:09
4108,renfe,MADRID,VALENCIA,2019-04-19 11:10:00,2019-04-19 13:25:00,2.25,INTERCITY,Turista,55.4,Flexible,,{},2019-04-11 22:04:09
4109,renfe,MADRID,VALENCIA,2019-04-19 14:10:00,2019-04-19 16:03:00,1.88,AVE,Turista,51.15,Promo,,{},2019-04-11 22:04:09
4110,renfe,MADRID,VALENCIA,2019-04-19 12:40:00,2019-04-19 14:20:00,1.67,AVE,Turista,45.3,Promo,,{},2019-04-11 22:04:09
4111,renfe,MADRID,VALENCIA,2019-04-19 16:30:00,2019-04-19 22:47:00,6.28,REGIONAL,Turista,28.35,Adulto ida,,{},2019-04-11 22:04:09
4112,renfe,MADRID,VALENCIA,2019-04-19 12:42:00,2019-04-19 19:04:00,6.37,REGIONAL,Turista,28.35,Adulto ida,,{},2019-04-11 22:04:09
4113,renfe,MADRID,VALENCIA,2019-04-19 09:40:00,2019-04-19 11:24:00,1.73,AVE,Turista,57.75,Promo,,{},2019-04-11 22:04:09
4114,renfe,MADRID,VALENCIA,2019-04-19 14:10:00,2019-04-19 16:03:00,1.88,AVE,Turista,51.15,Promo,,{},2019-04-11 22:04:09
4115,renfe,MADRID,VALENCIA,2019-04-19 12:40:00,2019-04-19 14:20:00,1.67,AVE,Turista,45.3,Promo,,{},2019-04-11 22:04:09
4116,renfe,MADRID,VALENCIA,2019-04-19 15:30:00,2019-04-19 22:31:00,7.02,AVE-MD,Turista con enlace,53.25,Promo +,,{},2019-04-11 22:04:09
4117,renfe,MADRID,VALENCIA,2019-04-19 15:40:00,2019-04-19 17:22:00,1.7,AVE,Turista,51.15,Promo,,{},2019-04-11 22:04:09
4118,renfe,MADRID,VALENCIA,2019-04-19 16:30:00,2019-04-19 22:47:00,6.28,REGIONAL,Turista,28.35,Adulto ida,,{},2019-04-11 22:04:09
4119,renfe,MADRID,VALENCIA,2019-04-19 16:45:00,2019-04-19 18:50:00,2.08,ALVIA,Turista,35.5,Promo,,{},2019-04-11 22:04:09
4120,renfe,MADRID,VALENCIA,2019-04-19 17:40:00,2019-04-19 19:20:00,1.67,AVE,Turista,57.75,Promo,,{},2019-04-11 22:04:09
4121,renfe,MADRID,VALENCIA,2019-04-19 19:40:00,2019-04-19 21:29:00,1.82,AVE,Turista,45.3,Promo,,{},2019-04-11 22:04:09
4122,renfe,MADRID,VALENCIA,2019-04-19 20:40:00,2019-04-19 22:24:00,1.73,AVE,Turista,33.65,Promo,,{},2019-04-11 22:04:09
4123,renfe,MADRID,VALENCIA,2019-04-19 21:10:00,2019-04-19 23:03:00,1.88,AVE,Turista,27.8,Promo,,{},2019-04-11 22:04:09
4124,renfe,MADRID,VALENCIA,2019-04-19 08:40:00,2019-04-19 10:33:00,1.88,AVE,Turista,45.3,Promo,,{},2019-04-11 22:04:09
4125,renfe,MADRID,VALENCIA,2019-04-19 17:40:00,2019-04-19 19:20:00,1.67,AVE,Turista,57.75,Promo,,{},2019-04-11 22:04:09
4126,renfe,MADRID,VALENCIA,2019-04-19 06:20:00,2019-04-19 12:55:00,6.58,REGIONAL,Turista,28.35,Adulto ida,,{},2019-04-11 22:04:09
4127,renfe,MADRID,VALENCIA,2019-04-19 20:40:00,2019-04-19 22:24:00,1.73,AVE,Turista,33.65,Promo,,{},2019-04-11 22:04:09
4128,renfe,MADRID,VALENCIA,2019-04-19 12:42:00,2019-04-19 19:04:00,6.37,REGIONAL,Turista,28.35,Adulto ida,,{},2019-04-11 22:04:09
4129,renfe,MADRID,VALENCIA,2019-04-19 11:10:00,2019-04-19 13:25:00,2.25,INTERCITY,Turista,55.4,Flexible,,{},2019-04-11 22:04:09
4130,renfe,MADRID,VALENCIA,2019-04-19 15:40:00,2019-04-19 17:22:00,1.7,AVE,Turista,51.15,Promo,,{},2019-04-11 22:04:09
4131,renfe,MADRID,VALENCIA,2019-04-20 14:10:00,2019-04-20 16:03:00,1.88,AVE,Turista,33.65,Promo,,{},2019-04-11 22:04:15
4132,renfe,MADRID,VALENCIA,2019-04-20 08:00:00,2019-04-20 14:10:00,6.17,REGIONAL,Turista,28.35,Adulto ida,,{},2019-04-11 22:04:15
4133,renfe,MADRID,VALENCIA,2019-04-20 08:40:00,2019-04-20 10:33:00,1.88,AVE,Turista,39.45,Promo,,{},2019-04-11 22:04:15
4134,renfe,MADRID,VALENCIA,2019-04-20 08:40:00,2019-04-20 10:33:00,1.88,AVE,Turista,39.45,Promo,,{},2019-04-11 22:04:15
4135,renfe,MADRID,VALENCIA,2019-04-20 21:10:00,2019-04-20 23:03:00,1.88,AVE,Turista,27.8,Promo,,{},2019-04-11 22:04:15
4136,renfe,MADRID,VALENCIA,2019-04-20 09:40:00,2019-04-20 11:24:00,1.73,AVE,Preferente,36.15,Promo,,{},2019-04-11 22:04:15
4137,renfe,MADRID,VALENCIA,2019-04-20 11:10:00,2019-04-20 13:25:00,2.25,INTERCITY,Turista,29.9,Promo,,{},2019-04-11 22:04:15
4138,renfe,MADRID,VALENCIA,2019-04-20 10:40:00,2019-04-20 12:20:00,1.67,AVE,Turista,33.65,Promo,,{},2019-04-11 22:04:15
4139,renfe,MADRID,VALENCIA,2019-04-20 09:40:00,2019-04-20 11:24:00,1.73,AVE,Preferente,36.15,Promo,,{},2019-04-11 22:04:15
4140,renfe,MADRID,VALENCIA,2019-04-20 11:10:00,2019-04-20 13:25:00,2.25,INTERCITY,Turista,29.9,Promo,,{},2019-04-11 22:04:15
4141,renfe,MADRID,VALENCIA,2019-04-20 19:40:00,2019-04-20 21:29:00,1.82,AVE,Turista,39.45,Promo,,{},2019-04-11 22:04:15
4142,renfe,MADRID,VALENCIA,2019-04-20 11:55:00,2019-04-20 13:35:00,1.67,AVE,Turista,39.45,Promo,,{},2019-04-11 22:04:15
4143,renfe,MADRID,VALENCIA,2019-04-20 16:30:00,2019-04-20 22:47:00,6.28,REGIONAL,Turista,28.35,Adulto ida,,{},2019-04-11 22:04:15
4144,renfe,MADRID,VALENCIA,2019-04-20 14:10:00,2019-04-20 16:03:00,1.88,AVE,Turista,33.65,Promo,,{},2019-04-11 22:04:15
4145,renfe,MADRID,VALENCIA,2019-04-20 15:40:00,2019-04-20 17:22:00,1.7,AVE,Turista,33.65,Promo,,{},2019-04-11 22:04:15
4146,renfe,MADRID,VALENCIA,2019-04-20 15:30:00,2019-04-20 22:31:00,7.02,AVE-MD,Turista,,Promo,,{},2019-04-11 22:04:15
4147,renfe,MADRID,VALENCIA,2019-04-20 15:30:00,2019-04-20 22:31:00,7.02,AVE-MD,Turista,,Promo,,{},2019-04-11 22:04:15
4148,renfe,MADRID,VALENCIA,2019-04-20 15:40:00,2019-04-20 17:22:00,1.7,AVE,Turista,33.65,Promo,,{},2019-04-11 22:04:15
4149,renfe,MADRID,VALENCIA,2019-04-20 08:00:00,2019-04-20 14:10:00,6.17,REGIONAL,Turista,28.35,Adulto ida,,{},2019-04-11 22:04:15
4150,renfe,MADRID,VALENCIA,2019-04-20 16:30:00,2019-04-20 22:47:00,6.28,REGIONAL,Turista,28.35,Adulto ida,,{},2019-04-11 22:04:15
4151,renfe,MADRID,VALENCIA,2019-04-20 17:40:00,2019-04-20 19:20:00,1.67,AVE,Turista,39.45,Promo,,{},2019-04-11 22:04:15
4152,renfe,MADRID,VALENCIA,2019-04-20 19:40:00,2019-04-20 21:29:00,1.82,AVE,Turista,39.45,Promo,,{},2019-04-11 22:04:15
4153,renfe,MADRID,VALENCIA,2019-04-20 21:10:00,2019-04-20 23:03:00,1.88,AVE,Turista,27.8,Promo,,{},2019-04-11 22:04:15
4154,renfe,MADRID,VALENCIA,2019-04-20 17:40:00,2019-04-20 19:20:00,1.67,AVE,Turista,39.45,Promo,,{},2019-04-11 22:04:15
4155,renfe,MADRID,VALENCIA,2019-04-20 10:40:00,2019-04-20 12:20:00,1.67,AVE,Turista,33.65,Promo,,{},2019-04-11 22:04:15
4156,renfe,MADRID,VALENCIA,2019-04-20 11:55:00,2019-04-20 13:35:00,1.67,AVE,Turista,39.45,Promo,,{},2019-04-11 22:04:15
4157,renfe,MADRID,VALENCIA,2019-05-20 16:05:00,2019-05-20 22:47:00,6.7,REGIONAL,Turista,28.35,Adulto ida,,{},2019-04-11 22:04:25
4158,renfe,MADRID,VALENCIA,2019-05-20 06:08:00,2019-05-20 12:55:00,6.78,REGIONAL,Turista,28.35,Adulto ida,,{},2019-04-11 22:04:25
4159,renfe,MADRID,VALENCIA,2019-05-20 10:40:00,2019-05-20 12:20:00,1.67,AVE,Turista,21.95,Promo,,{},2019-04-11 22:04:25
4160,renfe,MADRID,VALENCIA,2019-05-20 06:45:00,2019-05-20 08:38:00,1.88,AVE,Turista,21.95,Promo,,{},2019-04-11 22:04:25
4161,renfe,MADRID,VALENCIA,2019-05-20 21:10:00,2019-05-20 23:03:00,1.88,AVE,Turista,21.95,Promo,,{},2019-04-11 22:04:25
4162,renfe,MADRID,VALENCIA,2019-05-20 07:40:00,2019-05-20 09:20:00,1.67,AVE,Turista,57.75,Promo,,{},2019-04-11 22:04:25
4163,renfe,MADRID,VALENCIA,2019-05-20 16:55:00,2019-05-20 21:58:00,5.05,AVE-LD,Turista con enlace,39.25,Promo,,{},2019-04-11 22:04:25
4164,renfe,MADRID,VALENCIA,2019-05-20 09:10:00,2019-05-20 10:58:00,1.8,AVE,Turista,39.45,Promo,,{},2019-04-11 22:04:25
4165,renfe,MADRID,VALENCIA,2019-05-20 11:55:00,2019-05-20 13:35:00,1.67,AVE,Turista,21.95,Promo,,{},2019-04-11 22:04:25
4166,renfe,MADRID,VALENCIA,2019-05-20 09:40:00,2019-05-20 11:24:00,1.73,AVE,Turista,39.45,Promo,,{},2019-04-11 22:04:25
4167,renfe,MADRID,VALENCIA,2019-05-20 11:10:00,2019-05-20 13:25:00,2.25,INTERCITY,Turista,29.9,Promo,,{},2019-04-11 22:04:25
4168,renfe,MADRID,VALENCIA,2019-05-20 10:40:00,2019-05-20 12:20:00,1.67,AVE,Turista,21.95,Promo,,{},2019-04-11 22:04:25
4169,renfe,MADRID,VALENCIA,2019-05-20 12:21:00,2019-05-20 19:04:00,6.72,REGIONAL,Turista,28.35,Adulto ida,,{},2019-04-11 22:04:25
4170,renfe,MADRID,VALENCIA,2019-05-20 11:10:00,2019-05-20 13:25:00,2.25,INTERCITY,Turista,29.9,Promo,,{},2019-04-11 22:04:25
4171,renfe,MADRID,VALENCIA,2019-05-20 14:10:00,2019-05-20 16:03:00,1.88,AVE,Turista,33.65,Promo,,{},2019-04-11 22:04:25
4172,renfe,MADRID,VALENCIA,2019-05-20 11:55:00,2019-05-20 13:35:00,1.67,AVE,Turista,21.95,Promo,,{},2019-04-11 22:04:25
4173,renfe,MADRID,VALENCIA,2019-05-20 06:45:00,2019-05-20 08:38:00,1.88,AVE,Turista,21.95,Promo,,{},2019-04-11 22:04:25
4174,renfe,MADRID,VALENCIA,2019-05-20 12:21:00,2019-05-20 19:04:00,6.72,REGIONAL,Turista,28.35,Adulto ida,,{},2019-04-11 22:04:25
4175,renfe,MADRID,VALENCIA,2019-05-20 19:40:00,2019-05-20 21:29:00,1.82,AVE,Turista,39.45,Promo,,{},2019-04-11 22:04:25
4176,renfe,MADRID,VALENCIA,2019-05-20 12:40:00,2019-05-20 14:20:00,1.67,AVE,Turista,27.8,Promo,,{},2019-04-11 22:04:25
4177,renfe,MADRID,VALENCIA,2019-05-20 07:40:00,2019-05-20 09:20:00,1.67,AVE,Turista,57.75,Promo,,{},2019-04-11 22:04:25
4178,renfe,MADRID,VALENCIA,2019-05-20 14:10:00,2019-05-20 16:03:00,1.88,AVE,Turista,33.65,Promo,,{},2019-04-11 22:04:25
4179,renfe,MADRID,VALENCIA,2019-05-20 09:40:00,2019-05-20 11:24:00,1.73,AVE,Turista,39.45,Promo,,{},2019-04-11 22:04:25
4180,renfe,MADRID,VALENCIA,2019-05-20 15:10:00,2019-05-20 16:52:00,1.7,AVE,Turista,21.95,Promo,,{},2019-04-11 22:04:25
4181,renfe,MADRID,VALENCIA,2019-05-20 17:48:00,2019-05-20 21:58:00,4.17,INTERCITY,Turista,17.15,Promo,,{},2019-04-11 22:04:25
4182,renfe,MADRID,VALENCIA,2019-05-20 15:30:00,2019-05-20 22:31:00,7.02,AVE-MD,Turista con enlace,,Flexible,,{},2019-04-11 22:04:25
4183,renfe,MADRID,VALENCIA,2019-05-20 15:30:00,2019-05-20 22:31:00,7.02,AVE-MD,Turista con enlace,,Flexible,,{},2019-04-11 22:04:25
4184,renfe,MADRID,VALENCIA,2019-05-20 15:40:00,2019-05-20 17:22:00,1.7,AVE,Turista,21.95,Promo,,{},2019-04-11 22:04:25
4185,renfe,MADRID,VALENCIA,2019-05-20 20:40:00,2019-05-20 22:24:00,1.73,AVE,Turista,21.95,Promo,,{},2019-04-11 22:04:25
4186,renfe,MADRID,VALENCIA,2019-05-20 16:05:00,2019-05-20 22:47:00,6.7,REGIONAL,Turista,28.35,Adulto ida,,{},2019-04-11 22:04:25
4187,renfe,MADRID,VALENCIA,2019-05-20 18:40:00,2019-05-20 20:20:00,1.67,AVE,Turista,27.8,Promo,,{},2019-04-11 22:04:25
4188,renfe,MADRID,VALENCIA,2019-05-20 16:45:00,2019-05-20 18:50:00,2.08,ALVIA,Turista,35.5,Promo,,{},2019-04-11 22:04:25
4189,renfe,MADRID,VALENCIA,2019-05-20 12:40:00,2019-05-20 14:20:00,1.67,AVE,Turista,27.8,Promo,,{},2019-04-11 22:04:25
4190,renfe,MADRID,VALENCIA,2019-05-20 16:55:00,2019-05-20 21:58:00,5.05,AVE-LD,Turista con enlace,39.25,Promo,,{},2019-04-11 22:04:25
4191,renfe,MADRID,VALENCIA,2019-05-20 17:40:00,2019-05-20 19:20:00,1.67,AVE,Turista,21.95,Promo,,{},2019-04-11 22:04:25
4192,renfe,MADRID,VALENCIA,2019-05-20 17:48:00,2019-05-20 21:58:00,4.17,INTERCITY,Turista,17.15,Promo,,{},2019-04-11 22:04:25
4193,renfe,MADRID,VALENCIA,2019-05-20 18:40:00,2019-05-20 20:20:00,1.67,AVE,Turista,27.8,Promo,,{},2019-04-11 22:04:25
4194,renfe,MADRID,VALENCIA,2019-05-20 19:40:00,2019-05-20 21:29:00,1.82,AVE,Turista,39.45,Promo,,{},2019-04-11 22:04:25
4195,renfe,MADRID,VALENCIA,2019-05-20 20:40:00,2019-05-20 22:24:00,1.73,AVE,Turista,21.95,Promo,,{},2019-04-11 22:04:25
4196,renfe,MADRID,VALENCIA,2019-05-20 21:10:00,2019-05-20 23:03:00,1.88,AVE,Turista,21.95,Promo,,{},2019-04-11 22:04:25
4197,renfe,MADRID,VALENCIA,2019-05-20 17:40:00,2019-05-20 19:20:00,1.67,AVE,Turista,21.95,Promo,,{},2019-04-11 22:04:25
4198,renfe,MADRID,VALENCIA,2019-05-20 06:08:00,2019-05-20 12:55:00,6.78,REGIONAL,Turista,28.35,Adulto ida,,{},2019-04-11 22:04:25
4199,renfe,MADRID,VALENCIA,2019-05-20 16:45:00,2019-05-20 18:50:00,2.08,ALVIA,Turista,35.5,Promo,,{},2019-04-11 22:04:25
4200,renfe,MADRID,VALENCIA,2019-05-20 15:10:00,2019-05-20 16:52:00,1.7,AVE,Turista,21.95,Promo,,{},2019-04-11 22:04:25
4201,renfe,MADRID,VALENCIA,2019-05-20 15:40:00,2019-05-20 17:22:00,1.7,AVE,Turista,21.95,Promo,,{},2019-04-11 22:04:25
4202,renfe,MADRID,VALENCIA,2019-05-20 09:10:00,2019-05-20 10:58:00,1.8,AVE,Turista,39.45,Promo,,{},2019-04-11 22:04:25
4203,renfe,MADRID,VALENCIA,2019-04-21 10:40:00,2019-04-21 12:20:00,1.67,AVE,Turista,27.8,Promo,,{},2019-04-11 22:04:31
4204,renfe,MADRID,VALENCIA,2019-04-21 06:20:00,2019-04-21 12:55:00,6.58,REGIONAL,Turista,28.35,Adulto ida,,{},2019-04-11 22:04:31
4205,renfe,MADRID,VALENCIA,2019-04-21 11:10:00,2019-04-21 13:25:00,2.25,INTERCITY,Turista,29.9,Promo,,{},2019-04-11 22:04:31
4206,renfe,MADRID,VALENCIA,2019-04-21 08:40:00,2019-04-21 10:33:00,1.88,AVE,Turista,27.8,Promo,,{},2019-04-11 22:04:31
4207,renfe,MADRID,VALENCIA,2019-04-21 11:55:00,2019-04-21 13:35:00,1.67,AVE,Turista,45.3,Promo,,{},2019-04-11 22:04:31
4208,renfe,MADRID,VALENCIA,2019-04-21 09:40:00,2019-04-21 11:24:00,1.73,AVE,Turista,39.45,Promo,,{},2019-04-11 22:04:31
4209,renfe,MADRID,VALENCIA,2019-04-21 15:40:00,2019-04-21 17:22:00,1.7,AVE,Turista,39.45,Promo,,{},2019-04-11 22:04:31
4210,renfe,MADRID,VALENCIA,2019-04-21 10:40:00,2019-04-21 12:20:00,1.67,AVE,Turista,27.8,Promo,,{},2019-04-11 22:04:31
4211,renfe,MADRID,VALENCIA,2019-04-21 09:40:00,2019-04-21 11:24:00,1.73,AVE,Turista,39.45,Promo,,{},2019-04-11 22:04:31
4212,renfe,MADRID,VALENCIA,2019-04-21 11:10:00,2019-04-21 13:25:00,2.25,INTERCITY,Turista,29.9,Promo,,{},2019-04-11 22:04:31
4213,renfe,MADRID,VALENCIA,2019-04-21 16:30:00,2019-04-21 22:47:00,6.28,REGIONAL,Turista,28.35,Adulto ida,,{},2019-04-11 22:04:31
4214,renfe,MADRID,VALENCIA,2019-04-21 11:55:00,2019-04-21 13:35:00,1.67,AVE,Turista,45.3,Promo,,{},2019-04-11 22:04:31
4215,renfe,MADRID,VALENCIA,2019-04-21 17:10:00,2019-04-21 18:54:00,1.73,AVE,Turista,45.3,Promo,,{},2019-04-11 22:04:31
4216,renfe,MADRID,VALENCIA,2019-04-21 12:42:00,2019-04-21 19:04:00,6.37,REGIONAL,Turista,28.35,Adulto ida,,{},2019-04-11 22:04:31
4217,renfe,MADRID,VALENCIA,2019-04-21 19:40:00,2019-04-21 21:29:00,1.82,AVE,Turista,51.15,Promo,,{},2019-04-11 22:04:31
4218,renfe,MADRID,VALENCIA,2019-04-21 14:10:00,2019-04-21 16:03:00,1.88,AVE,Turista,39.45,Promo,,{},2019-04-11 22:04:31
4219,renfe,MADRID,VALENCIA,2019-04-21 08:40:00,2019-04-21 10:33:00,1.88,AVE,Turista,27.8,Promo,,{},2019-04-11 22:04:31
4220,renfe,MADRID,VALENCIA,2019-04-21 15:30:00,2019-04-21 22:31:00,7.02,AVE-MD,Turista con enlace,,Flexible,,{},2019-04-11 22:04:31
4221,renfe,MADRID,VALENCIA,2019-04-21 18:40:00,2019-04-21 20:20:00,1.67,AVE,Turista,57.75,Promo,,{},2019-04-11 22:04:31
4222,renfe,MADRID,VALENCIA,2019-04-21 15:40:00,2019-04-21 17:22:00,1.7,AVE,Turista,39.45,Promo,,{},2019-04-11 22:04:31
4223,renfe,MADRID,VALENCIA,2019-04-21 20:40:00,2019-04-21 22:24:00,1.73,AVE,Turista,51.15,Promo,,{},2019-04-11 22:04:31
4224,renfe,MADRID,VALENCIA,2019-04-21 16:30:00,2019-04-21 22:47:00,6.28,REGIONAL,Turista,28.35,Adulto ida,,{},2019-04-11 22:04:31
4225,renfe,MADRID,VALENCIA,2019-04-21 21:10:00,2019-04-21 23:03:00,1.88,AVE,Turista,39.45,Promo,,{},2019-04-11 22:04:31
4226,renfe,MADRID,VALENCIA,2019-04-21 16:45:00,2019-04-21 18:50:00,2.08,ALVIA,Turista,35.5,Promo,,{},2019-04-11 22:04:31
4227,renfe,MADRID,VALENCIA,2019-04-21 15:30:00,2019-04-21 22:31:00,7.02,AVE-MD,Turista con enlace,,Flexible,,{},2019-04-11 22:04:31
4228,renfe,MADRID,VALENCIA,2019-04-21 17:10:00,2019-04-21 18:54:00,1.73,AVE,Turista,45.3,Promo,,{},2019-04-11 22:04:31
4229,renfe,MADRID,VALENCIA,2019-04-21 18:40:00,2019-04-21 20:20:00,1.67,AVE,Turista,57.75,Promo,,{},2019-04-11 22:04:31
4230,renfe,MADRID,VALENCIA,2019-04-21 19:40:00,2019-04-21 21:29:00,1.82,AVE,Turista,51.15,Promo,,{},2019-04-11 22:04:31
4231,renfe,MADRID,VALENCIA,2019-04-21 20:40:00,2019-04-21 22:24:00,1.73,AVE,Turista,51.15,Promo,,{},2019-04-11 22:04:31
4232,renfe,MADRID,VALENCIA,2019-04-21 21:10:00,2019-04-21 23:03:00,1.88,AVE,Turista,39.45,Promo,,{},2019-04-11 22:04:31
4233,renfe,MADRID,VALENCIA,2019-04-21 16:45:00,2019-04-21 18:50:00,2.08,ALVIA,Turista,35.5,Promo,,{},2019-04-11 22:04:31
4234,renfe,MADRID,VALENCIA,2019-04-21 14:10:00,2019-04-21 16:03:00,1.88,AVE,Turista,39.45,Promo,,{},2019-04-11 22:04:31
4235,renfe,MADRID,VALENCIA,2019-04-21 12:42:00,2019-04-21 19:04:00,6.37,REGIONAL,Turista,28.35,Adulto ida,,{},2019-04-11 22:04:31
4236,renfe,MADRID,VALENCIA,2019-04-21 06:20:00,2019-04-21 12:55:00,6.58,REGIONAL,Turista,28.35,Adulto ida,,{},2019-04-11 22:04:31
4237,renfe,MADRID,VALENCIA,2019-04-22 12:40:00,2019-04-22 14:20:00,1.67,AVE,Turista,57.75,Promo,,{},2019-04-11 22:04:41
4238,renfe,MADRID,VALENCIA,2019-04-22 06:08:00,2019-04-22 12:55:00,6.78,REGIONAL,Turista,28.35,Adulto ida,,{},2019-04-11 22:04:41
4239,renfe,MADRID,VALENCIA,2019-04-22 09:40:00,2019-04-22 11:24:00,1.73,AVE,Turista,45.3,Promo,,{},2019-04-11 22:04:41
4240,renfe,MADRID,VALENCIA,2019-04-22 08:40:00,2019-04-22 10:33:00,1.88,AVE,Turista,33.65,Promo,,{},2019-04-11 22:04:41
4241,renfe,MADRID,VALENCIA,2019-04-22 11:55:00,2019-04-22 13:35:00,1.67,AVE,Turista,57.75,Promo,,{},2019-04-11 22:04:41
4242,renfe,MADRID,VALENCIA,2019-04-22 09:40:00,2019-04-22 11:24:00,1.73,AVE,Turista,45.3,Promo,,{},2019-04-11 22:04:41
4243,renfe,MADRID,VALENCIA,2019-04-22 19:40:00,2019-04-22 21:29:00,1.82,AVE,Turista,73.1,Flexible,,{},2019-04-11 22:04:41
4244,renfe,MADRID,VALENCIA,2019-04-22 10:40:00,2019-04-22 12:20:00,1.67,AVE,Turista,51.15,Promo,,{},2019-04-11 22:04:41
4245,renfe,MADRID,VALENCIA,2019-04-22 15:10:00,2019-04-22 16:52:00,1.7,AVE,Turista,57.75,Promo,,{},2019-04-11 22:04:41
4246,renfe,MADRID,VALENCIA,2019-04-22 11:10:00,2019-04-22 13:25:00,2.25,INTERCITY,Turista,55.4,Flexible,,{},2019-04-11 22:04:41
4247,renfe,MADRID,VALENCIA,2019-04-22 16:05:00,2019-04-22 22:47:00,6.7,REGIONAL,Turista,28.35,Adulto ida,,{},2019-04-11 22:04:41
4248,renfe,MADRID,VALENCIA,2019-04-22 11:55:00,2019-04-22 13:35:00,1.67,AVE,Turista,57.75,Promo,,{},2019-04-11 22:04:41
4249,renfe,MADRID,VALENCIA,2019-04-22 17:48:00,2019-04-22 21:58:00,4.17,INTERCITY,Turista Plus,36.05,Promo,,{},2019-04-11 22:04:41
4250,renfe,MADRID,VALENCIA,2019-04-22 12:21:00,2019-04-22 19:04:00,6.72,REGIONAL,Turista,28.35,Adulto ida,,{},2019-04-11 22:04:41
4251,renfe,MADRID,VALENCIA,2019-04-22 18:40:00,2019-04-22 20:20:00,1.67,AVE,Turista,57.75,Promo,,{},2019-04-11 22:04:41
4252,renfe,MADRID,VALENCIA,2019-04-22 12:40:00,2019-04-22 14:20:00,1.67,AVE,Turista,57.75,Promo,,{},2019-04-11 22:04:41
4253,renfe,MADRID,VALENCIA,2019-04-22 06:08:00,2019-04-22 12:55:00,6.78,REGIONAL,Turista,28.35,Adulto ida,,{},2019-04-11 22:04:41
4254,renfe,MADRID,VALENCIA,2019-04-22 14:10:00,2019-04-22 16:03:00,1.88,AVE,Preferente,66.55,Promo,,{},2019-04-11 22:04:41
4255,renfe,MADRID,VALENCIA,2019-04-22 15:30:00,2019-04-22 22:31:00,7.02,AVE-MD,Turista,,Promo,,{},2019-04-11 22:04:41
4256,renfe,MADRID,VALENCIA,2019-04-22 15:10:00,2019-04-22 16:52:00,1.7,AVE,Turista,57.75,Promo,,{},2019-04-11 22:04:41
4257,renfe,MADRID,VALENCIA,2019-04-22 08:40:00,2019-04-22 10:33:00,1.88,AVE,Turista,33.65,Promo,,{},2019-04-11 22:04:41
4258,renfe,MADRID,VALENCIA,2019-04-22 15:30:00,2019-04-22 22:31:00,7.02,AVE-MD,Turista,,Promo,,{},2019-04-11 22:04:41
4259,renfe,MADRID,VALENCIA,2019-04-22 11:10:00,2019-04-22 13:25:00,2.25,INTERCITY,Turista,55.4,Flexible,,{},2019-04-11 22:04:41
4260,renfe,MADRID,VALENCIA,2019-04-22 15:40:00,2019-04-22 17:22:00,1.7,AVE,Turista,57.75,Promo,,{},2019-04-11 22:04:41
4261,renfe,MADRID,VALENCIA,2019-04-22 16:55:00,2019-04-22 21:58:00,5.05,AVE-LD,Preferente,,Promo,,{},2019-04-11 22:04:41
4262,renfe,MADRID,VALENCIA,2019-04-22 16:05:00,2019-04-22 22:47:00,6.7,REGIONAL,Turista,28.35,Adulto ida,,{},2019-04-11 22:04:41
4263,renfe,MADRID,VALENCIA,2019-04-22 21:10:00,2019-04-22 23:03:00,1.88,AVE,Turista,57.75,Promo,,{},2019-04-11 22:04:41
4264,renfe,MADRID,VALENCIA,2019-04-22 16:45:00,2019-04-22 18:50:00,2.08,ALVIA,Preferente,92.3,Flexible,,{},2019-04-11 22:04:41
4265,renfe,MADRID,VALENCIA,2019-04-22 12:21:00,2019-04-22 19:04:00,6.72,REGIONAL,Turista,28.35,Adulto ida,,{},2019-04-11 22:04:41
4266,renfe,MADRID,VALENCIA,2019-04-22 16:55:00,2019-04-22 21:58:00,5.05,AVE-LD,Preferente,,Promo,,{},2019-04-11 22:04:41
4267,renfe,MADRID,VALENCIA,2019-04-22 15:40:00,2019-04-22 17:22:00,1.7,AVE,Turista,57.75,Promo,,{},2019-04-11 22:04:41
4268,renfe,MADRID,VALENCIA,2019-04-22 17:40:00,2019-04-22 19:20:00,1.67,AVE,Preferente,66.55,Promo,,{},2019-04-11 22:04:41
4269,renfe,MADRID,VALENCIA,2019-04-22 16:45:00,2019-04-22 18:50:00,2.08,ALVIA,Preferente,92.3,Flexible,,{},2019-04-11 22:04:41
4270,renfe,MADRID,VALENCIA,2019-04-22 17:48:00,2019-04-22 21:58:00,4.17,INTERCITY,Turista Plus,36.05,Promo,,{},2019-04-11 22:04:41
4271,renfe,MADRID,VALENCIA,2019-04-22 18:40:00,2019-04-22 20:20:00,1.67,AVE,Turista,57.75,Promo,,{},2019-04-11 22:04:41
4272,renfe,MADRID,VALENCIA,2019-04-22 19:40:00,2019-04-22 21:29:00,1.82,AVE,Turista,73.1,Flexible,,{},2019-04-11 22:04:41
4273,renfe,MADRID,VALENCIA,2019-04-22 20:40:00,2019-04-22 22:24:00,1.73,AVE,Preferente,66.55,Promo,,{},2019-04-11 22:04:41
4274,renfe,MADRID,VALENCIA,2019-04-22 21:10:00,2019-04-22 23:03:00,1.88,AVE,Turista,57.75,Promo,,{},2019-04-11 22:04:41
4275,renfe,MADRID,VALENCIA,2019-04-22 10:40:00,2019-04-22 12:20:00,1.67,AVE,Turista,51.15,Promo,,{},2019-04-11 22:04:41
4276,renfe,MADRID,VALENCIA,2019-04-22 17:40:00,2019-04-22 19:20:00,1.67,AVE,Preferente,66.55,Promo,,{},2019-04-11 22:04:41
4277,renfe,MADRID,VALENCIA,2019-04-22 14:10:00,2019-04-22 16:03:00,1.88,AVE,Preferente,66.55,Promo,,{},2019-04-11 22:04:41
4278,renfe,MADRID,VALENCIA,2019-04-22 20:40:00,2019-04-22 22:24:00,1.73,AVE,Preferente,66.55,Promo,,{},2019-04-11 22:04:41
4279,renfe,MADRID,VALENCIA,2019-04-23 15:40:00,2019-04-23 17:22:00,1.7,AVE,Turista,,Adulto ida,,{},2019-04-11 22:04:47
4280,renfe,MADRID,VALENCIA,2019-04-23 06:08:00,2019-04-23 12:55:00,6.78,REGIONAL,Turista,28.35,Adulto ida,,{},2019-04-11 22:04:47
4281,renfe,MADRID,VALENCIA,2019-04-23 14:10:00,2019-04-23 16:03:00,1.88,AVE,Turista,33.65,Promo,,{},2019-04-11 22:04:47
4282,renfe,MADRID,VALENCIA,2019-04-23 06:45:00,2019-04-23 08:38:00,1.88,AVE,Turista,33.65,Promo,,{},2019-04-11 22:04:47
4283,renfe,MADRID,VALENCIA,2019-04-23 17:40:00,2019-04-23 19:20:00,1.67,AVE,Turista,,Promo,,{},2019-04-11 22:04:47
4284,renfe,MADRID,VALENCIA,2019-04-23 07:40:00,2019-04-23 09:20:00,1.67,AVE,Turista,57.75,Promo,,{},2019-04-11 22:04:47
4285,renfe,MADRID,VALENCIA,2019-04-23 12:40:00,2019-04-23 14:20:00,1.67,AVE,Turista,,Promo,,{},2019-04-11 22:04:47
4286,renfe,MADRID,VALENCIA,2019-04-23 09:10:00,2019-04-23 10:58:00,1.8,AVE,Turista,,Promo,,{},2019-04-11 22:04:47
4287,renfe,MADRID,VALENCIA,2019-04-23 06:45:00,2019-04-23 08:38:00,1.88,AVE,Turista,33.65,Promo,,{},2019-04-11 22:04:47
4288,renfe,MADRID,VALENCIA,2019-04-23 09:40:00,2019-04-23 11:24:00,1.73,AVE,Turista,,Promo,,{},2019-04-11 22:04:47
4289,renfe,MADRID,VALENCIA,2019-04-23 18:40:00,2019-04-23 20:20:00,1.67,AVE,Turista,,Promo,,{},2019-04-11 22:04:47
4290,renfe,MADRID,VALENCIA,2019-04-23 10:40:00,2019-04-23 12:20:00,1.67,AVE,Turista,33.65,Promo,,{},2019-04-11 22:04:47
4291,renfe,MADRID,VALENCIA,2019-04-23 11:55:00,2019-04-23 13:35:00,1.67,AVE,Turista,,Promo,,{},2019-04-11 22:04:47
4292,renfe,MADRID,VALENCIA,2019-04-23 11:10:00,2019-04-23 13:25:00,2.25,INTERCITY,Turista,29.9,Promo,,{},2019-04-11 22:04:47
4293,renfe,MADRID,VALENCIA,2019-04-23 09:10:00,2019-04-23 10:58:00,1.8,AVE,Turista,,Promo,,{},2019-04-11 22:04:47
4294,renfe,MADRID,VALENCIA,2019-04-23 11:55:00,2019-04-23 13:35:00,1.67,AVE,Turista,,Promo,,{},2019-04-11 22:04:47
4295,renfe,MADRID,VALENCIA,2019-04-23 10:40:00,2019-04-23 12:20:00,1.67,AVE,Turista,33.65,Promo,,{},2019-04-11 22:04:47
4296,renfe,MADRID,VALENCIA,2019-04-23 12:21:00,2019-04-23 19:04:00,6.72,REGIONAL,Turista,,Promo,,{},2019-04-11 22:04:47
4297,renfe,MADRID,VALENCIA,2019-04-23 15:30:00,2019-04-23 22:31:00,7.02,AVE-MD,Turista,,Adulto ida,,{},2019-04-11 22:04:47
4298,renfe,MADRID,VALENCIA,2019-04-23 12:40:00,2019-04-23 14:20:00,1.67,AVE,Turista,,Promo,,{},2019-04-11 22:04:47
4299,renfe,MADRID,VALENCIA,2019-04-23 16:05:00,2019-04-23 22:47:00,6.7,REGIONAL,Turista,28.35,Adulto ida,,{},2019-04-11 22:04:47
4300,renfe,MADRID,VALENCIA,2019-04-23 14:10:00,2019-04-23 16:03:00,1.88,AVE,Turista,33.65,Promo,,{},2019-04-11 22:04:47
4301,renfe,MADRID,VALENCIA,2019-04-23 19:40:00,2019-04-23 21:29:00,1.82,AVE,Turista,51.15,Promo,,{},2019-04-11 22:04:47
4302,renfe,MADRID,VALENCIA,2019-04-23 15:10:00,2019-04-23 16:52:00,1.7,AVE,Turista,,Adulto ida,,{},2019-04-11 22:04:47
4303,renfe,MADRID,VALENCIA,2019-04-23 11:10:00,2019-04-23 13:25:00,2.25,INTERCITY,Turista,29.9,Promo,,{},2019-04-11 22:04:47
4304,renfe,MADRID,VALENCIA,2019-04-23 15:30:00,2019-04-23 22:31:00,7.02,AVE-MD,Turista,,Adulto ida,,{},2019-04-11 22:04:47
4305,renfe,MADRID,VALENCIA,2019-04-23 15:10:00,2019-04-23 16:52:00,1.7,AVE,Turista,,Adulto ida,,{},2019-04-11 22:04:47
4306,renfe,MADRID,VALENCIA,2019-04-23 15:40:00,2019-04-23 17:22:00,1.7,AVE,Turista,,Adulto ida,,{},2019-04-11 22:04:47
4307,renfe,MADRID,VALENCIA,2019-04-23 21:10:00,2019-04-23 23:03:00,1.88,AVE,Turista,27.8,Promo,,{},2019-04-11 22:04:47
4308,renfe,MADRID,VALENCIA,2019-04-23 16:05:00,2019-04-23 22:47:00,6.7,REGIONAL,Turista,28.35,Adulto ida,,{},2019-04-11 22:04:47
4309,renfe,MADRID,VALENCIA,2019-04-23 09:40:00,2019-04-23 11:24:00,1.73,AVE,Turista,,Promo,,{},2019-04-11 22:04:47
4310,renfe,MADRID,VALENCIA,2019-04-23 16:45:00,2019-04-23 18:50:00,2.08,ALVIA,Preferente,46.15,Promo,,{},2019-04-11 22:04:47
4311,renfe,MADRID,VALENCIA,2019-04-23 06:08:00,2019-04-23 12:55:00,6.78,REGIONAL,Turista,28.35,Adulto ida,,{},2019-04-11 22:04:47
4312,renfe,MADRID,VALENCIA,2019-04-23 16:55:00,2019-04-23 21:58:00,5.05,AVE-LD,Turista,,Promo,,{},2019-04-11 22:04:47
4313,renfe,MADRID,VALENCIA,2019-04-23 17:40:00,2019-04-23 19:20:00,1.67,AVE,Turista,,Promo,,{},2019-04-11 22:04:47
4314,renfe,MADRID,VALENCIA,2019-04-23 17:48:00,2019-04-23 21:58:00,4.17,INTERCITY,Turista,,Promo,,{},2019-04-11 22:04:47
4315,renfe,MADRID,VALENCIA,2019-04-23 18:40:00,2019-04-23 20:20:00,1.67,AVE,Turista,,Promo,,{},2019-04-11 22:04:47
4316,renfe,MADRID,VALENCIA,2019-04-23 19:40:00,2019-04-23 21:29:00,1.82,AVE,Turista,51.15,Promo,,{},2019-04-11 22:04:47
4317,renfe,MADRID,VALENCIA,2019-04-23 20:40:00,2019-04-23 22:24:00,1.73,AVE,Turista,27.8,Promo,,{},2019-04-11 22:04:47
4318,renfe,MADRID,VALENCIA,2019-04-23 21:10:00,2019-04-23 23:03:00,1.88,AVE,Turista,27.8,Promo,,{},2019-04-11 22:04:47
4319,renfe,MADRID,VALENCIA,2019-04-23 07:40:00,2019-04-23 09:20:00,1.67,AVE,Turista,57.75,Promo,,{},2019-04-11 22:04:47
4320,renfe,MADRID,VALENCIA,2019-04-23 16:55:00,2019-04-23 21:58:00,5.05,AVE-LD,Turista,,Promo,,{},2019-04-11 22:04:47
4321,renfe,MADRID,VALENCIA,2019-04-23 12:21:00,2019-04-23 19:04:00,6.72,REGIONAL,Turista,,Promo,,{},2019-04-11 22:04:47
4322,renfe,MADRID,VALENCIA,2019-04-23 16:45:00,2019-04-23 18:50:00,2.08,ALVIA,Preferente,46.15,Promo,,{},2019-04-11 22:04:47
4323,renfe,MADRID,VALENCIA,2019-04-23 17:48:00,2019-04-23 21:58:00,4.17,INTERCITY,Turista,,Promo,,{},2019-04-11 22:04:47
4324,renfe,MADRID,VALENCIA,2019-04-23 20:40:00,2019-04-23 22:24:00,1.73,AVE,Turista,27.8,Promo,,{},2019-04-11 22:04:47
4325,renfe,MADRID,VALENCIA,2019-04-24 16:55:00,2019-04-24 21:58:00,5.05,AVE-LD,Turista,,Flexible,,{},2019-04-11 22:04:57
4326,renfe,MADRID,VALENCIA,2019-04-24 06:08:00,2019-04-24 12:55:00,6.78,REGIONAL,Turista,28.35,Adulto ida,,{},2019-04-11 22:04:57
4327,renfe,MADRID,VALENCIA,2019-04-24 09:10:00,2019-04-24 10:58:00,1.8,AVE,Turista,33.65,Promo,,{},2019-04-11 22:04:57
4328,renfe,MADRID,VALENCIA,2019-04-24 06:45:00,2019-04-24 08:38:00,1.88,AVE,Turista,27.8,Promo,,{},2019-04-11 22:04:57
4329,renfe,MADRID,VALENCIA,2019-04-24 15:30:00,2019-04-24 22:31:00,7.02,AVE-MD,Turista con enlace,,Flexible,,{},2019-04-11 22:04:57
4330,renfe,MADRID,VALENCIA,2019-04-24 07:40:00,2019-04-24 09:20:00,1.67,AVE,Preferente,66.55,Promo,,{},2019-04-11 22:04:57
4331,renfe,MADRID,VALENCIA,2019-04-24 18:40:00,2019-04-24 20:20:00,1.67,AVE,Turista,73.1,Flexible,,{},2019-04-11 22:04:57
4332,renfe,MADRID,VALENCIA,2019-04-24 09:10:00,2019-04-24 10:58:00,1.8,AVE,Turista,33.65,Promo,,{},2019-04-11 22:04:57
4333,renfe,MADRID,VALENCIA,2019-04-24 20:40:00,2019-04-24 22:24:00,1.73,AVE,Turista,39.45,Promo,,{},2019-04-11 22:04:57
4334,renfe,MADRID,VALENCIA,2019-04-24 09:40:00,2019-04-24 11:24:00,1.73,AVE,Turista,39.45,Promo,,{},2019-04-11 22:04:57
4335,renfe,MADRID,VALENCIA,2019-04-24 16:05:00,2019-04-24 22:47:00,6.7,REGIONAL,Turista,28.35,Adulto ida,,{},2019-04-11 22:04:57
4336,renfe,MADRID,VALENCIA,2019-04-24 10:40:00,2019-04-24 12:20:00,1.67,AVE,Turista,27.8,Promo,,{},2019-04-11 22:04:57
4337,renfe,MADRID,VALENCIA,2019-04-24 15:40:00,2019-04-24 17:22:00,1.7,AVE,Turista,57.75,Promo,,{},2019-04-11 22:04:57
4338,renfe,MADRID,VALENCIA,2019-04-24 11:10:00,2019-04-24 13:25:00,2.25,INTERCITY,Turista,29.9,Promo,,{},2019-04-11 22:04:57
4339,renfe,MADRID,VALENCIA,2019-04-24 06:45:00,2019-04-24 08:38:00,1.88,AVE,Turista,27.8,Promo,,{},2019-04-11 22:04:57
4340,renfe,MADRID,VALENCIA,2019-04-24 11:55:00,2019-04-24 13:35:00,1.67,AVE,Turista,27.8,Promo,,{},2019-04-11 22:04:57
4341,renfe,MADRID,VALENCIA,2019-04-24 12:21:00,2019-04-24 19:04:00,6.72,REGIONAL,Turista,28.35,Adulto ida,,{},2019-04-11 22:04:57
4342,renfe,MADRID,VALENCIA,2019-04-24 12:21:00,2019-04-24 19:04:00,6.72,REGIONAL,Turista,28.35,Adulto ida,,{},2019-04-11 22:04:57
4343,renfe,MADRID,VALENCIA,2019-04-24 15:10:00,2019-04-24 16:52:00,1.7,AVE,Turista,33.65,Promo,,{},2019-04-11 22:04:57
4344,renfe,MADRID,VALENCIA,2019-04-24 12:40:00,2019-04-24 14:20:00,1.67,AVE,Turista,27.8,Promo,,{},2019-04-11 22:04:57
4345,renfe,MADRID,VALENCIA,2019-04-24 06:08:00,2019-04-24 12:55:00,6.78,REGIONAL,Turista,28.35,Adulto ida,,{},2019-04-11 22:04:57
4346,renfe,MADRID,VALENCIA,2019-04-24 14:10:00,2019-04-24 16:03:00,1.88,AVE,Turista,33.65,Promo,,{},2019-04-11 22:04:57
4347,renfe,MADRID,VALENCIA,2019-04-24 12:40:00,2019-04-24 14:20:00,1.67,AVE,Turista,27.8,Promo,,{},2019-04-11 22:04:57
4348,renfe,MADRID,VALENCIA,2019-04-24 15:10:00,2019-04-24 16:52:00,1.7,AVE,Turista,33.65,Promo,,{},2019-04-11 22:04:57
4349,renfe,MADRID,VALENCIA,2019-04-24 09:40:00,2019-04-24 11:24:00,1.73,AVE,Turista,39.45,Promo,,{},2019-04-11 22:04:57
4350,renfe,MADRID,VALENCIA,2019-04-24 15:30:00,2019-04-24 22:31:00,7.02,AVE-MD,Turista con enlace,,Flexible,,{},2019-04-11 22:04:57
4351,renfe,MADRID,VALENCIA,2019-04-24 07:40:00,2019-04-24 09:20:00,1.67,AVE,Preferente,66.55,Promo,,{},2019-04-11 22:04:57
4352,renfe,MADRID,VALENCIA,2019-04-24 15:40:00,2019-04-24 17:22:00,1.7,AVE,Turista,57.75,Promo,,{},2019-04-11 22:04:57
4353,renfe,MADRID,VALENCIA,2019-04-24 16:45:00,2019-04-24 18:50:00,2.08,ALVIA,Preferente,46.15,Promo,,{},2019-04-11 22:04:57
4354,renfe,MADRID,VALENCIA,2019-04-24 16:05:00,2019-04-24 22:47:00,6.7,REGIONAL,Turista,28.35,Adulto ida,,{},2019-04-11 22:04:57
4355,renfe,MADRID,VALENCIA,2019-04-24 16:45:00,2019-04-24 18:50:00,2.08,ALVIA,Preferente,46.15,Promo,,{},2019-04-11 22:04:57
4356,renfe,MADRID,VALENCIA,2019-04-24 16:55:00,2019-04-24 21:58:00,5.05,AVE-LD,Turista,,Flexible,,{},2019-04-11 22:04:57
4357,renfe,MADRID,VALENCIA,2019-04-24 17:40:00,2019-04-24 19:20:00,1.67,AVE,Turista,73.1,Flexible,,{},2019-04-11 22:04:57
4358,renfe,MADRID,VALENCIA,2019-04-24 17:48:00,2019-04-24 21:58:00,4.17,INTERCITY,Turista,,Flexible,,{},2019-04-11 22:04:57
4359,renfe,MADRID,VALENCIA,2019-04-24 18:40:00,2019-04-24 20:20:00,1.67,AVE,Turista,73.1,Flexible,,{},2019-04-11 22:04:57
4360,renfe,MADRID,VALENCIA,2019-04-24 19:40:00,2019-04-24 21:29:00,1.82,AVE,Turista,73.1,Flexible,,{},2019-04-11 22:04:57
4361,renfe,MADRID,VALENCIA,2019-04-24 20:40:00,2019-04-24 22:24:00,1.73,AVE,Turista,39.45,Promo,,{},2019-04-11 22:04:57
4362,renfe,MADRID,VALENCIA,2019-04-24 21:10:00,2019-04-24 23:03:00,1.88,AVE,Turista,45.3,Promo,,{},2019-04-11 22:04:57
4363,renfe,MADRID,VALENCIA,2019-04-24 14:10:00,2019-04-24 16:03:00,1.88,AVE,Turista,33.65,Promo,,{},2019-04-11 22:04:57
4364,renfe,MADRID,VALENCIA,2019-04-24 17:40:00,2019-04-24 19:20:00,1.67,AVE,Turista,73.1,Flexible,,{},2019-04-11 22:04:57
4365,renfe,MADRID,VALENCIA,2019-04-24 11:10:00,2019-04-24 13:25:00,2.25,INTERCITY,Turista,29.9,Promo,,{},2019-04-11 22:04:57
4366,renfe,MADRID,VALENCIA,2019-04-24 10:40:00,2019-04-24 12:20:00,1.67,AVE,Turista,27.8,Promo,,{},2019-04-11 22:04:57
4367,renfe,MADRID,VALENCIA,2019-04-24 17:48:00,2019-04-24 21:58:00,4.17,INTERCITY,Turista,,Flexible,,{},2019-04-11 22:04:57
4368,renfe,MADRID,VALENCIA,2019-04-24 19:40:00,2019-04-24 21:29:00,1.82,AVE,Turista,73.1,Flexible,,{},2019-04-11 22:04:57
4369,renfe,MADRID,VALENCIA,2019-04-24 11:55:00,2019-04-24 13:35:00,1.67,AVE,Turista,27.8,Promo,,{},2019-04-11 22:04:57
4370,renfe,MADRID,VALENCIA,2019-04-24 21:10:00,2019-04-24 23:03:00,1.88,AVE,Turista,45.3,Promo,,{},2019-04-11 22:04:57
4371,renfe,MADRID,VALENCIA,2019-05-25 19:40:00,2019-05-25 21:29:00,1.82,AVE,Turista,39.45,Promo,,{},2019-04-11 22:05:03
4372,renfe,MADRID,VALENCIA,2019-05-25 08:00:00,2019-05-25 14:10:00,6.17,REGIONAL,Turista,28.35,Adulto ida,,{},2019-04-11 22:05:03
4373,renfe,MADRID,VALENCIA,2019-05-25 11:10:00,2019-05-25 13:25:00,2.25,INTERCITY,Turista,29.9,Promo,,{},2019-04-11 22:05:03
4374,renfe,MADRID,VALENCIA,2019-05-25 08:40:00,2019-05-25 10:33:00,1.88,AVE,Turista,45.3,Promo,,{},2019-04-11 22:05:03
4375,renfe,MADRID,VALENCIA,2019-05-25 09:40:00,2019-05-25 11:24:00,1.73,AVE,Turista,39.45,Promo,,{},2019-04-11 22:05:03
4376,renfe,MADRID,VALENCIA,2019-05-25 09:40:00,2019-05-25 11:24:00,1.73,AVE,Turista,39.45,Promo,,{},2019-04-11 22:05:03
4377,renfe,MADRID,VALENCIA,2019-05-25 08:40:00,2019-05-25 10:33:00,1.88,AVE,Turista,45.3,Promo,,{},2019-04-11 22:05:03
4378,renfe,MADRID,VALENCIA,2019-05-25 10:40:00,2019-05-25 12:20:00,1.67,AVE,Turista,33.65,Promo,,{},2019-04-11 22:05:03
4379,renfe,MADRID,VALENCIA,2019-05-25 15:40:00,2019-05-25 17:22:00,1.7,AVE,Turista,33.65,Promo,,{},2019-04-11 22:05:03
4380,renfe,MADRID,VALENCIA,2019-05-25 11:10:00,2019-05-25 13:25:00,2.25,INTERCITY,Turista,29.9,Promo,,{},2019-04-11 22:05:03
4381,renfe,MADRID,VALENCIA,2019-05-25 16:30:00,2019-05-25 22:47:00,6.28,REGIONAL,Turista,28.35,Adulto ida,,{},2019-04-11 22:05:03
4382,renfe,MADRID,VALENCIA,2019-05-25 11:55:00,2019-05-25 13:35:00,1.67,AVE,Turista,27.8,Promo,,{},2019-04-11 22:05:03
4383,renfe,MADRID,VALENCIA,2019-05-25 08:00:00,2019-05-25 14:10:00,6.17,REGIONAL,Turista,28.35,Adulto ida,,{},2019-04-11 22:05:03
4384,renfe,MADRID,VALENCIA,2019-05-25 14:10:00,2019-05-25 16:03:00,1.88,AVE,Turista,39.45,Promo,,{},2019-04-11 22:05:03
4385,renfe,MADRID,VALENCIA,2019-05-25 15:30:00,2019-05-25 22:31:00,7.02,AVE-MD,Turista con enlace,,Flexible,,{},2019-04-11 22:05:03
4386,renfe,MADRID,VALENCIA,2019-05-25 15:40:00,2019-05-25 17:22:00,1.7,AVE,Turista,33.65,Promo,,{},2019-04-11 22:05:03
4387,renfe,MADRID,VALENCIA,2019-05-25 16:30:00,2019-05-25 22:47:00,6.28,REGIONAL,Turista,28.35,Adulto ida,,{},2019-04-11 22:05:03
4388,renfe,MADRID,VALENCIA,2019-05-25 17:40:00,2019-05-25 19:20:00,1.67,AVE,Turista,21.95,Promo,,{},2019-04-11 22:05:03
4389,renfe,MADRID,VALENCIA,2019-05-25 19:40:00,2019-05-25 21:29:00,1.82,AVE,Turista,39.45,Promo,,{},2019-04-11 22:05:03
4390,renfe,MADRID,VALENCIA,2019-05-25 21:10:00,2019-05-25 23:03:00,1.88,AVE,Turista,33.65,Promo,,{},2019-04-11 22:05:03
4391,renfe,MADRID,VALENCIA,2019-05-25 10:40:00,2019-05-25 12:20:00,1.67,AVE,Turista,33.65,Promo,,{},2019-04-11 22:05:03
4392,renfe,MADRID,VALENCIA,2019-05-25 21:10:00,2019-05-25 23:03:00,1.88,AVE,Turista,33.65,Promo,,{},2019-04-11 22:05:03
4393,renfe,MADRID,VALENCIA,2019-05-25 14:10:00,2019-05-25 16:03:00,1.88,AVE,Turista,39.45,Promo,,{},2019-04-11 22:05:03
4394,renfe,MADRID,VALENCIA,2019-05-25 11:55:00,2019-05-25 13:35:00,1.67,AVE,Turista,27.8,Promo,,{},2019-04-11 22:05:03
4395,renfe,MADRID,VALENCIA,2019-05-25 17:40:00,2019-05-25 19:20:00,1.67,AVE,Turista,21.95,Promo,,{},2019-04-11 22:05:03
4396,renfe,MADRID,VALENCIA,2019-05-25 15:30:00,2019-05-25 22:31:00,7.02,AVE-MD,Turista con enlace,,Flexible,,{},2019-04-11 22:05:03
4397,renfe,MADRID,VALENCIA,2019-04-26 20:40:00,2019-04-26 22:24:00,1.73,AVE,Preferente,66.55,Promo,,{},2019-04-11 22:05:13
4398,renfe,MADRID,VALENCIA,2019-04-26 06:08:00,2019-04-26 12:55:00,6.78,REGIONAL,Turista,28.35,Adulto ida,,{},2019-04-11 22:05:13
4399,renfe,MADRID,VALENCIA,2019-04-26 21:10:00,2019-04-26 23:03:00,1.88,AVE,Turista,57.75,Promo,,{},2019-04-11 22:05:13
4400,renfe,MADRID,VALENCIA,2019-04-26 06:45:00,2019-04-26 08:38:00,1.88,AVE,Turista,33.65,Promo,,{},2019-04-11 22:05:13
4401,renfe,MADRID,VALENCIA,2019-04-26 17:10:00,2019-04-26 18:54:00,1.73,AVE,Turista,73.1,Flexible,,{},2019-04-11 22:05:13
4402,renfe,MADRID,VALENCIA,2019-04-26 09:10:00,2019-04-26 10:58:00,1.8,AVE,Turista,45.3,Promo,,{},2019-04-11 22:05:13
4403,renfe,MADRID,VALENCIA,2019-04-26 15:10:00,2019-04-26 17:20:00,2.17,INTERCITY,Turista,55.4,Flexible,,{},2019-04-11 22:05:13
4404,renfe,MADRID,VALENCIA,2019-04-26 09:40:00,2019-04-26 11:24:00,1.73,AVE,Turista,39.45,Promo,,{},2019-04-11 22:05:13
4405,renfe,MADRID,VALENCIA,2019-04-26 10:40:00,2019-04-26 12:20:00,1.67,AVE,Turista,51.15,Promo,,{},2019-04-11 22:05:13
4406,renfe,MADRID,VALENCIA,2019-04-26 10:40:00,2019-04-26 12:20:00,1.67,AVE,Turista,51.15,Promo,,{},2019-04-11 22:05:13
4407,renfe,MADRID,VALENCIA,2019-04-26 18:10:00,2019-04-26 19:50:00,1.67,AVE,Turista,73.1,Flexible,,{},2019-04-11 22:05:13
4408,renfe,MADRID,VALENCIA,2019-04-26 11:10:00,2019-04-26 13:25:00,2.25,INTERCITY,Turista,29.9,Promo,,{},2019-04-11 22:05:13
4409,renfe,MADRID,VALENCIA,2019-04-26 19:40:00,2019-04-26 21:29:00,1.82,AVE,Turista,39.45,Promo,,{},2019-04-11 22:05:13
4410,renfe,MADRID,VALENCIA,2019-04-26 12:21:00,2019-04-26 19:04:00,6.72,REGIONAL,Turista,28.35,Adulto ida,,{},2019-04-11 22:05:13
4411,renfe,MADRID,VALENCIA,2019-04-26 12:21:00,2019-04-26 19:04:00,6.72,REGIONAL,Turista,28.35,Adulto ida,,{},2019-04-11 22:05:13
4412,renfe,MADRID,VALENCIA,2019-04-26 12:40:00,2019-04-26 14:20:00,1.67,AVE,Turista,45.3,Promo,,{},2019-04-11 22:05:13
4413,renfe,MADRID,VALENCIA,2019-04-26 15:40:00,2019-04-26 17:22:00,1.7,AVE,Preferente,66.55,Promo,,{},2019-04-11 22:05:13
4414,renfe,MADRID,VALENCIA,2019-04-26 14:10:00,2019-04-26 16:03:00,1.88,AVE,Turista,51.15,Promo,,{},2019-04-11 22:05:13
4415,renfe,MADRID,VALENCIA,2019-04-26 12:40:00,2019-04-26 14:20:00,1.67,AVE,Turista,45.3,Promo,,{},2019-04-11 22:05:13
4416,renfe,MADRID,VALENCIA,2019-04-26 15:10:00,2019-04-26 17:20:00,2.17,INTERCITY,Turista,55.4,Flexible,,{},2019-04-11 22:05:13
4417,renfe,MADRID,VALENCIA,2019-04-26 09:40:00,2019-04-26 11:24:00,1.73,AVE,Turista,39.45,Promo,,{},2019-04-11 22:05:13
4418,renfe,MADRID,VALENCIA,2019-04-26 15:10:00,2019-04-26 17:20:00,2.17,INTERCITY,Turista,16.6,Promo,,{},2019-04-11 22:05:13
4419,renfe,MADRID,VALENCIA,2019-04-26 11:10:00,2019-04-26 13:25:00,2.25,INTERCITY,Turista,29.9,Promo,,{},2019-04-11 22:05:13
4420,renfe,MADRID,VALENCIA,2019-04-26 15:30:00,2019-04-26 22:31:00,7.02,AVE-MD,Preferente,,Promo,,{},2019-04-11 22:05:13
4421,renfe,MADRID,VALENCIA,2019-04-26 06:08:00,2019-04-26 12:55:00,6.78,REGIONAL,Turista,28.35,Adulto ida,,{},2019-04-11 22:05:13
4422,renfe,MADRID,VALENCIA,2019-04-26 15:40:00,2019-04-26 17:22:00,1.7,AVE,Preferente,66.55,Promo,,{},2019-04-11 22:05:13
4423,renfe,MADRID,VALENCIA,2019-04-26 16:55:00,2019-04-26 21:58:00,5.05,AVE-LD,Turista con enlace,56.1,Flexible,,{},2019-04-11 22:05:13
4424,renfe,MADRID,VALENCIA,2019-04-26 16:30:00,2019-04-26 22:47:00,6.28,REGIONAL,Turista,28.35,Adulto ida,,{},2019-04-11 22:05:13
4425,renfe,MADRID,VALENCIA,2019-04-26 14:10:00,2019-04-26 16:03:00,1.88,AVE,Turista,51.15,Promo,,{},2019-04-11 22:05:13
4426,renfe,MADRID,VALENCIA,2019-04-26 16:45:00,2019-04-26 18:50:00,2.08,ALVIA,Turista,,Flexible,,{},2019-04-11 22:05:13
4427,renfe,MADRID,VALENCIA,2019-04-26 17:48:00,2019-04-26 21:58:00,4.17,INTERCITY,Turista,42.9,Flexible,,{},2019-04-11 22:05:13
4428,renfe,MADRID,VALENCIA,2019-04-26 16:55:00,2019-04-26 21:58:00,5.05,AVE-LD,Turista con enlace,56.1,Flexible,,{},2019-04-11 22:05:13
4429,renfe,MADRID,VALENCIA,2019-04-26 09:10:00,2019-04-26 10:58:00,1.8,AVE,Turista,45.3,Promo,,{},2019-04-11 22:05:13
4430,renfe,MADRID,VALENCIA,2019-04-26 17:10:00,2019-04-26 18:54:00,1.73,AVE,Turista,73.1,Flexible,,{},2019-04-11 22:05:13
4431,renfe,MADRID,VALENCIA,2019-04-26 17:40:00,2019-04-26 19:20:00,1.67,AVE,Preferente,66.55,Promo,,{},2019-04-11 22:05:13
4432,renfe,MADRID,VALENCIA,2019-04-26 17:40:00,2019-04-26 19:20:00,1.67,AVE,Preferente,66.55,Promo,,{},2019-04-11 22:05:13
4433,renfe,MADRID,VALENCIA,2019-04-26 17:48:00,2019-04-26 21:58:00,4.17,INTERCITY,Turista,42.9,Flexible,,{},2019-04-11 22:05:13
4434,renfe,MADRID,VALENCIA,2019-04-26 18:10:00,2019-04-26 19:50:00,1.67,AVE,Turista,73.1,Flexible,,{},2019-04-11 22:05:13
4435,renfe,MADRID,VALENCIA,2019-04-26 18:40:00,2019-04-26 20:20:00,1.67,AVE,Turista,73.1,Flexible,,{},2019-04-11 22:05:13
4436,renfe,MADRID,VALENCIA,2019-04-26 19:40:00,2019-04-26 21:29:00,1.82,AVE,Turista,39.45,Promo,,{},2019-04-11 22:05:13
4437,renfe,MADRID,VALENCIA,2019-04-26 20:40:00,2019-04-26 22:24:00,1.73,AVE,Preferente,66.55,Promo,,{},2019-04-11 22:05:13
4438,renfe,MADRID,VALENCIA,2019-04-26 21:10:00,2019-04-26 23:03:00,1.88,AVE,Turista,57.75,Promo,,{},2019-04-11 22:05:13
4439,renfe,MADRID,VALENCIA,2019-04-26 06:45:00,2019-04-26 08:38:00,1.88,AVE,Turista,33.65,Promo,,{},2019-04-11 22:05:13
4440,renfe,MADRID,VALENCIA,2019-04-26 16:30:00,2019-04-26 22:47:00,6.28,REGIONAL,Turista,28.35,Adulto ida,,{},2019-04-11 22:05:13
4441,renfe,MADRID,VALENCIA,2019-04-26 15:10:00,2019-04-26 17:20:00,2.17,INTERCITY,Turista,16.6,Promo,,{},2019-04-11 22:05:13
4442,renfe,MADRID,VALENCIA,2019-04-26 18:40:00,2019-04-26 20:20:00,1.67,AVE,Turista,73.1,Flexible,,{},2019-04-11 22:05:13
4443,renfe,MADRID,VALENCIA,2019-04-26 16:45:00,2019-04-26 18:50:00,2.08,ALVIA,Turista,,Flexible,,{},2019-04-11 22:05:13
4444,renfe,MADRID,VALENCIA,2019-04-26 15:30:00,2019-04-26 22:31:00,7.02,AVE-MD,Preferente,,Promo,,{},2019-04-11 22:05:13
4445,renfe,MADRID,VALENCIA,2019-04-27 16:30:00,2019-04-27 22:47:00,6.28,REGIONAL,Turista,28.35,Adulto ida,,{},2019-04-11 22:05:19
4446,renfe,MADRID,VALENCIA,2019-04-27 08:00:00,2019-04-27 14:10:00,6.17,REGIONAL,Turista,28.35,Adulto ida,,{},2019-04-11 22:05:19
4447,renfe,MADRID,VALENCIA,2019-04-27 08:00:00,2019-04-27 14:10:00,6.17,REGIONAL,Turista,28.35,Adulto ida,,{},2019-04-11 22:05:19
4448,renfe,MADRID,VALENCIA,2019-04-27 08:40:00,2019-04-27 10:33:00,1.88,AVE,Turista,45.3,Promo,,{},2019-04-11 22:05:19
4449,renfe,MADRID,VALENCIA,2019-04-27 08:40:00,2019-04-27 10:33:00,1.88,AVE,Turista,45.3,Promo,,{},2019-04-11 22:05:19
4450,renfe,MADRID,VALENCIA,2019-04-27 09:40:00,2019-04-27 11:24:00,1.73,AVE,Turista,45.3,Promo,,{},2019-04-11 22:05:19
4451,renfe,MADRID,VALENCIA,2019-04-27 10:40:00,2019-04-27 12:20:00,1.67,AVE,Turista,51.15,Promo,,{},2019-04-11 22:05:19
4452,renfe,MADRID,VALENCIA,2019-04-27 10:40:00,2019-04-27 12:20:00,1.67,AVE,Turista,51.15,Promo,,{},2019-04-11 22:05:19
4453,renfe,MADRID,VALENCIA,2019-04-27 15:30:00,2019-04-27 22:31:00,7.02,AVE-MD,Turista con enlace,53.25,Promo +,,{},2019-04-11 22:05:19
4454,renfe,MADRID,VALENCIA,2019-04-27 11:10:00,2019-04-27 13:25:00,2.25,INTERCITY,Turista,43.75,Promo,,{},2019-04-11 22:05:19
4455,renfe,MADRID,VALENCIA,2019-04-27 14:10:00,2019-04-27 16:03:00,1.88,AVE,Turista,45.3,Promo,,{},2019-04-11 22:05:19
4456,renfe,MADRID,VALENCIA,2019-04-27 11:55:00,2019-04-27 13:35:00,1.67,AVE,Turista,51.15,Promo,,{},2019-04-11 22:05:19
4457,renfe,MADRID,VALENCIA,2019-04-27 19:40:00,2019-04-27 21:29:00,1.82,AVE,Preferente,58.95,Promo,,{},2019-04-11 22:05:19
4458,renfe,MADRID,VALENCIA,2019-04-27 14:10:00,2019-04-27 16:03:00,1.88,AVE,Turista,45.3,Promo,,{},2019-04-11 22:05:19
4459,renfe,MADRID,VALENCIA,2019-04-27 17:40:00,2019-04-27 19:20:00,1.67,AVE,Preferente,58.95,Promo,,{},2019-04-11 22:05:19
4460,renfe,MADRID,VALENCIA,2019-04-27 15:30:00,2019-04-27 22:31:00,7.02,AVE-MD,Turista con enlace,53.25,Promo +,,{},2019-04-11 22:05:19
4461,renfe,MADRID,VALENCIA,2019-04-27 15:40:00,2019-04-27 17:22:00,1.7,AVE,Turista,45.3,Promo,,{},2019-04-11 22:05:19
4462,renfe,MADRID,VALENCIA,2019-04-27 16:30:00,2019-04-27 22:47:00,6.28,REGIONAL,Turista,28.35,Adulto ida,,{},2019-04-11 22:05:19
4463,renfe,MADRID,VALENCIA,2019-04-27 17:40:00,2019-04-27 19:20:00,1.67,AVE,Preferente,58.95,Promo,,{},2019-04-11 22:05:19
4464,renfe,MADRID,VALENCIA,2019-04-27 19:40:00,2019-04-27 21:29:00,1.82,AVE,Preferente,58.95,Promo,,{},2019-04-11 22:05:19
4465,renfe,MADRID,VALENCIA,2019-04-27 21:10:00,2019-04-27 23:03:00,1.88,AVE,Preferente,58.95,Promo,,{},2019-04-11 22:05:19
4466,renfe,MADRID,VALENCIA,2019-04-27 21:10:00,2019-04-27 23:03:00,1.88,AVE,Preferente,58.95,Promo,,{},2019-04-11 22:05:19
4467,renfe,MADRID,VALENCIA,2019-04-27 15:40:00,2019-04-27 17:22:00,1.7,AVE,Turista,45.3,Promo,,{},2019-04-11 22:05:19
4468,renfe,MADRID,VALENCIA,2019-04-27 09:40:00,2019-04-27 11:24:00,1.73,AVE,Turista,45.3,Promo,,{},2019-04-11 22:05:19
4469,renfe,MADRID,VALENCIA,2019-04-27 11:55:00,2019-04-27 13:35:00,1.67,AVE,Turista,51.15,Promo,,{},2019-04-11 22:05:19
4470,renfe,MADRID,VALENCIA,2019-04-27 11:10:00,2019-04-27 13:25:00,2.25,INTERCITY,Turista,43.75,Promo,,{},2019-04-11 22:05:19
4471,renfe,MADRID,VALENCIA,2019-05-28 17:40:00,2019-05-28 19:20:00,1.67,AVE,Turista,57.75,Promo,,{},2019-04-11 22:05:29
4472,renfe,MADRID,VALENCIA,2019-05-28 06:08:00,2019-05-28 12:55:00,6.78,REGIONAL,Turista,28.35,Adulto ida,,{},2019-04-11 22:05:29
4473,renfe,MADRID,VALENCIA,2019-05-28 11:55:00,2019-05-28 13:35:00,1.67,AVE,Turista,21.95,Promo,,{},2019-04-11 22:05:29
4474,renfe,MADRID,VALENCIA,2019-05-28 06:45:00,2019-05-28 08:38:00,1.88,AVE,Turista,27.8,Promo,,{},2019-04-11 22:05:29
4475,renfe,MADRID,VALENCIA,2019-05-28 15:30:00,2019-05-28 22:31:00,7.02,AVE-MD,Turista con enlace,,Flexible,,{},2019-04-11 22:05:29
4476,renfe,MADRID,VALENCIA,2019-05-28 07:40:00,2019-05-28 09:20:00,1.67,AVE,Turista,57.75,Promo,,{},2019-04-11 22:05:29
4477,renfe,MADRID,VALENCIA,2019-05-28 12:40:00,2019-05-28 14:20:00,1.67,AVE,Turista,21.95,Promo,,{},2019-04-11 22:05:29
4478,renfe,MADRID,VALENCIA,2019-05-28 09:10:00,2019-05-28 10:58:00,1.8,AVE,Turista,45.3,Promo,,{},2019-04-11 22:05:29
4479,renfe,MADRID,VALENCIA,2019-05-28 16:55:00,2019-05-28 21:58:00,5.05,AVE-LD,Turista con enlace,56.1,Flexible,,{},2019-04-11 22:05:29
4480,renfe,MADRID,VALENCIA,2019-05-28 09:40:00,2019-05-28 11:24:00,1.73,AVE,Turista,39.45,Promo,,{},2019-04-11 22:05:29
4481,renfe,MADRID,VALENCIA,2019-05-28 14:10:00,2019-05-28 16:03:00,1.88,AVE,Turista,21.95,Promo,,{},2019-04-11 22:05:29
4482,renfe,MADRID,VALENCIA,2019-05-28 10:40:00,2019-05-28 12:20:00,1.67,AVE,Turista,21.95,Promo,,{},2019-04-11 22:05:29
4483,renfe,MADRID,VALENCIA,2019-05-28 20:40:00,2019-05-28 22:24:00,1.73,AVE,Turista,21.95,Promo,,{},2019-04-11 22:05:29
4484,renfe,MADRID,VALENCIA,2019-05-28 11:10:00,2019-05-28 13:25:00,2.25,INTERCITY,Turista,29.9,Promo,,{},2019-04-11 22:05:29
4485,renfe,MADRID,VALENCIA,2019-05-28 10:40:00,2019-05-28 12:20:00,1.67,AVE,Turista,21.95,Promo,,{},2019-04-11 22:05:29
4486,renfe,MADRID,VALENCIA,2019-05-28 11:55:00,2019-05-28 13:35:00,1.67,AVE,Turista,21.95,Promo,,{},2019-04-11 22:05:29
4487,renfe,MADRID,VALENCIA,2019-05-28 12:21:00,2019-05-28 19:04:00,6.72,REGIONAL,Turista,28.35,Adulto ida,,{},2019-04-11 22:05:29
4488,renfe,MADRID,VALENCIA,2019-05-28 12:21:00,2019-05-28 19:04:00,6.72,REGIONAL,Turista,28.35,Adulto ida,,{},2019-04-11 22:05:29
4489,renfe,MADRID,VALENCIA,2019-05-28 21:10:00,2019-05-28 23:03:00,1.88,AVE,Turista,21.95,Promo,,{},2019-04-11 22:05:29
4490,renfe,MADRID,VALENCIA,2019-05-28 12:40:00,2019-05-28 14:20:00,1.67,AVE,Turista,21.95,Promo,,{},2019-04-11 22:05:29
4491,renfe,MADRID,VALENCIA,2019-05-28 16:45:00,2019-05-28 18:50:00,2.08,ALVIA,Turista,35.5,Promo,,{},2019-04-11 22:05:29
4492,renfe,MADRID,VALENCIA,2019-05-28 14:10:00,2019-05-28 16:03:00,1.88,AVE,Turista,21.95,Promo,,{},2019-04-11 22:05:29
4493,renfe,MADRID,VALENCIA,2019-05-28 17:48:00,2019-05-28 21:58:00,4.17,INTERCITY,Turista Plus,15.45,Promo,,{},2019-04-11 22:05:29
4494,renfe,MADRID,VALENCIA,2019-05-28 15:10:00,2019-05-28 16:52:00,1.7,AVE,Turista,21.95,Promo,,{},2019-04-11 22:05:29
4495,renfe,MADRID,VALENCIA,2019-05-28 16:05:00,2019-05-28 22:47:00,6.7,REGIONAL,Turista,28.35,Adulto ida,,{},2019-04-11 22:05:29
4496,renfe,MADRID,VALENCIA,2019-05-28 15:30:00,2019-05-28 22:31:00,7.02,AVE-MD,Turista con enlace,,Flexible,,{},2019-04-11 22:05:29
4497,renfe,MADRID,VALENCIA,2019-05-28 15:40:00,2019-05-28 17:22:00,1.7,AVE,Turista,21.95,Promo,,{},2019-04-11 22:05:29
4498,renfe,MADRID,VALENCIA,2019-05-28 16:05:00,2019-05-28 22:47:00,6.7,REGIONAL,Turista,28.35,Adulto ida,,{},2019-04-11 22:05:29
4499,renfe,MADRID,VALENCIA,2019-05-28 16:45:00,2019-05-28 18:50:00,2.08,ALVIA,Turista,35.5,Promo,,{},2019-04-11 22:05:29
4500,renfe,MADRID,VALENCIA,2019-05-28 16:55:00,2019-05-28 21:58:00,5.05,AVE-LD,Turista con enlace,56.1,Flexible,,{},2019-04-11 22:05:29
4501,renfe,MADRID,VALENCIA,2019-05-28 17:40:00,2019-05-28 19:20:00,1.67,AVE,Turista,57.75,Promo,,{},2019-04-11 22:05:29
4502,renfe,MADRID,VALENCIA,2019-05-28 17:48:00,2019-05-28 21:58:00,4.17,INTERCITY,Turista Plus,15.45,Promo,,{},2019-04-11 22:05:29
4503,renfe,MADRID,VALENCIA,2019-05-28 18:40:00,2019-05-28 20:20:00,1.67,AVE,Turista,57.75,Promo,,{},2019-04-11 22:05:29
4504,renfe,MADRID,VALENCIA,2019-05-28 19:40:00,2019-05-28 21:29:00,1.82,AVE,Turista,39.45,Promo,,{},2019-04-11 22:05:29
4505,renfe,MADRID,VALENCIA,2019-05-28 20:40:00,2019-05-28 22:24:00,1.73,AVE,Turista,21.95,Promo,,{},2019-04-11 22:05:29
4506,renfe,MADRID,VALENCIA,2019-05-28 21:10:00,2019-05-28 23:03:00,1.88,AVE,Turista,21.95,Promo,,{},2019-04-11 22:05:29
4507,renfe,MADRID,VALENCIA,2019-05-28 15:40:00,2019-05-28 17:22:00,1.7,AVE,Turista,21.95,Promo,,{},2019-04-11 22:05:29
4508,renfe,MADRID,VALENCIA,2019-05-28 15:10:00,2019-05-28 16:52:00,1.7,AVE,Turista,21.95,Promo,,{},2019-04-11 22:05:29
4509,renfe,MADRID,VALENCIA,2019-05-28 07:40:00,2019-05-28 09:20:00,1.67,AVE,Turista,57.75,Promo,,{},2019-04-11 22:05:29
4510,renfe,MADRID,VALENCIA,2019-05-28 09:40:00,2019-05-28 11:24:00,1.73,AVE,Turista,39.45,Promo,,{},2019-04-11 22:05:29
4511,renfe,MADRID,VALENCIA,2019-05-28 06:08:00,2019-05-28 12:55:00,6.78,REGIONAL,Turista,28.35,Adulto ida,,{},2019-04-11 22:05:29
4512,renfe,MADRID,VALENCIA,2019-05-28 06:45:00,2019-05-28 08:38:00,1.88,AVE,Turista,27.8,Promo,,{},2019-04-11 22:05:29
4513,renfe,MADRID,VALENCIA,2019-05-28 18:40:00,2019-05-28 20:20:00,1.67,AVE,Turista,57.75,Promo,,{},2019-04-11 22:05:29
4514,renfe,MADRID,VALENCIA,2019-05-28 11:10:00,2019-05-28 13:25:00,2.25,INTERCITY,Turista,29.9,Promo,,{},2019-04-11 22:05:29
4515,renfe,MADRID,VALENCIA,2019-05-28 09:10:00,2019-05-28 10:58:00,1.8,AVE,Turista,45.3,Promo,,{},2019-04-11 22:05:29
4516,renfe,MADRID,VALENCIA,2019-05-28 19:40:00,2019-05-28 21:29:00,1.82,AVE,Turista,39.45,Promo,,{},2019-04-11 22:05:29
4517,renfe,MADRID,BARCELONA,2019-04-19 14:30:00,2019-04-19 17:21:00,2.85,AVE,Turista,85.1,Promo,,{},2019-04-11 22:05:35
4518,renfe,MADRID,BARCELONA,2019-04-19 05:50:00,2019-04-19 08:55:00,3.08,AVE,Turista,58.15,Promo,,{},2019-04-11 22:05:35
4519,renfe,MADRID,BARCELONA,2019-04-19 13:25:00,2019-04-19 16:24:00,2.98,AVE-TGV,Turista,85.1,Promo,,{},2019-04-11 22:05:35
4520,renfe,MADRID,BARCELONA,2019-04-19 07:00:00,2019-04-19 09:30:00,2.5,AVE,Turista,68.65,Promo,,{},2019-04-11 22:05:35
4521,renfe,MADRID,BARCELONA,2019-04-19 21:25:00,2019-04-19 23:55:00,2.5,AVE,,,,,{},2019-04-11 22:05:35
4522,renfe,MADRID,BARCELONA,2019-04-19 07:30:00,2019-04-19 10:40:00,3.17,AVE,Turista Plus,69.8,Promo,,{},2019-04-11 22:05:35
4523,renfe,MADRID,BARCELONA,2019-04-19 15:30:00,2019-04-19 18:40:00,3.17,AVE,Turista,66.75,Promo,,{},2019-04-11 22:05:35
4524,renfe,MADRID,BARCELONA,2019-04-19 08:30:00,2019-04-19 11:15:00,2.75,AVE,Turista,75.4,Promo,,{},2019-04-11 22:05:35
4525,renfe,MADRID,BARCELONA,2019-04-19 17:30:00,2019-04-19 20:40:00,3.17,AVE,Turista,75.4,Promo,,{},2019-04-11 22:05:35
4526,renfe,MADRID,BARCELONA,2019-04-19 09:30:00,2019-04-19 12:34:00,3.07,AVE,Turista,85.1,Promo,,{},2019-04-11 22:05:35
4527,renfe,MADRID,BARCELONA,2019-04-19 19:00:00,2019-04-19 21:30:00,2.5,AVE,Preferente,98.55,Promo,,{},2019-04-11 22:05:35
4528,renfe,MADRID,BARCELONA,2019-04-19 10:30:00,2019-04-19 13:15:00,2.75,AVE,Preferente,,Promo,,{},2019-04-11 22:05:35
4529,renfe,MADRID,BARCELONA,2019-04-19 18:30:00,2019-04-19 21:20:00,2.83,AVE,Turista,85.1,Promo,,{},2019-04-11 22:05:35
4530,renfe,MADRID,BARCELONA,2019-04-19 11:30:00,2019-04-19 14:40:00,3.17,AVE,Turista,107.7,Flexible,,{},2019-04-11 22:05:35
4531,renfe,MADRID,BARCELONA,2019-04-19 08:30:00,2019-04-19 11:15:00,2.75,AVE,Turista,75.4,Promo,,{},2019-04-11 22:05:35
4532,renfe,MADRID,BARCELONA,2019-04-19 12:30:00,2019-04-19 15:30:00,3.0,AVE,Turista,107.7,Flexible,,{},2019-04-11 22:05:35
4533,renfe,MADRID,BARCELONA,2019-04-19 16:30:00,2019-04-19 19:15:00,2.75,AVE,Turista,75.4,Promo,,{},2019-04-11 22:05:35
4534,renfe,MADRID,BARCELONA,2019-04-19 13:25:00,2019-04-19 16:24:00,2.98,AVE-TGV,Turista,85.1,Promo,,{},2019-04-11 22:05:35
4535,renfe,MADRID,BARCELONA,2019-04-19 07:00:00,2019-04-19 09:30:00,2.5,AVE,Turista,68.65,Promo,,{},2019-04-11 22:05:35
4536,renfe,MADRID,BARCELONA,2019-04-19 14:30:00,2019-04-19 17:21:00,2.85,AVE,Turista,85.1,Promo,,{},2019-04-11 22:05:35
4537,renfe,MADRID,BARCELONA,2019-04-19 19:30:00,2019-04-19 22:40:00,3.17,AVE,Turista,85.1,Promo,,{},2019-04-11 22:05:35
4538,renfe,MADRID,BARCELONA,2019-04-19 15:30:00,2019-04-19 18:40:00,3.17,AVE,Turista,66.75,Promo,,{},2019-04-11 22:05:35
4539,renfe,MADRID,BARCELONA,2019-04-19 09:30:00,2019-04-19 12:34:00,3.07,AVE,Turista,85.1,Promo,,{},2019-04-11 22:05:35
4540,renfe,MADRID,BARCELONA,2019-04-19 16:30:00,2019-04-19 19:15:00,2.75,AVE,Turista,75.4,Promo,,{},2019-04-11 22:05:35
4541,renfe,MADRID,BARCELONA,2019-04-19 10:30:00,2019-04-19 13:15:00,2.75,AVE,Preferente,,Promo,,{},2019-04-11 22:05:35
4542,renfe,MADRID,BARCELONA,2019-04-19 17:30:00,2019-04-19 20:40:00,3.17,AVE,Turista,75.4,Promo,,{},2019-04-11 22:05:35
4543,renfe,MADRID,BARCELONA,2019-04-19 12:30:00,2019-04-19 15:30:00,3.0,AVE,Turista,107.7,Flexible,,{},2019-04-11 22:05:35
4544,renfe,MADRID,BARCELONA,2019-04-19 18:30:00,2019-04-19 21:20:00,2.83,AVE,Turista,85.1,Promo,,{},2019-04-11 22:05:35
4545,renfe,MADRID,BARCELONA,2019-04-19 11:30:00,2019-04-19 14:40:00,3.17,AVE,Turista,107.7,Flexible,,{},2019-04-11 22:05:35
4546,renfe,MADRID,BARCELONA,2019-04-19 19:00:00,2019-04-19 21:30:00,2.5,AVE,Preferente,98.55,Promo,,{},2019-04-11 22:05:35
4547,renfe,MADRID,BARCELONA,2019-04-19 19:30:00,2019-04-19 22:40:00,3.17,AVE,Turista,85.1,Promo,,{},2019-04-11 22:05:35
4548,renfe,MADRID,BARCELONA,2019-04-19 21:25:00,2019-04-19 23:55:00,2.5,AVE,,,,,{},2019-04-11 22:05:35
4549,renfe,MADRID,BARCELONA,2019-04-19 05:50:00,2019-04-19 08:55:00,3.08,AVE,Turista,58.15,Promo,,{},2019-04-11 22:05:35
4550,renfe,MADRID,BARCELONA,2019-04-19 07:30:00,2019-04-19 10:40:00,3.17,AVE,Turista Plus,69.8,Promo,,{},2019-04-11 22:05:35
4551,renfe,MADRID,VALENCIA,2019-04-29 12:40:00,2019-04-29 14:20:00,1.67,AVE,Turista,51.15,Promo,,{},2019-04-11 22:05:45
4552,renfe,MADRID,VALENCIA,2019-04-29 06:08:00,2019-04-29 12:55:00,6.78,REGIONAL,Turista,28.35,Adulto ida,,{},2019-04-11 22:05:45
4553,renfe,MADRID,VALENCIA,2019-04-29 11:10:00,2019-04-29 13:25:00,2.25,INTERCITY,Turista,16.6,Promo,,{},2019-04-11 22:05:45
4554,renfe,MADRID,VALENCIA,2019-04-29 08:40:00,2019-04-29 10:33:00,1.88,AVE,Turista,39.45,Promo,,{},2019-04-11 22:05:45
4555,renfe,MADRID,VALENCIA,2019-04-29 18:40:00,2019-04-29 20:20:00,1.67,AVE,Preferente,66.55,Promo,,{},2019-04-11 22:05:45
4556,renfe,MADRID,VALENCIA,2019-04-29 09:40:00,2019-04-29 11:24:00,1.73,AVE,Turista,39.45,Promo,,{},2019-04-11 22:05:45
4557,renfe,MADRID,VALENCIA,2019-04-29 06:08:00,2019-04-29 12:55:00,6.78,REGIONAL,Turista,28.35,Adulto ida,,{},2019-04-11 22:05:45
4558,renfe,MADRID,VALENCIA,2019-04-29 10:40:00,2019-04-29 12:20:00,1.67,AVE,Turista,45.3,Promo,,{},2019-04-11 22:05:45
4559,renfe,MADRID,VALENCIA,2019-04-29 15:40:00,2019-04-29 17:22:00,1.7,AVE,Turista,45.3,Promo,,{},2019-04-11 22:05:45
4560,renfe,MADRID,VALENCIA,2019-04-29 11:10:00,2019-04-29 13:25:00,2.25,INTERCITY,Turista,16.6,Promo,,{},2019-04-11 22:05:45
4561,renfe,MADRID,VALENCIA,2019-04-29 12:21:00,2019-04-29 19:04:00,6.72,REGIONAL,Turista,28.35,Adulto ida,,{},2019-04-11 22:05:45
4562,renfe,MADRID,VALENCIA,2019-04-29 11:55:00,2019-04-29 13:35:00,1.67,AVE,Turista,57.75,Promo,,{},2019-04-11 22:05:45
4563,renfe,MADRID,VALENCIA,2019-04-29 16:45:00,2019-04-29 18:50:00,2.08,ALVIA,Preferente,46.15,Promo,,{},2019-04-11 22:05:45
4564,renfe,MADRID,VALENCIA,2019-04-29 12:21:00,2019-04-29 19:04:00,6.72,REGIONAL,Turista,28.35,Adulto ida,,{},2019-04-11 22:05:45
4565,renfe,MADRID,VALENCIA,2019-04-29 20:40:00,2019-04-29 22:24:00,1.73,AVE,Turista,51.15,Promo,,{},2019-04-11 22:05:45
4566,renfe,MADRID,VALENCIA,2019-04-29 12:40:00,2019-04-29 14:20:00,1.67,AVE,Turista,51.15,Promo,,{},2019-04-11 22:05:45
4567,renfe,MADRID,VALENCIA,2019-04-29 15:30:00,2019-04-29 22:31:00,7.02,AVE-MD,Turista con enlace,,Flexible,,{},2019-04-11 22:05:45
4568,renfe,MADRID,VALENCIA,2019-04-29 14:10:00,2019-04-29 16:03:00,1.88,AVE,Turista,57.75,Promo,,{},2019-04-11 22:05:45
4569,renfe,MADRID,VALENCIA,2019-04-29 09:40:00,2019-04-29 11:24:00,1.73,AVE,Turista,39.45,Promo,,{},2019-04-11 22:05:45
4570,renfe,MADRID,VALENCIA,2019-04-29 15:10:00,2019-04-29 16:52:00,1.7,AVE,Turista,51.15,Promo,,{},2019-04-11 22:05:45
4571,renfe,MADRID,VALENCIA,2019-04-29 10:40:00,2019-04-29 12:20:00,1.67,AVE,Turista,45.3,Promo,,{},2019-04-11 22:05:45
4572,renfe,MADRID,VALENCIA,2019-04-29 15:30:00,2019-04-29 22:31:00,7.02,AVE-MD,Turista con enlace,,Flexible,,{},2019-04-11 22:05:45
4573,renfe,MADRID,VALENCIA,2019-04-29 08:40:00,2019-04-29 10:33:00,1.88,AVE,Turista,39.45,Promo,,{},2019-04-11 22:05:45
4574,renfe,MADRID,VALENCIA,2019-04-29 15:40:00,2019-04-29 17:22:00,1.7,AVE,Turista,45.3,Promo,,{},2019-04-11 22:05:45
4575,renfe,MADRID,VALENCIA,2019-04-29 16:55:00,2019-04-29 21:58:00,5.05,AVE-LD,Turista con enlace,56.1,Flexible,,{},2019-04-11 22:05:45
4576,renfe,MADRID,VALENCIA,2019-04-29 16:05:00,2019-04-29 22:47:00,6.7,REGIONAL,Turista,28.35,Adulto ida,,{},2019-04-11 22:05:45
4577,renfe,MADRID,VALENCIA,2019-04-29 17:40:00,2019-04-29 19:20:00,1.67,AVE,Preferente,66.55,Promo,,{},2019-04-11 22:05:45
4578,renfe,MADRID,VALENCIA,2019-04-29 16:45:00,2019-04-29 18:50:00,2.08,ALVIA,Preferente,46.15,Promo,,{},2019-04-11 22:05:45
4579,renfe,MADRID,VALENCIA,2019-04-29 15:10:00,2019-04-29 16:52:00,1.7,AVE,Turista,51.15,Promo,,{},2019-04-11 22:05:45
4580,renfe,MADRID,VALENCIA,2019-04-29 16:55:00,2019-04-29 21:58:00,5.05,AVE-LD,Turista con enlace,56.1,Flexible,,{},2019-04-11 22:05:45
4581,renfe,MADRID,VALENCIA,2019-04-29 17:40:00,2019-04-29 19:20:00,1.67,AVE,Preferente,66.55,Promo,,{},2019-04-11 22:05:45
4582,renfe,MADRID,VALENCIA,2019-04-29 17:48:00,2019-04-29 21:58:00,4.17,INTERCITY,Turista Plus,36.05,Promo,,{},2019-04-11 22:05:45
4583,renfe,MADRID,VALENCIA,2019-04-29 18:40:00,2019-04-29 20:20:00,1.67,AVE,Preferente,66.55,Promo,,{},2019-04-11 22:05:45
4584,renfe,MADRID,VALENCIA,2019-04-29 19:40:00,2019-04-29 21:29:00,1.82,AVE,Turista,51.15,Promo,,{},2019-04-11 22:05:45
4585,renfe,MADRID,VALENCIA,2019-04-29 20:40:00,2019-04-29 22:24:00,1.73,AVE,Turista,51.15,Promo,,{},2019-04-11 22:05:45
4586,renfe,MADRID,VALENCIA,2019-04-29 21:10:00,2019-04-29 23:03:00,1.88,AVE,Turista,57.75,Promo,,{},2019-04-11 22:05:45
4587,renfe,MADRID,VALENCIA,2019-04-29 19:40:00,2019-04-29 21:29:00,1.82,AVE,Turista,51.15,Promo,,{},2019-04-11 22:05:45
4588,renfe,MADRID,VALENCIA,2019-04-29 16:05:00,2019-04-29 22:47:00,6.7,REGIONAL,Turista,28.35,Adulto ida,,{},2019-04-11 22:05:45
4589,renfe,MADRID,VALENCIA,2019-04-29 14:10:00,2019-04-29 16:03:00,1.88,AVE,Turista,57.75,Promo,,{},2019-04-11 22:05:45
4590,renfe,MADRID,VALENCIA,2019-04-29 21:10:00,2019-04-29 23:03:00,1.88,AVE,Turista,57.75,Promo,,{},2019-04-11 22:05:45
4591,renfe,MADRID,VALENCIA,2019-04-29 11:55:00,2019-04-29 13:35:00,1.67,AVE,Turista,57.75,Promo,,{},2019-04-11 22:05:45
4592,renfe,MADRID,VALENCIA,2019-04-29 17:48:00,2019-04-29 21:58:00,4.17,INTERCITY,Turista Plus,36.05,Promo,,{},2019-04-11 22:05:45
4593,renfe,MADRID,BARCELONA,2019-06-01 15:30:00,2019-06-01 18:40:00,3.17,AVE,Turista Plus,80.15,Promo,,{},2019-04-11 22:05:51
4594,renfe,MADRID,BARCELONA,2019-06-01 06:20:00,2019-06-01 09:29:00,3.15,AVE,Turista,58.15,Promo,,{},2019-04-11 22:05:51
4595,renfe,MADRID,BARCELONA,2019-06-01 07:30:00,2019-06-01 10:40:00,3.17,AVE,Turista,75.4,Promo,,{},2019-04-11 22:05:51
4596,renfe,MADRID,BARCELONA,2019-06-01 07:30:00,2019-06-01 10:40:00,3.17,AVE,Turista,75.4,Promo,,{},2019-04-11 22:05:51
4597,renfe,MADRID,BARCELONA,2019-06-01 13:25:00,2019-06-01 16:24:00,2.98,AVE-TGV,Turista,66.75,Promo,,{},2019-04-11 22:05:51
4598,renfe,MADRID,BARCELONA,2019-06-01 08:30:00,2019-06-01 11:15:00,2.75,AVE,Turista,85.1,Promo,,{},2019-04-11 22:05:51
4599,renfe,MADRID,BARCELONA,2019-06-01 06:20:00,2019-06-01 09:29:00,3.15,AVE,Turista,58.15,Promo,,{},2019-04-11 22:05:51
4600,renfe,MADRID,BARCELONA,2019-06-01 09:30:00,2019-06-01 12:34:00,3.07,AVE,Turista,75.4,Promo,,{},2019-04-11 22:05:51
4601,renfe,MADRID,BARCELONA,2019-06-01 08:30:00,2019-06-01 11:15:00,2.75,AVE,Turista,85.1,Promo,,{},2019-04-11 22:05:51
4602,renfe,MADRID,BARCELONA,2019-06-01 10:30:00,2019-06-01 13:15:00,2.75,AVE,Turista,75.4,Promo,,{},2019-04-11 22:05:51
4603,renfe,MADRID,BARCELONA,2019-06-01 19:30:00,2019-06-01 22:40:00,3.17,AVE,Turista Plus,38.8,Promo,,{},2019-04-11 22:05:51
4604,renfe,MADRID,BARCELONA,2019-06-01 11:30:00,2019-06-01 14:40:00,3.17,AVE,Turista,75.4,Promo,,{},2019-04-11 22:05:51
4605,renfe,MADRID,BARCELONA,2019-06-01 09:30:00,2019-06-01 12:34:00,3.07,AVE,Turista,75.4,Promo,,{},2019-04-11 22:05:51
4606,renfe,MADRID,BARCELONA,2019-06-01 12:30:00,2019-06-01 15:30:00,3.0,AVE,Turista Plus,80.15,Promo,,{},2019-04-11 22:05:51
4607,renfe,MADRID,BARCELONA,2019-06-01 17:30:00,2019-06-01 20:40:00,3.17,AVE,Turista Plus,38.8,Promo,,{},2019-04-11 22:05:51
4608,renfe,MADRID,BARCELONA,2019-06-01 13:25:00,2019-06-01 16:24:00,2.98,AVE-TGV,Turista,66.75,Promo,,{},2019-04-11 22:05:51
4609,renfe,MADRID,BARCELONA,2019-06-01 12:30:00,2019-06-01 15:30:00,3.0,AVE,Turista Plus,80.15,Promo,,{},2019-04-11 22:05:51
4610,renfe,MADRID,BARCELONA,2019-06-01 15:30:00,2019-06-01 18:40:00,3.17,AVE,Turista Plus,80.15,Promo,,{},2019-04-11 22:05:51
4611,renfe,MADRID,BARCELONA,2019-06-01 18:30:00,2019-06-01 21:20:00,2.83,AVE,Turista Plus,69.8,Promo,,{},2019-04-11 22:05:51
4612,renfe,MADRID,BARCELONA,2019-06-01 16:30:00,2019-06-01 19:15:00,2.75,AVE,Turista Plus,80.15,Promo,,{},2019-04-11 22:05:51
4613,renfe,MADRID,BARCELONA,2019-06-01 11:30:00,2019-06-01 14:40:00,3.17,AVE,Turista,75.4,Promo,,{},2019-04-11 22:05:51
4614,renfe,MADRID,BARCELONA,2019-06-01 17:30:00,2019-06-01 20:40:00,3.17,AVE,Turista Plus,38.8,Promo,,{},2019-04-11 22:05:51
4615,renfe,MADRID,BARCELONA,2019-06-01 10:30:00,2019-06-01 13:15:00,2.75,AVE,Turista,75.4,Promo,,{},2019-04-11 22:05:51
4616,renfe,MADRID,BARCELONA,2019-06-01 18:30:00,2019-06-01 21:20:00,2.83,AVE,Turista Plus,69.8,Promo,,{},2019-04-11 22:05:51
4617,renfe,MADRID,BARCELONA,2019-06-01 20:30:00,2019-06-01 23:40:00,3.17,AVE,Turista Plus,59.5,Promo,,{},2019-04-11 22:05:51
4618,renfe,MADRID,BARCELONA,2019-06-01 19:30:00,2019-06-01 22:40:00,3.17,AVE,Turista Plus,38.8,Promo,,{},2019-04-11 22:05:51
4619,renfe,MADRID,BARCELONA,2019-06-01 20:30:00,2019-06-01 23:40:00,3.17,AVE,Turista Plus,59.5,Promo,,{},2019-04-11 22:05:51
4620,renfe,MADRID,BARCELONA,2019-06-01 16:30:00,2019-06-01 19:15:00,2.75,AVE,Turista Plus,80.15,Promo,,{},2019-04-11 22:05:51
4621,renfe,MADRID,BARCELONA,2019-06-02 12:30:00,2019-06-02 15:30:00,3.0,AVE,Preferente,,Promo,,{},2019-04-11 22:06:01
4622,renfe,MADRID,BARCELONA,2019-06-02 06:20:00,2019-06-02 09:29:00,3.15,AVE,Turista Plus,59.5,Promo,,{},2019-04-11 22:06:01
4623,renfe,MADRID,BARCELONA,2019-06-02 21:25:00,2019-06-02 23:55:00,2.5,AVE,Turista,75.4,Promo,,{},2019-04-11 22:06:01
4624,renfe,MADRID,BARCELONA,2019-06-02 07:30:00,2019-06-02 10:40:00,3.17,AVE,Turista,66.75,Promo,,{},2019-04-11 22:06:01
4625,renfe,MADRID,BARCELONA,2019-06-02 14:00:00,2019-06-02 16:30:00,2.5,AVE,Turista,88.95,Promo,,{},2019-04-11 22:06:01
4626,renfe,MADRID,BARCELONA,2019-06-02 08:30:00,2019-06-02 11:15:00,2.75,AVE,Turista,85.1,Promo,,{},2019-04-11 22:06:01
4627,renfe,MADRID,BARCELONA,2019-06-02 17:30:00,2019-06-02 20:40:00,3.17,AVE,Preferente,,Promo,,{},2019-04-11 22:06:01
4628,renfe,MADRID,BARCELONA,2019-06-02 09:30:00,2019-06-02 12:34:00,3.07,AVE,Turista,85.1,Promo,,{},2019-04-11 22:06:01
4629,renfe,MADRID,BARCELONA,2019-06-02 17:00:00,2019-06-02 19:30:00,2.5,AVE,Turista,88.95,Promo,,{},2019-04-11 22:06:01
4630,renfe,MADRID,BARCELONA,2019-06-02 10:30:00,2019-06-02 13:15:00,2.75,AVE,Turista,85.1,Promo,,{},2019-04-11 22:06:01
4631,renfe,MADRID,BARCELONA,2019-06-02 10:30:00,2019-06-02 13:15:00,2.75,AVE,Turista,85.1,Promo,,{},2019-04-11 22:06:01
4632,renfe,MADRID,BARCELONA,2019-06-02 11:30:00,2019-06-02 14:40:00,3.17,AVE,Turista,107.7,Flexible,,{},2019-04-11 22:06:01
4633,renfe,MADRID,BARCELONA,2019-06-02 19:00:00,2019-06-02 21:30:00,2.5,AVE,Preferente,98.55,Promo,,{},2019-04-11 22:06:01
4634,renfe,MADRID,BARCELONA,2019-06-02 12:30:00,2019-06-02 15:30:00,3.0,AVE,Preferente,,Promo,,{},2019-04-11 22:06:01
4635,renfe,MADRID,BARCELONA,2019-06-02 06:20:00,2019-06-02 09:29:00,3.15,AVE,Turista Plus,59.5,Promo,,{},2019-04-11 22:06:01
4636,renfe,MADRID,BARCELONA,2019-06-02 13:25:00,2019-06-02 16:24:00,2.98,AVE-TGV,Turista,75.4,Promo,,{},2019-04-11 22:06:01
4637,renfe,MADRID,BARCELONA,2019-06-02 11:30:00,2019-06-02 14:40:00,3.17,AVE,Turista,107.7,Flexible,,{},2019-04-11 22:06:01
4638,renfe,MADRID,BARCELONA,2019-06-02 14:00:00,2019-06-02 16:30:00,2.5,AVE,Turista,88.95,Promo,,{},2019-04-11 22:06:01
4639,renfe,MADRID,BARCELONA,2019-06-02 15:30:00,2019-06-02 18:40:00,3.17,AVE,Turista Plus,90.5,Promo,,{},2019-04-11 22:06:01
4640,renfe,MADRID,BARCELONA,2019-06-02 14:30:00,2019-06-02 17:21:00,2.85,AVE,Turista Plus,90.5,Promo,,{},2019-04-11 22:06:01
4641,renfe,MADRID,BARCELONA,2019-06-02 20:00:00,2019-06-02 22:30:00,2.5,AVE,Turista,88.95,Promo,,{},2019-04-11 22:06:01
4642,renfe,MADRID,BARCELONA,2019-06-02 15:30:00,2019-06-02 18:40:00,3.17,AVE,Turista Plus,90.5,Promo,,{},2019-04-11 22:06:01
4643,renfe,MADRID,BARCELONA,2019-06-02 09:30:00,2019-06-02 12:34:00,3.07,AVE,Turista,85.1,Promo,,{},2019-04-11 22:06:01
4644,renfe,MADRID,BARCELONA,2019-06-02 16:00:00,2019-06-02 18:30:00,2.5,AVE,Turista,88.95,Promo,,{},2019-04-11 22:06:01
4645,renfe,MADRID,BARCELONA,2019-06-02 18:30:00,2019-06-02 21:20:00,2.83,AVE,Preferente,,Promo,,{},2019-04-11 22:06:01
4646,renfe,MADRID,BARCELONA,2019-06-02 16:30:00,2019-06-02 19:15:00,2.75,AVE,Preferente,,Promo,,{},2019-04-11 22:06:01
4647,renfe,MADRID,BARCELONA,2019-06-02 17:00:00,2019-06-02 19:30:00,2.5,AVE,Turista,88.95,Promo,,{},2019-04-11 22:06:01
4648,renfe,MADRID,BARCELONA,2019-06-02 17:30:00,2019-06-02 20:40:00,3.17,AVE,Preferente,,Promo,,{},2019-04-11 22:06:01
4649,renfe,MADRID,BARCELONA,2019-06-02 18:00:00,2019-06-02 20:30:00,2.5,AVE,Turista,100.4,Promo,,{},2019-04-11 22:06:01
4650,renfe,MADRID,BARCELONA,2019-06-02 18:30:00,2019-06-02 21:20:00,2.83,AVE,Preferente,,Promo,,{},2019-04-11 22:06:01
4651,renfe,MADRID,BARCELONA,2019-06-02 19:00:00,2019-06-02 21:30:00,2.5,AVE,Preferente,98.55,Promo,,{},2019-04-11 22:06:01
4652,renfe,MADRID,BARCELONA,2019-06-02 19:30:00,2019-06-02 22:40:00,3.17,AVE,Turista,85.1,Promo,,{},2019-04-11 22:06:01
4653,renfe,MADRID,BARCELONA,2019-06-02 20:00:00,2019-06-02 22:30:00,2.5,AVE,Turista,88.95,Promo,,{},2019-04-11 22:06:01
4654,renfe,MADRID,BARCELONA,2019-06-02 20:30:00,2019-06-02 23:40:00,3.17,AVE,Turista Plus,80.15,Promo,,{},2019-04-11 22:06:01
4655,renfe,MADRID,BARCELONA,2019-06-02 21:25:00,2019-06-02 23:55:00,2.5,AVE,Turista,75.4,Promo,,{},2019-04-11 22:06:01
4656,renfe,MADRID,BARCELONA,2019-06-02 08:30:00,2019-06-02 11:15:00,2.75,AVE,Turista,85.1,Promo,,{},2019-04-11 22:06:01
4657,renfe,MADRID,BARCELONA,2019-06-02 20:30:00,2019-06-02 23:40:00,3.17,AVE,Turista Plus,80.15,Promo,,{},2019-04-11 22:06:01
4658,renfe,MADRID,BARCELONA,2019-06-02 16:00:00,2019-06-02 18:30:00,2.5,AVE,Turista,88.95,Promo,,{},2019-04-11 22:06:01
4659,renfe,MADRID,BARCELONA,2019-06-02 16:30:00,2019-06-02 19:15:00,2.75,AVE,Preferente,,Promo,,{},2019-04-11 22:06:01
4660,renfe,MADRID,BARCELONA,2019-06-02 07:30:00,2019-06-02 10:40:00,3.17,AVE,Turista,66.75,Promo,,{},2019-04-11 22:06:01
4661,renfe,MADRID,BARCELONA,2019-06-02 14:30:00,2019-06-02 17:21:00,2.85,AVE,Turista Plus,90.5,Promo,,{},2019-04-11 22:06:01
4662,renfe,MADRID,BARCELONA,2019-06-02 19:30:00,2019-06-02 22:40:00,3.17,AVE,Turista,85.1,Promo,,{},2019-04-11 22:06:01
4663,renfe,MADRID,BARCELONA,2019-06-02 13:25:00,2019-06-02 16:24:00,2.98,AVE-TGV,Turista,75.4,Promo,,{},2019-04-11 22:06:01
4664,renfe,MADRID,BARCELONA,2019-06-02 18:00:00,2019-06-02 20:30:00,2.5,AVE,Turista,100.4,Promo,,{},2019-04-11 22:06:01
4665,renfe,MADRID,BARCELONA,2019-06-03 07:15:00,2019-06-03 16:37:00,9.37,R. EXPRES,Turista,43.25,Adulto ida,,{},2019-04-11 22:06:07
4666,renfe,MADRID,BARCELONA,2019-06-03 07:15:00,2019-06-03 16:37:00,9.37,R. EXPRES,Turista,43.25,Adulto ida,,{},2019-04-11 22:06:07
4667,renfe,MADRID,BARCELONA,2019-05-04 16:30:00,2019-05-04 19:15:00,2.75,AVE,Turista Plus,80.15,Promo,,{},2019-04-11 22:06:17
4668,renfe,MADRID,BARCELONA,2019-05-04 06:20:00,2019-05-04 09:29:00,3.15,AVE,Turista Plus,69.8,Promo,,{},2019-04-11 22:06:17
4669,renfe,MADRID,BARCELONA,2019-05-04 19:30:00,2019-05-04 22:40:00,3.17,AVE,Turista Plus,59.5,Promo,,{},2019-04-11 22:06:17
4670,renfe,MADRID,BARCELONA,2019-05-04 07:30:00,2019-05-04 10:40:00,3.17,AVE,Turista,85.08,Promo,,{},2019-04-11 22:06:17
4671,renfe,MADRID,BARCELONA,2019-05-04 08:30:00,2019-05-04 11:15:00,2.75,AVE,Turista,85.1,Promo,,{},2019-04-11 22:06:17
4672,renfe,MADRID,BARCELONA,2019-05-04 08:30:00,2019-05-04 11:15:00,2.75,AVE,Turista,85.1,Promo,,{},2019-04-11 22:06:17
4673,renfe,MADRID,BARCELONA,2019-05-04 10:30:00,2019-05-04 13:15:00,2.75,AVE,Turista,75.4,Promo,,{},2019-04-11 22:06:17
4674,renfe,MADRID,BARCELONA,2019-05-04 09:30:00,2019-05-04 12:34:00,3.07,AVE,Turista,85.1,Promo,,{},2019-04-11 22:06:17
4675,renfe,MADRID,BARCELONA,2019-05-04 18:30:00,2019-05-04 21:20:00,2.83,AVE,Turista Plus,69.8,Promo,,{},2019-04-11 22:06:17
4676,renfe,MADRID,BARCELONA,2019-05-04 10:30:00,2019-05-04 13:15:00,2.75,AVE,Turista,75.4,Promo,,{},2019-04-11 22:06:17
4677,renfe,MADRID,BARCELONA,2019-05-04 20:30:00,2019-05-04 23:40:00,3.17,AVE,Turista,75.4,Promo,,{},2019-04-11 22:06:17
4678,renfe,MADRID,BARCELONA,2019-05-04 11:30:00,2019-05-04 14:40:00,3.17,AVE,Turista,85.1,Promo,,{},2019-04-11 22:06:17
4679,renfe,MADRID,BARCELONA,2019-05-04 06:20:00,2019-05-04 09:29:00,3.15,AVE,Turista Plus,69.8,Promo,,{},2019-04-11 22:06:17
4680,renfe,MADRID,BARCELONA,2019-05-04 12:30:00,2019-05-04 15:30:00,3.0,AVE,Turista Plus,80.15,Promo,,{},2019-04-11 22:06:17
4681,renfe,MADRID,BARCELONA,2019-05-04 13:25:00,2019-05-04 16:24:00,2.98,AVE-TGV,Turista,85.1,Promo,,{},2019-04-11 22:06:17
4682,renfe,MADRID,BARCELONA,2019-05-04 13:25:00,2019-05-04 16:24:00,2.98,AVE-TGV,Turista,85.1,Promo,,{},2019-04-11 22:06:17
4683,renfe,MADRID,BARCELONA,2019-05-04 12:30:00,2019-05-04 15:30:00,3.0,AVE,Turista Plus,80.15,Promo,,{},2019-04-11 22:06:17
4684,renfe,MADRID,BARCELONA,2019-05-04 15:30:00,2019-05-04 18:40:00,3.17,AVE,Turista Plus,90.5,Promo,,{},2019-04-11 22:06:17
4685,renfe,MADRID,BARCELONA,2019-05-04 16:30:00,2019-05-04 19:15:00,2.75,AVE,Turista Plus,80.15,Promo,,{},2019-04-11 22:06:17
4686,renfe,MADRID,BARCELONA,2019-05-04 17:30:00,2019-05-04 20:40:00,3.17,AVE,Turista,85.1,Promo,,{},2019-04-11 22:06:17
4687,renfe,MADRID,BARCELONA,2019-05-04 18:30:00,2019-05-04 21:20:00,2.83,AVE,Turista Plus,69.8,Promo,,{},2019-04-11 22:06:17
4688,renfe,MADRID,BARCELONA,2019-05-04 19:30:00,2019-05-04 22:40:00,3.17,AVE,Turista Plus,59.5,Promo,,{},2019-04-11 22:06:17
4689,renfe,MADRID,BARCELONA,2019-05-04 20:30:00,2019-05-04 23:40:00,3.17,AVE,Turista,75.4,Promo,,{},2019-04-11 22:06:17
4690,renfe,MADRID,BARCELONA,2019-05-04 15:30:00,2019-05-04 18:40:00,3.17,AVE,Turista Plus,90.5,Promo,,{},2019-04-11 22:06:17
4691,renfe,MADRID,BARCELONA,2019-05-04 07:30:00,2019-05-04 10:40:00,3.17,AVE,Turista,85.08,Promo,,{},2019-04-11 22:06:17
4692,renfe,MADRID,BARCELONA,2019-05-04 11:30:00,2019-05-04 14:40:00,3.17,AVE,Turista,85.1,Promo,,{},2019-04-11 22:06:17
4693,renfe,MADRID,BARCELONA,2019-05-04 17:30:00,2019-05-04 20:40:00,3.17,AVE,Turista,85.1,Promo,,{},2019-04-11 22:06:17
4694,renfe,MADRID,BARCELONA,2019-05-04 09:30:00,2019-05-04 12:34:00,3.07,AVE,Turista,85.1,Promo,,{},2019-04-11 22:06:17
4695,renfe,MADRID,BARCELONA,2019-06-04 07:15:00,2019-06-04 16:37:00,9.37,R. EXPRES,Turista,43.25,Adulto ida,,{},2019-04-11 22:06:23
4696,renfe,MADRID,BARCELONA,2019-06-04 07:15:00,2019-06-04 16:37:00,9.37,R. EXPRES,Turista,43.25,Adulto ida,,{},2019-04-11 22:06:23
4697,renfe,MADRID,BARCELONA,2019-05-20 18:00:00,2019-05-20 20:30:00,2.5,AVE,Turista,88.95,Promo,,{},2019-04-11 22:06:33
4698,renfe,MADRID,BARCELONA,2019-05-20 05:50:00,2019-05-20 08:55:00,3.08,AVE,Turista,58.15,Promo,,{},2019-04-11 22:06:33
4699,renfe,MADRID,BARCELONA,2019-05-20 15:30:00,2019-05-20 18:40:00,3.17,AVE,Turista,85.1,Promo,,{},2019-04-11 22:06:33
4700,renfe,MADRID,BARCELONA,2019-05-20 06:10:00,2019-05-20 08:40:00,2.5,AVE,Turista Plus,80.15,Promo,,{},2019-04-11 22:06:33
4701,renfe,MADRID,BARCELONA,2019-05-20 18:30:00,2019-05-20 21:20:00,2.83,AVE,Turista Plus,69.8,Promo,,{},2019-04-11 22:06:33
4702,renfe,MADRID,BARCELONA,2019-05-20 06:30:00,2019-05-20 09:20:00,2.83,AVE,Turista Plus,80.15,Promo,,{},2019-04-11 22:06:33
4703,renfe,MADRID,BARCELONA,2019-05-20 10:30:00,2019-05-20 13:15:00,2.75,AVE,Turista,75.4,Promo,,{},2019-04-11 22:06:33
4704,renfe,MADRID,BARCELONA,2019-05-20 07:00:00,2019-05-20 09:30:00,2.5,AVE,Turista,100.4,Promo,,{},2019-04-11 22:06:33
4705,renfe,MADRID,BARCELONA,2019-05-20 07:15:00,2019-05-20 16:37:00,9.37,R. EXPRES,Turista,43.25,Adulto ida,,{},2019-04-11 22:06:33
4706,renfe,MADRID,BARCELONA,2019-05-20 07:15:00,2019-05-20 16:37:00,9.37,R. EXPRES,Turista,43.25,Adulto ida,,{},2019-04-11 22:06:33
4707,renfe,MADRID,BARCELONA,2019-05-20 11:30:00,2019-05-20 14:40:00,3.17,AVE,Turista,107.7,Flexible,,{},2019-04-11 22:06:33
4708,renfe,MADRID,BARCELONA,2019-05-20 07:20:00,2019-05-20 09:50:00,2.5,AVE,Turista,100.4,Promo,,{},2019-04-11 22:06:33
4709,renfe,MADRID,BARCELONA,2019-05-20 12:30:00,2019-05-20 15:30:00,3.0,AVE,Turista Plus,90.5,Promo,,{},2019-04-11 22:06:33
4710,renfe,MADRID,BARCELONA,2019-05-20 07:30:00,2019-05-20 10:40:00,3.17,AVE,Turista,85.1,Promo,,{},2019-04-11 22:06:33
4711,renfe,MADRID,BARCELONA,2019-05-20 20:30:00,2019-05-20 23:40:00,3.17,AVE,Turista,49.55,Promo,,{},2019-04-11 22:06:33
4712,renfe,MADRID,BARCELONA,2019-05-20 08:00:00,2019-05-20 10:30:00,2.5,AVE,Turista,100.4,Promo,,{},2019-04-11 22:06:33
4713,renfe,MADRID,BARCELONA,2019-05-20 17:00:00,2019-05-20 19:30:00,2.5,AVE,Turista,88.95,Promo,,{},2019-04-11 22:06:33
4714,renfe,MADRID,BARCELONA,2019-05-20 08:20:00,2019-05-20 11:05:00,2.75,AVE,Turista,85.1,Promo,,{},2019-04-11 22:06:33
4715,renfe,MADRID,BARCELONA,2019-05-20 20:00:00,2019-05-20 22:30:00,2.5,AVE,Turista,58.45,Promo,,{},2019-04-11 22:06:33
4716,renfe,MADRID,BARCELONA,2019-05-20 08:30:00,2019-05-20 11:15:00,2.75,AVE,Turista,85.1,Promo,,{},2019-04-11 22:06:33
4717,renfe,MADRID,BARCELONA,2019-05-20 19:30:00,2019-05-20 22:40:00,3.17,AVE,Turista,40.95,Promo,,{},2019-04-11 22:06:33
4718,renfe,MADRID,BARCELONA,2019-05-20 09:30:00,2019-05-20 12:34:00,3.07,AVE,Turista,85.1,Promo,,{},2019-04-11 22:06:33
4719,renfe,MADRID,BARCELONA,2019-05-20 16:00:00,2019-05-20 18:30:00,2.5,AVE,Turista,88.95,Promo,,{},2019-04-11 22:06:33
4720,renfe,MADRID,BARCELONA,2019-05-20 10:30:00,2019-05-20 13:15:00,2.75,AVE,Turista,75.4,Promo,,{},2019-04-11 22:06:33
4721,renfe,MADRID,BARCELONA,2019-05-20 19:00:00,2019-05-20 21:30:00,2.5,AVE,Turista Plus,94.55,Promo,,{},2019-04-11 22:06:33
4722,renfe,MADRID,BARCELONA,2019-05-20 11:30:00,2019-05-20 14:40:00,3.17,AVE,Turista,107.7,Flexible,,{},2019-04-11 22:06:33
4723,renfe,MADRID,BARCELONA,2019-05-20 14:30:00,2019-05-20 17:21:00,2.85,AVE,Turista,75.4,Promo,,{},2019-04-11 22:06:33
4724,renfe,MADRID,BARCELONA,2019-05-20 12:30:00,2019-05-20 15:30:00,3.0,AVE,Turista Plus,90.5,Promo,,{},2019-04-11 22:06:33
4725,renfe,MADRID,BARCELONA,2019-05-20 07:20:00,2019-05-20 09:50:00,2.5,AVE,Turista,100.4,Promo,,{},2019-04-11 22:06:33
4726,renfe,MADRID,BARCELONA,2019-05-20 13:25:00,2019-05-20 16:24:00,2.98,AVE-TGV,Turista,66.75,Promo,,{},2019-04-11 22:06:33
4727,renfe,MADRID,BARCELONA,2019-05-20 08:00:00,2019-05-20 10:30:00,2.5,AVE,Turista,100.4,Promo,,{},2019-04-11 22:06:33
4728,renfe,MADRID,BARCELONA,2019-05-20 14:00:00,2019-05-20 16:30:00,2.5,AVE,Turista,78.8,Promo,,{},2019-04-11 22:06:33
4729,renfe,MADRID,BARCELONA,2019-05-20 16:30:00,2019-05-20 19:15:00,2.75,AVE,Turista,85.1,Promo,,{},2019-04-11 22:06:33
4730,renfe,MADRID,BARCELONA,2019-05-20 14:30:00,2019-05-20 17:21:00,2.85,AVE,Turista,75.4,Promo,,{},2019-04-11 22:06:33
4731,renfe,MADRID,BARCELONA,2019-05-20 08:20:00,2019-05-20 11:05:00,2.75,AVE,Turista,85.1,Promo,,{},2019-04-11 22:06:33
4732,renfe,MADRID,BARCELONA,2019-05-20 15:00:00,2019-05-20 17:30:00,2.5,AVE,Turista,78.8,Promo,,{},2019-04-11 22:06:33
4733,renfe,MADRID,BARCELONA,2019-05-20 08:30:00,2019-05-20 11:15:00,2.75,AVE,Turista,85.1,Promo,,{},2019-04-11 22:06:33
4734,renfe,MADRID,BARCELONA,2019-05-20 15:30:00,2019-05-20 18:40:00,3.17,AVE,Turista,85.1,Promo,,{},2019-04-11 22:06:33
4735,renfe,MADRID,BARCELONA,2019-05-20 06:10:00,2019-05-20 08:40:00,2.5,AVE,Turista Plus,80.15,Promo,,{},2019-04-11 22:06:33
4736,renfe,MADRID,BARCELONA,2019-05-20 16:00:00,2019-05-20 18:30:00,2.5,AVE,Turista,88.95,Promo,,{},2019-04-11 22:06:33
4737,renfe,MADRID,BARCELONA,2019-05-20 21:25:00,2019-05-20 23:55:00,2.5,AVE,Turista,49.55,Promo,,{},2019-04-11 22:06:33
4738,renfe,MADRID,BARCELONA,2019-05-20 16:30:00,2019-05-20 19:15:00,2.75,AVE,Turista,85.1,Promo,,{},2019-04-11 22:06:33
4739,renfe,MADRID,BARCELONA,2019-05-20 09:30:00,2019-05-20 12:34:00,3.07,AVE,Turista,85.1,Promo,,{},2019-04-11 22:06:33
4740,renfe,MADRID,BARCELONA,2019-05-20 17:00:00,2019-05-20 19:30:00,2.5,AVE,Turista,88.95,Promo,,{},2019-04-11 22:06:33
4741,renfe,MADRID,BARCELONA,2019-05-20 07:00:00,2019-05-20 09:30:00,2.5,AVE,Turista,100.4,Promo,,{},2019-04-11 22:06:33
4742,renfe,MADRID,BARCELONA,2019-05-20 17:30:00,2019-05-20 20:40:00,3.17,AVE,Turista,85.1,Promo,,{},2019-04-11 22:06:33
4743,renfe,MADRID,BARCELONA,2019-05-20 18:00:00,2019-05-20 20:30:00,2.5,AVE,Turista,88.95,Promo,,{},2019-04-11 22:06:33
4744,renfe,MADRID,BARCELONA,2019-05-20 18:30:00,2019-05-20 21:20:00,2.83,AVE,Turista Plus,69.8,Promo,,{},2019-04-11 22:06:33
4745,renfe,MADRID,BARCELONA,2019-05-20 19:00:00,2019-05-20 21:30:00,2.5,AVE,Turista Plus,94.55,Promo,,{},2019-04-11 22:06:33
4746,renfe,MADRID,BARCELONA,2019-05-20 19:30:00,2019-05-20 22:40:00,3.17,AVE,Turista,40.95,Promo,,{},2019-04-11 22:06:33
4747,renfe,MADRID,BARCELONA,2019-05-20 20:00:00,2019-05-20 22:30:00,2.5,AVE,Turista,58.45,Promo,,{},2019-04-11 22:06:33
4748,renfe,MADRID,BARCELONA,2019-05-20 20:30:00,2019-05-20 23:40:00,3.17,AVE,Turista,49.55,Promo,,{},2019-04-11 22:06:33
4749,renfe,MADRID,BARCELONA,2019-05-20 21:25:00,2019-05-20 23:55:00,2.5,AVE,Turista,49.55,Promo,,{},2019-04-11 22:06:33
4750,renfe,MADRID,BARCELONA,2019-05-20 15:00:00,2019-05-20 17:30:00,2.5,AVE,Turista,78.8,Promo,,{},2019-04-11 22:06:33
4751,renfe,MADRID,BARCELONA,2019-05-20 07:30:00,2019-05-20 10:40:00,3.17,AVE,Turista,85.1,Promo,,{},2019-04-11 22:06:33
4752,renfe,MADRID,BARCELONA,2019-05-20 05:50:00,2019-05-20 08:55:00,3.08,AVE,Turista,58.15,Promo,,{},2019-04-11 22:06:33
4753,renfe,MADRID,BARCELONA,2019-05-20 17:30:00,2019-05-20 20:40:00,3.17,AVE,Turista,85.1,Promo,,{},2019-04-11 22:06:33
4754,renfe,MADRID,BARCELONA,2019-05-20 14:00:00,2019-05-20 16:30:00,2.5,AVE,Turista,78.8,Promo,,{},2019-04-11 22:06:33
4755,renfe,MADRID,BARCELONA,2019-05-20 13:25:00,2019-05-20 16:24:00,2.98,AVE-TGV,Turista,66.75,Promo,,{},2019-04-11 22:06:33
4756,renfe,MADRID,BARCELONA,2019-05-20 06:30:00,2019-05-20 09:20:00,2.83,AVE,Turista Plus,80.15,Promo,,{},2019-04-11 22:06:33
4757,renfe,MADRID,BARCELONA,2019-06-05 07:15:00,2019-06-05 16:37:00,9.37,R. EXPRES,Turista,43.25,Adulto ida,,{},2019-04-11 22:06:39
4758,renfe,MADRID,BARCELONA,2019-06-05 07:15:00,2019-06-05 16:37:00,9.37,R. EXPRES,Turista,43.25,Adulto ida,,{},2019-04-11 22:06:39
4759,renfe,MADRID,BARCELONA,2019-06-06 07:15:00,2019-06-06 16:37:00,9.37,R. EXPRES,Turista,43.25,Adulto ida,,{},2019-04-11 22:06:49
4760,renfe,MADRID,BARCELONA,2019-06-06 07:15:00,2019-06-06 16:37:00,9.37,R. EXPRES,Turista,43.25,Adulto ida,,{},2019-04-11 22:06:49
4761,renfe,MADRID,BARCELONA,2019-04-21 14:30:00,2019-04-21 17:21:00,2.85,AVE,Turista,107.7,Flexible,,{},2019-04-11 22:06:55
4762,renfe,MADRID,BARCELONA,2019-04-21 06:20:00,2019-04-21 09:29:00,3.15,AVE,Turista,66.75,Promo,,{},2019-04-11 22:06:55
4763,renfe,MADRID,BARCELONA,2019-04-21 20:00:00,2019-04-21 22:30:00,2.5,AVE,Turista,127.1,Flexible,,{},2019-04-11 22:06:55
4764,renfe,MADRID,BARCELONA,2019-04-21 07:30:00,2019-04-21 10:40:00,3.17,AVE,Turista,66.75,Promo,,{},2019-04-11 22:06:55
4765,renfe,MADRID,BARCELONA,2019-04-21 13:25:00,2019-04-21 16:24:00,2.98,AVE-TGV,Turista,107.7,Flexible,,{},2019-04-11 22:06:55
4766,renfe,MADRID,BARCELONA,2019-04-21 08:30:00,2019-04-21 11:15:00,2.75,AVE,Turista,75.4,Promo,,{},2019-04-11 22:06:55
4767,renfe,MADRID,BARCELONA,2019-04-21 07:30:00,2019-04-21 10:40:00,3.17,AVE,Turista,66.75,Promo,,{},2019-04-11 22:06:55
4768,renfe,MADRID,BARCELONA,2019-04-21 09:30:00,2019-04-21 12:34:00,3.07,AVE,Turista,75.4,Promo,,{},2019-04-11 22:06:55
4769,renfe,MADRID,BARCELONA,2019-04-21 06:20:00,2019-04-21 09:29:00,3.15,AVE,Turista,66.75,Promo,,{},2019-04-11 22:06:55
4770,renfe,MADRID,BARCELONA,2019-04-21 10:30:00,2019-04-21 13:15:00,2.75,AVE,Preferente,,Promo,,{},2019-04-11 22:06:55
4771,renfe,MADRID,BARCELONA,2019-04-21 09:30:00,2019-04-21 12:34:00,3.07,AVE,Turista,75.4,Promo,,{},2019-04-11 22:06:55
4772,renfe,MADRID,BARCELONA,2019-04-21 11:30:00,2019-04-21 14:40:00,3.17,AVE,Turista,107.7,Flexible,,{},2019-04-11 22:06:55
4773,renfe,MADRID,BARCELONA,2019-04-21 10:30:00,2019-04-21 13:15:00,2.75,AVE,Preferente,,Promo,,{},2019-04-11 22:06:55
4774,renfe,MADRID,BARCELONA,2019-04-21 12:30:00,2019-04-21 15:30:00,3.0,AVE,Turista Plus,102.15,Promo,,{},2019-04-11 22:06:55
4775,renfe,MADRID,BARCELONA,2019-04-21 20:30:00,2019-04-21 23:40:00,3.17,AVE,Turista,85.1,Promo,,{},2019-04-11 22:06:55
4776,renfe,MADRID,BARCELONA,2019-04-21 13:25:00,2019-04-21 16:24:00,2.98,AVE-TGV,Turista,107.7,Flexible,,{},2019-04-11 22:06:55
4777,renfe,MADRID,BARCELONA,2019-04-21 21:25:00,2019-04-21 23:55:00,2.5,AVE,,,,,{},2019-04-11 22:06:55
4778,renfe,MADRID,BARCELONA,2019-04-21 14:00:00,2019-04-21 16:30:00,2.5,AVE,Turista,127.1,Flexible,,{},2019-04-11 22:06:55
4779,renfe,MADRID,BARCELONA,2019-04-21 19:30:00,2019-04-21 22:40:00,3.17,AVE,Preferente,181.5,Flexible,,{},2019-04-11 22:06:55
4780,renfe,MADRID,BARCELONA,2019-04-21 14:30:00,2019-04-21 17:21:00,2.85,AVE,Turista,107.7,Flexible,,{},2019-04-11 22:06:55
4781,renfe,MADRID,BARCELONA,2019-04-21 17:00:00,2019-04-21 19:30:00,2.5,AVE,Turista,127.1,Flexible,,{},2019-04-11 22:06:55
4782,renfe,MADRID,BARCELONA,2019-04-21 15:30:00,2019-04-21 18:40:00,3.17,AVE,Turista Plus,90.5,Promo,,{},2019-04-11 22:06:55
4783,renfe,MADRID,BARCELONA,2019-04-21 18:30:00,2019-04-21 21:20:00,2.83,AVE,Preferente,112.55,Promo,,{},2019-04-11 22:06:55
4784,renfe,MADRID,BARCELONA,2019-04-21 16:00:00,2019-04-21 18:30:00,2.5,AVE,Turista,127.1,Flexible,,{},2019-04-11 22:06:55
4785,renfe,MADRID,BARCELONA,2019-04-21 17:30:00,2019-04-21 20:40:00,3.17,AVE,Turista Plus,80.15,Promo,,{},2019-04-11 22:06:55
4786,renfe,MADRID,BARCELONA,2019-04-21 16:30:00,2019-04-21 19:15:00,2.75,AVE,Turista,107.7,Flexible,,{},2019-04-11 22:06:55
4787,renfe,MADRID,BARCELONA,2019-04-21 14:00:00,2019-04-21 16:30:00,2.5,AVE,Turista,127.1,Flexible,,{},2019-04-11 22:06:55
4788,renfe,MADRID,BARCELONA,2019-04-21 17:00:00,2019-04-21 19:30:00,2.5,AVE,Turista,127.1,Flexible,,{},2019-04-11 22:06:55
4789,renfe,MADRID,BARCELONA,2019-04-21 17:30:00,2019-04-21 20:40:00,3.17,AVE,Turista Plus,80.15,Promo,,{},2019-04-11 22:06:55
4790,renfe,MADRID,BARCELONA,2019-04-21 18:00:00,2019-04-21 20:30:00,2.5,AVE,Turista,127.1,Flexible,,{},2019-04-11 22:06:55
4791,renfe,MADRID,BARCELONA,2019-04-21 18:30:00,2019-04-21 21:20:00,2.83,AVE,Preferente,112.55,Promo,,{},2019-04-11 22:06:55
4792,renfe,MADRID,BARCELONA,2019-04-21 19:00:00,2019-04-21 21:30:00,2.5,AVE,Turista,127.1,Flexible,,{},2019-04-11 22:06:55
4793,renfe,MADRID,BARCELONA,2019-04-21 19:30:00,2019-04-21 22:40:00,3.17,AVE,Preferente,181.5,Flexible,,{},2019-04-11 22:06:55
4794,renfe,MADRID,BARCELONA,2019-04-21 20:00:00,2019-04-21 22:30:00,2.5,AVE,Turista,127.1,Flexible,,{},2019-04-11 22:06:55
4795,renfe,MADRID,BARCELONA,2019-04-21 20:30:00,2019-04-21 23:40:00,3.17,AVE,Turista,85.1,Promo,,{},2019-04-11 22:06:55
4796,renfe,MADRID,BARCELONA,2019-04-21 21:25:00,2019-04-21 23:55:00,2.5,AVE,,,,,{},2019-04-11 22:06:55
4797,renfe,MADRID,BARCELONA,2019-04-21 12:30:00,2019-04-21 15:30:00,3.0,AVE,Turista Plus,102.15,Promo,,{},2019-04-11 22:06:55
4798,renfe,MADRID,BARCELONA,2019-04-21 16:30:00,2019-04-21 19:15:00,2.75,AVE,Turista,107.7,Flexible,,{},2019-04-11 22:06:55
4799,renfe,MADRID,BARCELONA,2019-04-21 16:00:00,2019-04-21 18:30:00,2.5,AVE,Turista,127.1,Flexible,,{},2019-04-11 22:06:55
4800,renfe,MADRID,BARCELONA,2019-04-21 18:00:00,2019-04-21 20:30:00,2.5,AVE,Turista,127.1,Flexible,,{},2019-04-11 22:06:55
4801,renfe,MADRID,BARCELONA,2019-04-21 11:30:00,2019-04-21 14:40:00,3.17,AVE,Turista,107.7,Flexible,,{},2019-04-11 22:06:55
4802,renfe,MADRID,BARCELONA,2019-04-21 19:00:00,2019-04-21 21:30:00,2.5,AVE,Turista,127.1,Flexible,,{},2019-04-11 22:06:55
4803,renfe,MADRID,BARCELONA,2019-04-21 08:30:00,2019-04-21 11:15:00,2.75,AVE,Turista,75.4,Promo,,{},2019-04-11 22:06:55
4804,renfe,MADRID,BARCELONA,2019-04-21 15:30:00,2019-04-21 18:40:00,3.17,AVE,Turista Plus,90.5,Promo,,{},2019-04-11 22:06:55
4805,renfe,MADRID,BARCELONA,2019-05-07 07:00:00,2019-05-07 09:30:00,2.5,AVE,Turista Plus,94.55,Promo,,{},2019-04-11 22:07:05
4806,renfe,MADRID,BARCELONA,2019-05-07 06:10:00,2019-05-07 08:40:00,2.5,AVE,Turista Plus,80.15,Promo,,{},2019-04-11 22:07:05
4807,renfe,MADRID,BARCELONA,2019-05-07 09:00:00,2019-05-07 11:45:00,2.75,AVE,Turista,85.1,Promo,,{},2019-04-11 22:07:05
4808,renfe,MADRID,BARCELONA,2019-05-07 06:30:00,2019-05-07 09:20:00,2.83,AVE,Turista,66.75,Promo,,{},2019-04-11 22:07:05
4809,renfe,MADRID,BARCELONA,2019-05-07 14:00:00,2019-05-07 16:30:00,2.5,AVE,Turista,78.8,Promo,,{},2019-04-11 22:07:05
4810,renfe,MADRID,BARCELONA,2019-05-07 07:00:00,2019-05-07 09:30:00,2.5,AVE,Turista Plus,94.55,Promo,,{},2019-04-11 22:07:05
4811,renfe,MADRID,BARCELONA,2019-05-07 08:20:00,2019-05-07 11:05:00,2.75,AVE,Turista,75.4,Promo,,{},2019-04-11 22:07:05
4812,renfe,MADRID,BARCELONA,2019-05-07 07:15:00,2019-05-07 16:37:00,9.37,R. EXPRES,Turista,43.25,Adulto ida,,{},2019-04-11 22:07:05
4813,renfe,MADRID,BARCELONA,2019-05-07 15:00:00,2019-05-07 17:30:00,2.5,AVE,Turista,68.65,Promo,,{},2019-04-11 22:07:05
4814,renfe,MADRID,BARCELONA,2019-05-07 07:20:00,2019-05-07 09:50:00,2.5,AVE,Turista,100.4,Promo,,{},2019-04-11 22:07:05
4815,renfe,MADRID,BARCELONA,2019-05-07 19:00:00,2019-05-07 21:30:00,2.5,AVE,Turista,88.95,Promo,,{},2019-04-11 22:07:05
4816,renfe,MADRID,BARCELONA,2019-05-07 07:30:00,2019-05-07 10:40:00,3.17,AVE,Turista,85.1,Promo,,{},2019-04-11 22:07:05
4817,renfe,MADRID,BARCELONA,2019-05-07 09:30:00,2019-05-07 12:34:00,3.07,AVE,Turista Plus,80.15,Promo,,{},2019-04-11 22:07:05
4818,renfe,MADRID,BARCELONA,2019-05-07 08:00:00,2019-05-07 10:30:00,2.5,AVE,Turista,100.4,Promo,,{},2019-04-11 22:07:05
4819,renfe,MADRID,BARCELONA,2019-05-07 06:10:00,2019-05-07 08:40:00,2.5,AVE,Turista Plus,80.15,Promo,,{},2019-04-11 22:07:05
4820,renfe,MADRID,BARCELONA,2019-05-07 08:20:00,2019-05-07 11:05:00,2.75,AVE,Turista,75.4,Promo,,{},2019-04-11 22:07:05
4821,renfe,MADRID,BARCELONA,2019-05-07 17:00:00,2019-05-07 19:30:00,2.5,AVE,Turista Plus,82.35,Promo,,{},2019-04-11 22:07:05
4822,renfe,MADRID,BARCELONA,2019-05-07 08:30:00,2019-05-07 11:15:00,2.75,AVE,Turista,75.4,Promo,,{},2019-04-11 22:07:05
4823,renfe,MADRID,BARCELONA,2019-05-07 19:30:00,2019-05-07 22:40:00,3.17,AVE,Turista,75.4,Promo,,{},2019-04-11 22:07:05
4824,renfe,MADRID,BARCELONA,2019-05-07 09:00:00,2019-05-07 11:45:00,2.75,AVE,Turista,85.1,Promo,,{},2019-04-11 22:07:05
4825,renfe,MADRID,BARCELONA,2019-05-07 20:30:00,2019-05-07 23:40:00,3.17,AVE,Turista,49.55,Promo,,{},2019-04-11 22:07:05
4826,renfe,MADRID,BARCELONA,2019-05-07 09:30:00,2019-05-07 12:34:00,3.07,AVE,Turista Plus,80.15,Promo,,{},2019-04-11 22:07:05
4827,renfe,MADRID,BARCELONA,2019-05-07 07:30:00,2019-05-07 10:40:00,3.17,AVE,Turista,85.1,Promo,,{},2019-04-11 22:07:05
4828,renfe,MADRID,BARCELONA,2019-05-07 10:30:00,2019-05-07 13:15:00,2.75,AVE,Turista,85.1,Promo,,{},2019-04-11 22:07:05
4829,renfe,MADRID,BARCELONA,2019-05-07 18:00:00,2019-05-07 20:30:00,2.5,AVE,Turista,127.1,Flexible,,{},2019-04-11 22:07:05
4830,renfe,MADRID,BARCELONA,2019-05-07 11:30:00,2019-05-07 14:40:00,3.17,AVE,Turista,75.4,Promo,,{},2019-04-11 22:07:05
4831,renfe,MADRID,BARCELONA,2019-05-07 15:30:00,2019-05-07 18:40:00,3.17,AVE,Turista Plus,80.15,Promo,,{},2019-04-11 22:07:05
4832,renfe,MADRID,BARCELONA,2019-05-07 12:30:00,2019-05-07 15:30:00,3.0,AVE,Turista,40.95,Promo,,{},2019-04-11 22:07:05
4833,renfe,MADRID,BARCELONA,2019-05-07 21:25:00,2019-05-07 23:55:00,2.5,AVE,Turista,58.15,Promo,,{},2019-04-11 22:07:05
4834,renfe,MADRID,BARCELONA,2019-05-07 13:25:00,2019-05-07 16:24:00,2.98,AVE-TGV,Turista,66.75,Promo,,{},2019-04-11 22:07:05
4835,renfe,MADRID,BARCELONA,2019-05-07 18:30:00,2019-05-07 21:20:00,2.83,AVE,Turista Plus,102.15,Promo,,{},2019-04-11 22:07:05
4836,renfe,MADRID,BARCELONA,2019-05-07 14:00:00,2019-05-07 16:30:00,2.5,AVE,Turista,78.8,Promo,,{},2019-04-11 22:07:05
4837,renfe,MADRID,BARCELONA,2019-05-07 20:00:00,2019-05-07 22:30:00,2.5,AVE,Turista,88.95,Promo,,{},2019-04-11 22:07:05
4838,renfe,MADRID,BARCELONA,2019-05-07 14:30:00,2019-05-07 17:21:00,2.85,AVE,Turista,66.75,Promo,,{},2019-04-11 22:07:05
4839,renfe,MADRID,BARCELONA,2019-05-07 08:30:00,2019-05-07 11:15:00,2.75,AVE,Turista,75.4,Promo,,{},2019-04-11 22:07:05
4840,renfe,MADRID,BARCELONA,2019-05-07 15:00:00,2019-05-07 17:30:00,2.5,AVE,Turista,68.65,Promo,,{},2019-04-11 22:07:05
4841,renfe,MADRID,BARCELONA,2019-05-07 12:30:00,2019-05-07 15:30:00,3.0,AVE,Turista,40.95,Promo,,{},2019-04-11 22:07:05
4842,renfe,MADRID,BARCELONA,2019-05-07 15:30:00,2019-05-07 18:40:00,3.17,AVE,Turista Plus,80.15,Promo,,{},2019-04-11 22:07:05
4843,renfe,MADRID,BARCELONA,2019-05-07 11:30:00,2019-05-07 14:40:00,3.17,AVE,Turista,75.4,Promo,,{},2019-04-11 22:07:05
4844,renfe,MADRID,BARCELONA,2019-05-07 16:00:00,2019-05-07 18:30:00,2.5,AVE,Turista,78.8,Promo,,{},2019-04-11 22:07:05
4845,renfe,MADRID,BARCELONA,2019-05-07 14:30:00,2019-05-07 17:21:00,2.85,AVE,Turista,66.75,Promo,,{},2019-04-11 22:07:05
4846,renfe,MADRID,BARCELONA,2019-05-07 16:30:00,2019-05-07 19:15:00,2.75,AVE,Turista Plus,102.15,Promo,,{},2019-04-11 22:07:05
4847,renfe,MADRID,BARCELONA,2019-05-07 07:15:00,2019-05-07 16:37:00,9.37,R. EXPRES,Turista,43.25,Adulto ida,,{},2019-04-11 22:07:05
4848,renfe,MADRID,BARCELONA,2019-05-07 17:00:00,2019-05-07 19:30:00,2.5,AVE,Turista Plus,82.35,Promo,,{},2019-04-11 22:07:05
4849,renfe,MADRID,BARCELONA,2019-05-07 16:30:00,2019-05-07 19:15:00,2.75,AVE,Turista Plus,102.15,Promo,,{},2019-04-11 22:07:05
4850,renfe,MADRID,BARCELONA,2019-05-07 17:30:00,2019-05-07 20:40:00,3.17,AVE,Turista Plus,90.5,Promo,,{},2019-04-11 22:07:05
4851,renfe,MADRID,BARCELONA,2019-05-07 17:30:00,2019-05-07 20:40:00,3.17,AVE,Turista Plus,90.5,Promo,,{},2019-04-11 22:07:05
4852,renfe,MADRID,BARCELONA,2019-05-07 18:00:00,2019-05-07 20:30:00,2.5,AVE,Turista,127.1,Flexible,,{},2019-04-11 22:07:05
4853,renfe,MADRID,BARCELONA,2019-05-07 13:25:00,2019-05-07 16:24:00,2.98,AVE-TGV,Turista,66.75,Promo,,{},2019-04-11 22:07:05
4854,renfe,MADRID,BARCELONA,2019-05-07 18:30:00,2019-05-07 21:20:00,2.83,AVE,Turista Plus,102.15,Promo,,{},2019-04-11 22:07:05
4855,renfe,MADRID,BARCELONA,2019-05-07 19:00:00,2019-05-07 21:30:00,2.5,AVE,Turista,88.95,Promo,,{},2019-04-11 22:07:05
4856,renfe,MADRID,BARCELONA,2019-05-07 19:30:00,2019-05-07 22:40:00,3.17,AVE,Turista,75.4,Promo,,{},2019-04-11 22:07:05
4857,renfe,MADRID,BARCELONA,2019-05-07 20:00:00,2019-05-07 22:30:00,2.5,AVE,Turista,88.95,Promo,,{},2019-04-11 22:07:05
4858,renfe,MADRID,BARCELONA,2019-05-07 20:30:00,2019-05-07 23:40:00,3.17,AVE,Turista,49.55,Promo,,{},2019-04-11 22:07:05
4859,renfe,MADRID,BARCELONA,2019-05-07 21:25:00,2019-05-07 23:55:00,2.5,AVE,Turista,58.15,Promo,,{},2019-04-11 22:07:05
4860,renfe,MADRID,BARCELONA,2019-05-07 08:00:00,2019-05-07 10:30:00,2.5,AVE,Turista,100.4,Promo,,{},2019-04-11 22:07:05
4861,renfe,MADRID,BARCELONA,2019-05-07 07:20:00,2019-05-07 09:50:00,2.5,AVE,Turista,100.4,Promo,,{},2019-04-11 22:07:05
4862,renfe,MADRID,BARCELONA,2019-05-07 10:30:00,2019-05-07 13:15:00,2.75,AVE,Turista,85.1,Promo,,{},2019-04-11 22:07:05
4863,renfe,MADRID,BARCELONA,2019-05-07 06:30:00,2019-05-07 09:20:00,2.83,AVE,Turista,66.75,Promo,,{},2019-04-11 22:07:05
4864,renfe,MADRID,BARCELONA,2019-05-07 16:00:00,2019-05-07 18:30:00,2.5,AVE,Turista,78.8,Promo,,{},2019-04-11 22:07:05
4865,renfe,MADRID,BARCELONA,2019-05-09 20:00:00,2019-05-09 22:30:00,2.5,AVE,Turista,88.95,Promo,,{},2019-04-11 22:07:11
4866,renfe,MADRID,BARCELONA,2019-05-09 05:50:00,2019-05-09 08:55:00,3.08,AVE,Turista,49.55,Promo,,{},2019-04-11 22:07:11
4867,renfe,MADRID,BARCELONA,2019-05-09 19:30:00,2019-05-09 22:40:00,3.17,AVE,Turista,75.4,Promo,,{},2019-04-11 22:07:11
4868,renfe,MADRID,BARCELONA,2019-05-09 06:10:00,2019-05-09 08:40:00,2.5,AVE,Preferente,68.95,Promo,,{},2019-04-11 22:07:11
4869,renfe,MADRID,BARCELONA,2019-05-09 20:30:00,2019-05-09 23:40:00,3.17,AVE,Turista Plus,69.8,Promo,,{},2019-04-11 22:07:11
4870,renfe,MADRID,BARCELONA,2019-05-09 06:30:00,2019-05-09 09:20:00,2.83,AVE,Turista,49.55,Promo,,{},2019-04-11 22:07:11
4871,renfe,MADRID,BARCELONA,2019-05-09 12:30:00,2019-05-09 15:30:00,3.0,AVE,Turista,58.15,Promo,,{},2019-04-11 22:07:11
4872,renfe,MADRID,BARCELONA,2019-05-09 07:00:00,2019-05-09 09:30:00,2.5,AVE,Preferente,81.4,Promo,,{},2019-04-11 22:07:11
4873,renfe,MADRID,BARCELONA,2019-05-09 14:00:00,2019-05-09 16:30:00,2.5,AVE,Turista,78.8,Promo,,{},2019-04-11 22:07:11
4874,renfe,MADRID,BARCELONA,2019-05-09 07:15:00,2019-05-09 16:37:00,9.37,R. EXPRES,Turista,43.25,Adulto ida,,{},2019-04-11 22:07:11
4875,renfe,MADRID,BARCELONA,2019-05-09 18:00:00,2019-05-09 20:30:00,2.5,AVE,Turista,127.1,Flexible,,{},2019-04-11 22:07:11
4876,renfe,MADRID,BARCELONA,2019-05-09 07:20:00,2019-05-09 09:50:00,2.5,AVE,Turista,88.95,Promo,,{},2019-04-11 22:07:11
4877,renfe,MADRID,BARCELONA,2019-05-09 17:00:00,2019-05-09 19:30:00,2.5,AVE,Turista Plus,94.55,Promo,,{},2019-04-11 22:07:11
4878,renfe,MADRID,BARCELONA,2019-05-09 07:30:00,2019-05-09 10:40:00,3.17,AVE,Turista,85.1,Promo,,{},2019-04-11 22:07:11
4879,renfe,MADRID,BARCELONA,2019-05-09 18:30:00,2019-05-09 21:20:00,2.83,AVE,Turista Plus,90.5,Promo,,{},2019-04-11 22:07:11
4880,renfe,MADRID,BARCELONA,2019-05-09 08:00:00,2019-05-09 10:30:00,2.5,AVE,Turista,78.8,Promo,,{},2019-04-11 22:07:11
4881,renfe,MADRID,BARCELONA,2019-05-09 13:25:00,2019-05-09 16:24:00,2.98,AVE-TGV,Turista,58.15,Promo,,{},2019-04-11 22:07:11
4882,renfe,MADRID,BARCELONA,2019-05-09 08:20:00,2019-05-09 11:05:00,2.75,AVE,Turista,75.4,Promo,,{},2019-04-11 22:07:11
4883,renfe,MADRID,BARCELONA,2019-05-09 19:00:00,2019-05-09 21:30:00,2.5,AVE,Turista Plus,106.75,Promo,,{},2019-04-11 22:07:11
4884,renfe,MADRID,BARCELONA,2019-05-09 08:30:00,2019-05-09 11:15:00,2.75,AVE,Turista,85.1,Promo,,{},2019-04-11 22:07:11
4885,renfe,MADRID,BARCELONA,2019-05-09 07:15:00,2019-05-09 16:37:00,9.37,R. EXPRES,Turista,43.25,Adulto ida,,{},2019-04-11 22:07:11
4886,renfe,MADRID,BARCELONA,2019-05-09 09:30:00,2019-05-09 12:34:00,3.07,AVE,Turista,85.1,Promo,,{},2019-04-11 22:07:11
4887,renfe,MADRID,BARCELONA,2019-05-09 15:30:00,2019-05-09 18:40:00,3.17,AVE,Turista Plus,80.15,Promo,,{},2019-04-11 22:07:11
4888,renfe,MADRID,BARCELONA,2019-05-09 10:30:00,2019-05-09 13:15:00,2.75,AVE,Turista,75.4,Promo,,{},2019-04-11 22:07:11
4889,renfe,MADRID,BARCELONA,2019-05-09 07:20:00,2019-05-09 09:50:00,2.5,AVE,Turista,88.95,Promo,,{},2019-04-11 22:07:11
4890,renfe,MADRID,BARCELONA,2019-05-09 11:30:00,2019-05-09 14:40:00,3.17,AVE,Turista Plus,69.8,Promo,,{},2019-04-11 22:07:11
4891,renfe,MADRID,BARCELONA,2019-05-09 10:30:00,2019-05-09 13:15:00,2.75,AVE,Turista,75.4,Promo,,{},2019-04-11 22:07:11
4892,renfe,MADRID,BARCELONA,2019-05-09 12:30:00,2019-05-09 15:30:00,3.0,AVE,Turista,58.15,Promo,,{},2019-04-11 22:07:11
4893,renfe,MADRID,BARCELONA,2019-05-09 11:30:00,2019-05-09 14:40:00,3.17,AVE,Turista Plus,69.8,Promo,,{},2019-04-11 22:07:11
4894,renfe,MADRID,BARCELONA,2019-05-09 13:25:00,2019-05-09 16:24:00,2.98,AVE-TGV,Turista,58.15,Promo,,{},2019-04-11 22:07:11
4895,renfe,MADRID,BARCELONA,2019-05-09 08:30:00,2019-05-09 11:15:00,2.75,AVE,Turista,85.1,Promo,,{},2019-04-11 22:07:11
4896,renfe,MADRID,BARCELONA,2019-05-09 14:00:00,2019-05-09 16:30:00,2.5,AVE,Turista,78.8,Promo,,{},2019-04-11 22:07:11
4897,renfe,MADRID,BARCELONA,2019-05-09 08:00:00,2019-05-09 10:30:00,2.5,AVE,Turista,78.8,Promo,,{},2019-04-11 22:07:11
4898,renfe,MADRID,BARCELONA,2019-05-09 14:30:00,2019-05-09 17:21:00,2.85,AVE,Turista,75.4,Promo,,{},2019-04-11 22:07:11
4899,renfe,MADRID,BARCELONA,2019-05-09 07:00:00,2019-05-09 09:30:00,2.5,AVE,Preferente,81.4,Promo,,{},2019-04-11 22:07:11
4900,renfe,MADRID,BARCELONA,2019-05-09 15:00:00,2019-05-09 17:30:00,2.5,AVE,Turista,78.8,Promo,,{},2019-04-11 22:07:11
4901,renfe,MADRID,BARCELONA,2019-05-09 06:10:00,2019-05-09 08:40:00,2.5,AVE,Preferente,68.95,Promo,,{},2019-04-11 22:07:11
4902,renfe,MADRID,BARCELONA,2019-05-09 15:30:00,2019-05-09 18:40:00,3.17,AVE,Turista Plus,80.15,Promo,,{},2019-04-11 22:07:11
4903,renfe,MADRID,BARCELONA,2019-05-09 21:25:00,2019-05-09 23:55:00,2.5,AVE,Turista,66.75,Promo,,{},2019-04-11 22:07:11
4904,renfe,MADRID,BARCELONA,2019-05-09 16:00:00,2019-05-09 18:30:00,2.5,AVE,Turista,88.95,Promo,,{},2019-04-11 22:07:11
4905,renfe,MADRID,BARCELONA,2019-05-09 16:00:00,2019-05-09 18:30:00,2.5,AVE,Turista,88.95,Promo,,{},2019-04-11 22:07:11
4906,renfe,MADRID,BARCELONA,2019-05-09 16:30:00,2019-05-09 19:15:00,2.75,AVE,Turista Plus,102.15,Promo,,{},2019-04-11 22:07:11
4907,renfe,MADRID,BARCELONA,2019-05-09 16:30:00,2019-05-09 19:15:00,2.75,AVE,Turista Plus,102.15,Promo,,{},2019-04-11 22:07:11
4908,renfe,MADRID,BARCELONA,2019-05-09 17:00:00,2019-05-09 19:30:00,2.5,AVE,Turista Plus,94.55,Promo,,{},2019-04-11 22:07:11
4909,renfe,MADRID,BARCELONA,2019-05-09 14:30:00,2019-05-09 17:21:00,2.85,AVE,Turista,75.4,Promo,,{},2019-04-11 22:07:11
4910,renfe,MADRID,BARCELONA,2019-05-09 17:30:00,2019-05-09 20:40:00,3.17,AVE,Turista Plus,102.15,Promo,,{},2019-04-11 22:07:11
4911,renfe,MADRID,BARCELONA,2019-05-09 06:30:00,2019-05-09 09:20:00,2.83,AVE,Turista,49.55,Promo,,{},2019-04-11 22:07:11
4912,renfe,MADRID,BARCELONA,2019-05-09 18:00:00,2019-05-09 20:30:00,2.5,AVE,Turista,127.1,Flexible,,{},2019-04-11 22:07:11
4913,renfe,MADRID,BARCELONA,2019-05-09 15:00:00,2019-05-09 17:30:00,2.5,AVE,Turista,78.8,Promo,,{},2019-04-11 22:07:11
4914,renfe,MADRID,BARCELONA,2019-05-09 18:30:00,2019-05-09 21:20:00,2.83,AVE,Turista Plus,90.5,Promo,,{},2019-04-11 22:07:11
4915,renfe,MADRID,BARCELONA,2019-05-09 08:20:00,2019-05-09 11:05:00,2.75,AVE,Turista,75.4,Promo,,{},2019-04-11 22:07:11
4916,renfe,MADRID,BARCELONA,2019-05-09 19:00:00,2019-05-09 21:30:00,2.5,AVE,Turista Plus,106.75,Promo,,{},2019-04-11 22:07:11
4917,renfe,MADRID,BARCELONA,2019-05-09 19:30:00,2019-05-09 22:40:00,3.17,AVE,Turista,75.4,Promo,,{},2019-04-11 22:07:11
4918,renfe,MADRID,BARCELONA,2019-05-09 20:00:00,2019-05-09 22:30:00,2.5,AVE,Turista,88.95,Promo,,{},2019-04-11 22:07:11
4919,renfe,MADRID,BARCELONA,2019-05-09 20:30:00,2019-05-09 23:40:00,3.17,AVE,Turista Plus,69.8,Promo,,{},2019-04-11 22:07:11
4920,renfe,MADRID,BARCELONA,2019-05-09 21:25:00,2019-05-09 23:55:00,2.5,AVE,Turista,66.75,Promo,,{},2019-04-11 22:07:11
4921,renfe,MADRID,BARCELONA,2019-05-09 09:30:00,2019-05-09 12:34:00,3.07,AVE,Turista,85.1,Promo,,{},2019-04-11 22:07:11
4922,renfe,MADRID,BARCELONA,2019-05-09 07:30:00,2019-05-09 10:40:00,3.17,AVE,Turista,85.1,Promo,,{},2019-04-11 22:07:11
4923,renfe,MADRID,BARCELONA,2019-05-09 17:30:00,2019-05-09 20:40:00,3.17,AVE,Turista Plus,102.15,Promo,,{},2019-04-11 22:07:11
4924,renfe,MADRID,BARCELONA,2019-05-09 05:50:00,2019-05-09 08:55:00,3.08,AVE,Turista,49.55,Promo,,{},2019-04-11 22:07:11
4925,renfe,MADRID,BARCELONA,2019-05-10 21:25:00,2019-05-10 23:55:00,2.5,AVE,Turista,75.4,Promo,,{},2019-04-11 22:07:21
4926,renfe,MADRID,BARCELONA,2019-05-10 05:50:00,2019-05-10 08:55:00,3.08,AVE,Turista,58.15,Promo,,{},2019-04-11 22:07:21
4927,renfe,MADRID,BARCELONA,2019-05-10 06:30:00,2019-05-10 09:20:00,2.83,AVE,Turista,49.55,Promo,,{},2019-04-11 22:07:21
4928,renfe,MADRID,BARCELONA,2019-05-10 06:30:00,2019-05-10 09:20:00,2.83,AVE,Turista,49.55,Promo,,{},2019-04-11 22:07:21
4929,renfe,MADRID,BARCELONA,2019-05-10 19:00:00,2019-05-10 21:30:00,2.5,AVE,Turista,100.4,Promo,,{},2019-04-11 22:07:21
4930,renfe,MADRID,BARCELONA,2019-05-10 07:00:00,2019-05-10 09:30:00,2.5,AVE,Turista,78.8,Promo,,{},2019-04-11 22:07:21
4931,renfe,MADRID,BARCELONA,2019-05-10 15:00:00,2019-05-10 17:30:00,2.5,AVE,Turista Plus,106.75,Promo,,{},2019-04-11 22:07:21
4932,renfe,MADRID,BARCELONA,2019-05-10 07:15:00,2019-05-10 16:37:00,9.37,R. EXPRES,Turista,43.25,Adulto ida,,{},2019-04-11 22:07:21
4933,renfe,MADRID,BARCELONA,2019-05-10 08:00:00,2019-05-10 10:30:00,2.5,AVE,Turista,78.8,Promo,,{},2019-04-11 22:07:21
4934,renfe,MADRID,BARCELONA,2019-05-10 07:30:00,2019-05-10 10:40:00,3.17,AVE,Turista,75.4,Promo,,{},2019-04-11 22:07:21
4935,renfe,MADRID,BARCELONA,2019-05-10 12:30:00,2019-05-10 15:30:00,3.0,AVE,Turista,107.7,Flexible,,{},2019-04-11 22:07:21
4936,renfe,MADRID,BARCELONA,2019-05-10 08:00:00,2019-05-10 10:30:00,2.5,AVE,Turista,78.8,Promo,,{},2019-04-11 22:07:21
4937,renfe,MADRID,BARCELONA,2019-05-10 08:30:00,2019-05-10 11:15:00,2.75,AVE,Turista,85.1,Promo,,{},2019-04-11 22:07:21
4938,renfe,MADRID,BARCELONA,2019-05-10 08:30:00,2019-05-10 11:15:00,2.75,AVE,Turista,85.1,Promo,,{},2019-04-11 22:07:21
4939,renfe,MADRID,BARCELONA,2019-05-10 16:30:00,2019-05-10 19:15:00,2.75,AVE,Turista,107.7,Flexible,,{},2019-04-11 22:07:21
4940,renfe,MADRID,BARCELONA,2019-05-10 09:30:00,2019-05-10 12:34:00,3.07,AVE,Turista,66.75,Promo,,{},2019-04-11 22:07:21
4941,renfe,MADRID,BARCELONA,2019-05-10 17:30:00,2019-05-10 20:40:00,3.17,AVE,Turista Plus,102.15,Promo,,{},2019-04-11 22:07:21
4942,renfe,MADRID,BARCELONA,2019-05-10 10:30:00,2019-05-10 13:15:00,2.75,AVE,Turista Plus,90.5,Promo,,{},2019-04-11 22:07:21
4943,renfe,MADRID,BARCELONA,2019-05-10 11:30:00,2019-05-10 14:40:00,3.17,AVE,Turista,85.1,Promo,,{},2019-04-11 22:07:21
4944,renfe,MADRID,BARCELONA,2019-05-10 11:30:00,2019-05-10 14:40:00,3.17,AVE,Turista,85.1,Promo,,{},2019-04-11 22:07:21
4945,renfe,MADRID,BARCELONA,2019-05-10 13:25:00,2019-05-10 16:24:00,2.98,AVE-TGV,Turista,85.1,Promo,,{},2019-04-11 22:07:21
4946,renfe,MADRID,BARCELONA,2019-05-10 12:30:00,2019-05-10 15:30:00,3.0,AVE,Turista,107.7,Flexible,,{},2019-04-11 22:07:21
4947,renfe,MADRID,BARCELONA,2019-05-10 19:30:00,2019-05-10 22:40:00,3.17,AVE,Turista,75.4,Promo,,{},2019-04-11 22:07:21
4948,renfe,MADRID,BARCELONA,2019-05-10 13:25:00,2019-05-10 16:24:00,2.98,AVE-TGV,Turista,85.1,Promo,,{},2019-04-11 22:07:21
4949,renfe,MADRID,BARCELONA,2019-05-10 15:30:00,2019-05-10 18:40:00,3.17,AVE,Turista,107.7,Flexible,,{},2019-04-11 22:07:21
4950,renfe,MADRID,BARCELONA,2019-05-10 14:00:00,2019-05-10 16:30:00,2.5,AVE,Turista Plus,94.55,Promo,,{},2019-04-11 22:07:21
4951,renfe,MADRID,BARCELONA,2019-05-10 14:30:00,2019-05-10 17:21:00,2.85,AVE,Turista,107.7,Flexible,,{},2019-04-11 22:07:21
4952,renfe,MADRID,BARCELONA,2019-05-10 14:30:00,2019-05-10 17:21:00,2.85,AVE,Turista,107.7,Flexible,,{},2019-04-11 22:07:21
4953,renfe,MADRID,BARCELONA,2019-05-10 07:00:00,2019-05-10 09:30:00,2.5,AVE,Turista,78.8,Promo,,{},2019-04-11 22:07:21
4954,renfe,MADRID,BARCELONA,2019-05-10 15:00:00,2019-05-10 17:30:00,2.5,AVE,Turista Plus,106.75,Promo,,{},2019-04-11 22:07:21
4955,renfe,MADRID,BARCELONA,2019-05-10 20:00:00,2019-05-10 22:30:00,2.5,AVE,Turista,88.95,Promo,,{},2019-04-11 22:07:21
4956,renfe,MADRID,BARCELONA,2019-05-10 15:30:00,2019-05-10 18:40:00,3.17,AVE,Turista,107.7,Flexible,,{},2019-04-11 22:07:21
4957,renfe,MADRID,BARCELONA,2019-05-10 16:00:00,2019-05-10 18:30:00,2.5,AVE,Turista Plus,106.75,Promo,,{},2019-04-11 22:07:21
4958,renfe,MADRID,BARCELONA,2019-05-10 16:30:00,2019-05-10 19:15:00,2.75,AVE,Turista,107.7,Flexible,,{},2019-04-11 22:07:21
4959,renfe,MADRID,BARCELONA,2019-05-10 17:00:00,2019-05-10 19:30:00,2.5,AVE,Turista,127.1,Flexible,,{},2019-04-11 22:07:21
4960,renfe,MADRID,BARCELONA,2019-05-10 17:30:00,2019-05-10 20:40:00,3.17,AVE,Turista Plus,102.15,Promo,,{},2019-04-11 22:07:21
4961,renfe,MADRID,BARCELONA,2019-05-10 18:00:00,2019-05-10 20:30:00,2.5,AVE,Turista Plus,106.75,Promo,,{},2019-04-11 22:07:21
4962,renfe,MADRID,BARCELONA,2019-05-10 18:30:00,2019-05-10 21:20:00,2.83,AVE,Preferente,,Promo,,{},2019-04-11 22:07:21
4963,renfe,MADRID,BARCELONA,2019-05-10 19:00:00,2019-05-10 21:30:00,2.5,AVE,Turista,100.4,Promo,,{},2019-04-11 22:07:21
4964,renfe,MADRID,BARCELONA,2019-05-10 19:30:00,2019-05-10 22:40:00,3.17,AVE,Turista,75.4,Promo,,{},2019-04-11 22:07:21
4965,renfe,MADRID,BARCELONA,2019-05-10 20:00:00,2019-05-10 22:30:00,2.5,AVE,Turista,88.95,Promo,,{},2019-04-11 22:07:21
4966,renfe,MADRID,BARCELONA,2019-05-10 20:30:00,2019-05-10 23:40:00,3.17,AVE,Turista Plus,69.8,Promo,,{},2019-04-11 22:07:21
4967,renfe,MADRID,BARCELONA,2019-05-10 21:25:00,2019-05-10 23:55:00,2.5,AVE,Turista,75.4,Promo,,{},2019-04-11 22:07:21
4968,renfe,MADRID,BARCELONA,2019-05-10 20:30:00,2019-05-10 23:40:00,3.17,AVE,Turista Plus,69.8,Promo,,{},2019-04-11 22:07:21
4969,renfe,MADRID,BARCELONA,2019-05-10 16:00:00,2019-05-10 18:30:00,2.5,AVE,Turista Plus,106.75,Promo,,{},2019-04-11 22:07:21
4970,renfe,MADRID,BARCELONA,2019-05-10 18:30:00,2019-05-10 21:20:00,2.83,AVE,Preferente,,Promo,,{},2019-04-11 22:07:21
4971,renfe,MADRID,BARCELONA,2019-05-10 05:50:00,2019-05-10 08:55:00,3.08,AVE,Turista,58.15,Promo,,{},2019-04-11 22:07:21
4972,renfe,MADRID,BARCELONA,2019-05-10 07:30:00,2019-05-10 10:40:00,3.17,AVE,Turista,75.4,Promo,,{},2019-04-11 22:07:21
4973,renfe,MADRID,BARCELONA,2019-05-10 07:15:00,2019-05-10 16:37:00,9.37,R. EXPRES,Turista,43.25,Adulto ida,,{},2019-04-11 22:07:21
4974,renfe,MADRID,BARCELONA,2019-05-10 18:00:00,2019-05-10 20:30:00,2.5,AVE,Turista Plus,106.75,Promo,,{},2019-04-11 22:07:21
4975,renfe,MADRID,BARCELONA,2019-05-10 14:00:00,2019-05-10 16:30:00,2.5,AVE,Turista Plus,94.55,Promo,,{},2019-04-11 22:07:21
4976,renfe,MADRID,BARCELONA,2019-05-10 10:30:00,2019-05-10 13:15:00,2.75,AVE,Turista Plus,90.5,Promo,,{},2019-04-11 22:07:21
4977,renfe,MADRID,BARCELONA,2019-05-10 09:30:00,2019-05-10 12:34:00,3.07,AVE,Turista,66.75,Promo,,{},2019-04-11 22:07:21
4978,renfe,MADRID,BARCELONA,2019-05-10 17:00:00,2019-05-10 19:30:00,2.5,AVE,Turista,127.1,Flexible,,{},2019-04-11 22:07:21
4979,renfe,MADRID,BARCELONA,2019-04-12 17:00:00,2019-04-12 19:30:00,2.5,AVE,Preferente,169.2,Promo,,{},2019-04-11 22:07:27
4980,renfe,MADRID,BARCELONA,2019-04-12 05:50:00,2019-04-12 08:55:00,3.08,AVE,Turista,85.1,Promo,,{},2019-04-11 22:07:27
4981,renfe,MADRID,BARCELONA,2019-04-12 14:30:00,2019-04-12 17:21:00,2.85,AVE,Turista,107.7,Flexible,,{},2019-04-11 22:07:27
4982,renfe,MADRID,BARCELONA,2019-04-12 06:30:00,2019-04-12 09:20:00,2.83,AVE,Preferente,,Promo,,{},2019-04-11 22:07:27
4983,renfe,MADRID,BARCELONA,2019-04-12 18:00:00,2019-04-12 20:30:00,2.5,AVE,Turista,127.1,Flexible,,{},2019-04-11 22:07:27
4984,renfe,MADRID,BARCELONA,2019-04-12 07:00:00,2019-04-12 09:30:00,2.5,AVE,Preferente,132.8,Promo,,{},2019-04-11 22:07:27
4985,renfe,MADRID,BARCELONA,2019-04-12 16:00:00,2019-04-12 18:30:00,2.5,AVE,Preferente,132.8,Promo,,{},2019-04-11 22:07:27
4986,renfe,MADRID,BARCELONA,2019-04-12 07:15:00,2019-04-12 16:37:00,9.37,R. EXPRES,Turista,43.25,Adulto ida,,{},2019-04-11 22:07:27
4987,renfe,MADRID,BARCELONA,2019-04-12 07:15:00,2019-04-12 16:37:00,9.37,R. EXPRES,Turista,43.25,Adulto ida,,{},2019-04-11 22:07:27
4988,renfe,MADRID,BARCELONA,2019-04-12 07:30:00,2019-04-12 10:40:00,3.17,AVE,Turista,107.7,Flexible,,{},2019-04-11 22:07:27
4989,renfe,MADRID,BARCELONA,2019-04-12 15:00:00,2019-04-12 17:30:00,2.5,AVE,Preferente,214.2,Flexible,,{},2019-04-11 22:07:27
4990,renfe,MADRID,BARCELONA,2019-04-12 08:00:00,2019-04-12 10:30:00,2.5,AVE,Preferente,169.2,Promo,,{},2019-04-11 22:07:27
4991,renfe,MADRID,BARCELONA,2019-04-12 20:00:00,2019-04-12 22:30:00,2.5,AVE,Turista,127.1,Flexible,,{},2019-04-11 22:07:27
4992,renfe,MADRID,BARCELONA,2019-04-12 08:30:00,2019-04-12 11:15:00,2.75,AVE,Turista,85.1,Promo,,{},2019-04-11 22:07:27
4993,renfe,MADRID,BARCELONA,2019-04-12 12:30:00,2019-04-12 15:30:00,3.0,AVE,Turista,,Flexible,,{},2019-04-11 22:07:27
4994,renfe,MADRID,BARCELONA,2019-04-12 09:30:00,2019-04-12 12:34:00,3.07,AVE,Turista,,Flexible,,{},2019-04-11 22:07:27
4995,renfe,MADRID,BARCELONA,2019-04-12 13:25:00,2019-04-12 16:24:00,2.98,AVE-TGV,Turista,107.7,Flexible,,{},2019-04-11 22:07:27
4996,renfe,MADRID,BARCELONA,2019-04-12 10:30:00,2019-04-12 13:15:00,2.75,AVE,Turista,107.7,Flexible,,{},2019-04-11 22:07:27
4997,renfe,MADRID,BARCELONA,2019-04-12 16:30:00,2019-04-12 19:15:00,2.75,AVE,Turista,107.7,Flexible,,{},2019-04-11 22:07:27
4998,renfe,MADRID,BARCELONA,2019-04-12 11:30:00,2019-04-12 14:40:00,3.17,AVE,Turista,107.7,Flexible,,{},2019-04-11 22:07:27
4999,renfe,MADRID,BARCELONA,2019-04-12 17:30:00,2019-04-12 20:40:00,3.17,AVE,Turista,,Flexible,,{},2019-04-11 22:07:27
5000,renfe,MADRID,BARCELONA,2019-04-12 12:30:00,2019-04-12 15:30:00,3.0,AVE,Turista,,Flexible,,{},2019-04-11 22:07:27
