{
  "mae": 7.826894379999988,
  "rmse": 10.792133166727625,
  "mape": 10.820977028526906,
  "r2": 0.7726500836715218
}