{
  "mae": 7.194932756357079,
  "rmse": 10.215403073182348,
  "mape": 9.803411559037487,
  "r2": 0.7997932261992936
}